step,token_position,label,instant,cumulative,ema,window
0,0,token_0,0.00020954629747375544,0.00020954629747375544,0.00020954629747375544,0.00020954629747375544
0,1,token_1,0.0005654516299353063,0.0005654516299353063,0.0005654516299353063,0.0005654516299353063
0,2,token_2,0.00011333449599812008,0.00011333449599812008,0.00011333449599812008,0.00011333449599812008
0,3,token_3,0.00037226333034373453,0.00037226333034373453,0.00037226333034373453,0.00037226333034373453
0,4,token_4,0.00017538577729410253,0.00017538577729410253,0.00017538577729410253,0.00017538577729410253
0,5,token_5,0.9623759512802565,0.9623759512802565,0.9623759512802565,0.9623759512802565
0,6,token_6,0.0003974491775889041,0.0003974491775889041,0.0003974491775889041,0.0003974491775889041
0,7,token_7,0.0002610637202094268,0.0002610637202094268,0.0002610637202094268,0.0002610637202094268
0,8,token_8,0.00014927697409959173,0.00014927697409959173,0.00014927697409959173,0.00014927697409959173
0,9,token_9,0.0016009673534955085,0.0016009673534955085,0.0016009673534955085,0.0016009673534955085
0,10,token_10,0.00013810198522544112,0.00013810198522544112,0.00013810198522544112,0.00013810198522544112
0,11,token_11,0.00045317937269741054,0.00045317937269741054,0.00045317937269741054,0.00045317937269741054
0,12,token_12,0.0008399819644302584,0.0008399819644302584,0.0008399819644302584,0.0008399819644302584
0,13,token_13,8.535858167224346e-05,8.535858167224346e-05,8.535858167224346e-05,8.535858167224346e-05
0,14,token_14,0.0008724501814359628,0.0008724501814359628,0.0008724501814359628,0.0008724501814359628
0,15,token_15,0.00025053347349140233,0.00025053347349140233,0.00025053347349140233,0.00025053347349140233
0,16,token_16,0.0007559515190446019,0.0007559515190446019,0.0007559515190446019,0.0007559515190446019
0,17,token_17,0.0004847090624056764,0.0004847090624056764,0.0004847090624056764,0.0004847090624056764
0,18,token_18,0.0001732732540794081,0.0001732732540794081,0.0001732732540794081,0.0001732732540794081
0,19,token_19,0.00016882436643980014,0.00016882436643980014,0.00016882436643980014,0.00016882436643980014
0,20,token_20,0.00010461183186143063,0.00010461183186143063,0.00010461183186143063,0.00010461183186143063
0,21,token_21,8.250996537227862e-05,8.250996537227862e-05,8.250996537227862e-05,8.250996537227862e-05
0,22,token_22,6.400568508093376e-05,6.400568508093376e-05,6.400568508093376e-05,6.400568508093376e-05
0,23,token_23,0.0007262610537068864,0.0007262610537068864,0.0007262610537068864,0.0007262610537068864
0,24,token_24,0.0006786311005360109,0.0006786311005360109,0.0006786311005360109,0.0006786311005360109
0,25,token_25,0.0014485358079298837,0.0014485358079298837,0.0014485358079298837,0.0014485358079298837
0,26,token_26,0.004076009044216022,0.004076009044216022,0.004076009044216022,0.004076009044216022
0,27,token_27,0.0010188102135377675,0.0010188102135377675,0.0010188102135377675,0.0010188102135377675
0,28,token_28,0.001984156561109244,0.001984156561109244,0.001984156561109244,0.001984156561109244
0,29,token_29,0.0007092524942411194,0.0007092524942411194,0.0007092524942411194,0.0007092524942411194
0,30,token_30,0.0006948685275752834,0.0006948685275752834,0.0006948685275752834,0.0006948685275752834
0,31,token_31,0.00018666418864029383,0.00018666418864029383,0.00018666418864029383,0.00018666418864029383
0,32,token_32,6.986291007166102e-05,6.986291007166102e-05,6.986291007166102e-05,6.986291007166102e-05
0,33,token_33,0.00037021656652435454,0.00037021656652435454,0.00037021656652435454,0.00037021656652435454
0,34,token_34,0.0006713513056859696,0.0006713513056859696,0.0006713513056859696,0.0006713513056859696
0,35,token_35,0.0005391072264536233,0.0005391072264536233,0.0005391072264536233,0.0005391072264536233
0,36,token_36,9.454787081548671e-05,9.454787081548671e-05,9.454787081548671e-05,9.454787081548671e-05
0,37,token_37,3.471249653620954e-05,3.471249653620954e-05,3.471249653620954e-05,3.471249653620954e-05
0,38,token_38,0.0004474109942430852,0.0004474109942430852,0.0004474109942430852,0.0004474109942430852
0,39,token_39,0.00034009133224330144,0.00034009133224330144,0.00034009133224330144,0.00034009133224330144
0,40,token_40,0.00017846180273021497,0.00017846180273021497,0.00017846180273021497,0.00017846180273021497
0,41,token_41,0.00101233437753276,0.00101233437753276,0.00101233437753276,0.00101233437753276
0,42,token_42,0.0004883777736767835,0.0004883777736767835,0.0004883777736767835,0.0004883777736767835
0,43,token_43,0.0006664238543435206,0.0006664238543435206,0.0006664238543435206,0.0006664238543435206
0,44,token_44,0.0003680001012410967,0.0003680001012410967,0.0003680001012410967,0.0003680001012410967
0,45,token_45,0.0005886062416169784,0.0005886062416169784,0.0005886062416169784,0.0005886062416169784
0,46,token_46,0.0005531580990790088,0.0005531580990790088,0.0005531580990790088,0.0005531580990790088
0,47,token_47,6.442564500512442e-05,6.442564500512442e-05,6.442564500512442e-05,6.442564500512442e-05
0,48,token_48,0.0003483172722810747,0.0003483172722810747,0.0003483172722810747,0.0003483172722810747
0,49,token_49,0.0006441671301096651,0.0006441671301096651,0.0006441671301096651,0.0006441671301096651
0,50,token_50,0.000990902842700495,0.000990902842700495,0.000990902842700495,0.000990902842700495
0,51,token_51,0.00015407629459600293,0.00015407629459600293,0.00015407629459600293,0.00015407629459600293
0,52,token_52,0.0003108455893731464,0.0003108455893731464,0.0003108455893731464,0.0003108455893731464
0,53,token_53,0.0001809760003426461,0.0001809760003426461,0.0001809760003426461,0.0001809760003426461
0,54,token_54,0.0017265403331668207,0.0017265403331668207,0.0017265403331668207,0.0017265403331668207
0,55,token_55,0.0009407698024863356,0.0009407698024863356,0.0009407698024863356,0.0009407698024863356
0,56,token_56,0.001169249263888074,0.001169249263888074,0.001169249263888074,0.001169249263888074
0,57,token_57,0.0003845230365475009,0.0003845230365475009,0.0003845230365475009,0.0003845230365475009
0,58,token_58,0.0005770465635027968,0.0005770465635027968,0.0005770465635027968,0.0005770465635027968
0,59,token_59,0.0008014588771606218,0.0008014588771606218,0.0008014588771606218,0.0008014588771606218
0,60,token_60,0.0002272506611298824,0.0002272506611298824,0.0002272506611298824,0.0002272506611298824
0,61,token_61,0.00102551832731802,0.00102551832731802,0.00102551832731802,0.00102551832731802
0,62,token_62,0.00037281345546339687,0.00037281345546339687,0.00037281345546339687,0.00037281345546339687
0,63,token_63,0.0013917102926580818,0.0013917102926580818,0.0013917102926580818,0.0013917102926580818
0,64,token_64,4.9375388051829575e-05,4.9375388051829575e-05,4.9375388051829575e-05,4.9375388051829575e-05
1,0,token_0,0.00026785982419831513,0.0004774061216720706,0.0002212090028186674,0.0002387030608360353
1,1,token_1,0.00052546980939981,0.0010909214393351164,0.0005574552658282071,0.0005454607196675582
1,2,token_2,0.00015009279057559636,0.00026342728657371647,0.00012068615491361535,0.00013171364328685823
1,3,token_3,0.0003812516417968419,0.0007535149721405764,0.000374060992634356,0.0003767574860702882
1,4,token_4,0.0002473343828223996,0.0004227201601165021,0.00018977549839976196,0.00021136008005825105
1,5,token_5,0.9621485484680099,1.9245244997482664,0.9623304707178072,0.9622622498741332
1,6,token_6,0.0004208824315376944,0.0008183316091265985,0.0004021358283786622,0.00040916580456329925
1,7,token_7,0.00022585379177518722,0.000486917511984614,0.0002540217345225789,0.000243458755992307
1,8,token_8,0.00013898478854377263,0.00028826176264336436,0.0001472185369884279,0.00014413088132168218
1,9,token_9,0.001316800155310232,0.0029177675088057405,0.0015441339138584534,0.0014588837544028703
1,10,token_10,0.0001511920322483845,0.0002892940174738256,0.0001407199946300298,0.0001446470087369128
1,11,token_11,0.0003629567853000638,0.0008161361579974743,0.00043513485521794117,0.00040806807899873717
1,12,token_12,0.0008020799238456172,0.0016420618882758756,0.0008324015563133302,0.0008210309441379378
1,13,token_13,9.998055568326012e-05,0.00018533913735550357,8.828297647444679e-05,9.266956867775178e-05
1,14,token_14,0.0007993135611873892,0.0016717637426233519,0.0008578228573862481,0.0008358818713116759
1,15,token_15,0.00024281431855885694,0.0004933477920502592,0.0002489896425048933,0.0002466738960251296
1,16,token_16,0.0009590895498932184,0.0017150410689378203,0.0007965791252143253,0.0008575205344689102
1,17,token_17,0.0005420892680109593,0.0010267983304166357,0.000496185103526733,0.0005133991652083178
1,18,token_18,0.00019481283476875427,0.0003680860888481624,0.00017758117021727735,0.0001840430444240812
1,19,token_19,0.00017495843227934225,0.0003437827987191424,0.00017005117960770856,0.0001718913993595712
1,20,token_20,0.00011021957264552233,0.00021483140450695296,0.00010573338001824898,0.00010741570225347648
1,21,token_21,0.0001027227635983118,0.00018523272897059043,8.655252501748526e-05,9.261636448529521e-05
1,22,token_22,6.149507316653198e-05,0.00012550075824746575,6.350356269805341e-05,6.275037912373288e-05
1,23,token_23,0.00040697361127114967,0.001133234664978036,0.0006624035652197391,0.000566617332489018
1,24,token_24,0.0005231695991782721,0.0012018006997142829,0.0006475388002644631,0.0006009003498571414
1,25,token_25,0.0013854764475502396,0.0028340122554801235,0.0014359239358539549,0.0014170061277400618
1,26,token_26,0.004107438888712749,0.00818344793292877,0.004082295013115368,0.004091723966464385
1,27,token_27,0.0010410547071404213,0.002059864920678189,0.0010232591122582985,0.0010299324603390944
1,28,token_28,0.0020042658457854402,0.003988422406894685,0.0019881784180444833,0.0019942112034473424
1,29,token_29,0.0009580892421719492,0.0016673417364130687,0.0007590198438272854,0.0008336708682065343
1,30,token_30,0.0007017552199881801,0.0013966237475634634,0.0006962458660578629,0.0006983118737817317
1,31,token_31,0.0002041801396442212,0.000390844328284515,0.0001901673788410793,0.0001954221641422575
1,32,token_32,7.692456542887067e-05,0.0001467874755005317,7.127524114310295e-05,7.339373775026585e-05
1,33,token_33,0.00039197984776147087,0.0007621964142858254,0.0003745692227717778,0.0003810982071429127
1,34,token_34,0.0006985725776962162,0.0013699238833821859,0.0006767955600880189,0.0006849619416910929
1,35,token_35,0.0006034849428367669,0.0011425921692903903,0.000551982769730252,0.0005712960846451951
1,36,token_36,8.606191295308665e-05,0.00018060978376857335,9.285067924300671e-05,9.030489188428667e-05
1,37,token_37,3.744453711671856e-05,7.21570336529281e-05,3.525890465231134e-05,3.607851682646405e-05
1,38,token_38,0.00045925781566089605,0.0009066688099039812,0.0004497803585266474,0.0004533344049519906
1,39,token_39,0.0003936069468933034,0.0007336982791366049,0.00035079445517330186,0.00036684913956830243
1,40,token_40,0.00017398141944252027,0.0003524432221727352,0.00017756572607267605,0.0001762216110863676
1,41,token_41,0.0008645270586247827,0.0018768614361575427,0.0009827729137511646,0.0009384307180787713
1,42,token_42,0.000434691950518147,0.0009230697241949305,0.0004776406090450562,0.00046153486209746524
1,43,token_43,0.000717119275264776,0.0013835431296082966,0.0006765629385277718,0.0006917715648041483
1,44,token_44,0.00038055174008970645,0.0007485518413308032,0.0003705104290108187,0.0003742759206654016
1,45,token_45,0.0005404147787752084,0.0011290210203921867,0.0005789679490486244,0.0005645105101960933
1,46,token_46,0.0006548899895841721,0.0012080480886631807,0.0005735044771800414,0.0006040240443315904
1,47,token_47,6.790199647754193e-05,0.00013232764148266637,6.512091529960793e-05,6.616382074133318e-05
1,48,token_48,0.0003340650981431743,0.000682382370424249,0.00034546683745349463,0.0003411911852121245
1,49,token_49,0.0006626435338897051,0.00130681066399937,0.0006478624108656731,0.000653405331999685
1,50,token_50,0.001113152935713647,0.002104055778414142,0.0010153528613031254,0.001052027889207071
1,51,token_51,0.00012984533862468563,0.0002839216332206886,0.0001492301034017395,0.0001419608166103443
1,52,token_52,0.0003537401394740043,0.0006645857288471507,0.000319424499393318,0.00033229286442357535
1,53,token_53,0.00018498776117438175,0.00036596376151702784,0.00018177835250899322,0.00018298188075851392
1,54,token_54,0.0015029610311734934,0.003229501364340314,0.0016818244727681553,0.001614750682170157
1,55,token_55,0.0007896407227131149,0.0017304105251994505,0.0009105439865316915,0.0008652052625997252
1,56,token_56,0.0012643381943221663,0.0024335874582102402,0.0011882670499748925,0.0012167937291051201
1,57,token_57,0.0004419783685247129,0.0008265014050722138,0.0003960141029429434,0.0004132507025361069
1,58,token_58,0.0006276162952581703,0.0012046628587609673,0.0005871605098538716,0.0006023314293804836
1,59,token_59,0.0008077285823999265,0.0016091874595605482,0.0008027128182084828,0.0008045937297802741
1,60,token_60,0.0002569371878808127,0.00048418784901069504,0.00023318796648006846,0.00024209392450534752
1,61,token_61,0.0010123000889995933,0.0020378184163176135,0.0010228746796543346,0.0010189092081588067
1,62,token_62,0.00041775128273108155,0.0007905647381944784,0.00038180102091693385,0.0003952823690972392
1,63,token_63,0.001205871322339111,0.0025975816149971928,0.0013545424985942876,0.0012987908074985964
1,64,token_64,5.886572363017783e-05,0.00010824111168200742,5.1273455167499234e-05,5.412055584100371e-05
1,65,token_65,0.000494958581285171,0.000494958581285171,0.000494958581285171,0.000494958581285171
2,0,token_0,0.000224868514682127,0.0007022746363541975,0.00022194090519135932,0.00023409154545139918
2,1,token_1,0.0005130164996394208,0.0016039379389745372,0.0005485675125904499,0.0005346459796581791
2,2,token_2,0.0001074385693439508,0.00037086585591766726,0.00011803663779968245,0.00012362195197255574
2,3,token_3,0.0004419916980645713,0.0011955066702051477,0.0003876471337203991,0.0003985022234017159
2,4,token_4,0.0002048597115809759,0.0006275798716974779,0.00019279234103600475,0.00020919329056582597
2,5,token_5,0.9635551927034184,2.8880796924516847,0.9625754151149295,0.9626932308172282
2,6,token_6,0.00040211368848858657,0.001220445297615185,0.0004021314004006471,0.0004068150992050617
2,7,token_7,0.0002357755045385107,0.0007226930165231247,0.00025037248852576526,0.0002408976721743749
2,8,token_8,0.00012535830479296544,0.0004136200674363298,0.00014284649054933544,0.00013787335581210995
2,9,token_9,0.0012068267003490427,0.004124594209154783,0.0014766724711565713,0.0013748647363849278
2,10,token_10,0.00012214237907327353,0.00041143639654709914,0.00013700447151867854,0.00013714546551569972
2,11,token_11,0.0002994292666512145,0.0011155654246486888,0.00040799373750459585,0.00037185514154956296
2,12,token_12,0.0007666693506972668,0.0024087312389731424,0.0008192551151901176,0.0008029104129910475
2,13,token_13,9.008249336003334e-05,0.0002754216307155369,8.864287985156409e-05,9.18072102385123e-05
2,14,token_14,0.0007077633208384356,0.0023795270634617872,0.0008278109500766857,0.0007931756878205957
2,15,token_15,0.0002542138318920348,0.000747561623942294,0.0002500344803823216,0.00024918720798076466
2,16,token_16,0.0009007533572306062,0.0026157944261684263,0.0008174139716175815,0.0008719314753894754
2,17,token_17,0.0005365734603924563,0.0015633717908090919,0.0005042627748998777,0.0005211239302696973
2,18,token_18,0.00016477784502186217,0.0005328639338700246,0.00017502050517819432,0.0001776213112900082
2,19,token_19,0.0001712699490832022,0.0005150527478023446,0.00017029493350280731,0.0001716842492674482
2,20,token_20,0.00010021867721328779,0.00031505008172024075,0.00010463043945725675,0.00010501669390674692
2,21,token_21,9.805033418104644e-05,0.00028328306315163687,8.885208685019751e-05,9.442768771721229e-05
2,22,token_22,5.8956701524064475e-05,0.00018445745977153021,6.259419046325563e-05,6.14858199238434e-05
2,23,token_23,0.0004456473790103868,0.001578882043988423,0.0006190523279778686,0.0005262940146628076
2,24,token_24,0.0005149324616250987,0.0017167331613393815,0.0006210175325365902,0.0005722443871131272
2,25,token_25,0.001371035991113787,0.0042050482465939105,0.0014229463469059213,0.0014016827488646368
2,26,token_26,0.004068623515075276,0.012252071448004047,0.00407956071350735,0.004084023816001349
2,27,token_27,0.001051940076263667,0.0031118049969418556,0.0010289953050593723,0.0010372683323139518
2,28,token_28,0.0017836560723241317,0.0057720784792188165,0.0019472739489004131,0.0019240261597396056
2,29,token_29,0.0007354269213980356,0.002402768657811104,0.0007543012593414355,0.0008009228859370347
2,30,token_30,0.0007897587256079602,0.0021863824731714237,0.0007149484379678824,0.0007287941577238079
2,31,token_31,0.00016990263504286314,0.0005607469633273781,0.0001861144300814361,0.00018691565444245938
2,32,token_32,7.794593747362274e-05,0.00022473341297415443,7.260938040920691e-05,7.491113765805148e-05
2,33,token_33,0.0003343212409843743,0.0010965176552701996,0.0003665196264142971,0.0003655058850900665
2,34,token_34,0.000611804550254358,0.0019817284336365436,0.0006637973581212868,0.0006605761445455145
2,35,token_35,0.0005790784621124204,0.0017216706314028107,0.0005574019082066857,0.0005738902104676036
2,36,token_36,8.225861898258449e-05,0.0002628684027511578,9.073226719092227e-05,8.76228009170526e-05
2,37,token_37,3.484810687871934e-05,0.00010700514053164743,3.517674509759294e-05,3.566838017721581e-05
2,38,token_38,0.00043961596557823366,0.001346284775482215,0.00044774747993696465,0.000448761591827405
2,39,token_39,0.0003660183343800098,0.0010997166135166146,0.0003538392310146435,0.0003665722045055382
2,40,token_40,0.0001430952800526052,0.0004955385022253404,0.00017067163686866187,0.00016517950074178015
2,41,token_41,0.0008233931445082481,0.0027002545806657906,0.0009508969599025814,0.0009000848602219303
2,42,token_42,0.000439007443271817,0.0013620771674667474,0.0004699139758904084,0.0004540257224889158
2,43,token_43,0.0005633699098044705,0.001946913039412767,0.0006539243327831116,0.000648971013137589
2,44,token_44,0.0002741034824702153,0.0010226553238010185,0.00035122903970269805,0.0003408851079336728
2,45,token_45,0.0005806604706995085,0.0017096814910916953,0.0005793064533788012,0.0005698938303638984
2,46,token_46,0.0005469046560083054,0.001754952744671486,0.0005681845129456943,0.0005849842482238287
2,47,token_47,6.850726370084974e-05,0.0002008349051835161,6.57981849798563e-05,6.694496839450537e-05
2,48,token_48,0.0002980964870887129,0.000980478857512962,0.0003359927673805383,0.000326826285837654
2,49,token_49,0.0005930165035882924,0.0018998271675876625,0.0006368932294101969,0.0006332757225292208
2,50,token_50,0.0012933705423337659,0.0033974263207479077,0.0010709563975092535,0.0011324754402493025
2,51,token_51,0.00016138413668454352,0.00044530576990523213,0.0001516609100583003,0.00014843525663507738
2,52,token_52,0.00025290589458888343,0.0009174916234360341,0.0003061207784324311,0.0003058305411453447
2,53,token_53,0.0001724462278474645,0.0005384099893644924,0.0001799119275766875,0.00017946999645483078
2,54,token_54,0.0014127956213634556,0.004642296985703769,0.0016280187024872153,0.0015474323285679231
2,55,token_55,0.0006905814370055629,0.0024209919622050135,0.0008665514766264659,0.0008069973207350045
2,56,token_56,0.0011448298084781017,0.003578417266688342,0.0011795796016755343,0.0011928057555627807
2,57,token_57,0.00040454674929832595,0.0012310481543705398,0.0003977206322140199,0.00041034938479017993
2,58,token_58,0.0005768081848157652,0.0017814710435767325,0.0005850900448462503,0.0005938236811922442
2,59,token_59,0.0005379150436717373,0.0021471025032322854,0.0007497532633011336,0.0007157008344107618
2,60,token_60,0.00022759140530414503,0.0007117792543148401,0.0002320686542448838,0.00023725975143828003
2,61,token_61,0.001082420504134098,0.0031202389204517114,0.0010347838445502872,0.0010400796401505705
2,62,token_62,0.0004310877712939749,0.0012216525094884533,0.00039165837099234207,0.00040721750316281775
2,63,token_63,0.001139050090989773,0.0037366317059869657,0.0013114440170733847,0.0012455439019956552
2,64,token_64,5.341483016183113e-05,0.00016165594184383854,5.1701730166365615e-05,5.388531394794618e-05
2,65,token_65,0.00043093853160862644,0.0009258971128937975,0.0004821545713498621,0.00046294855644689873
2,66,token_66,0.0009126007230639272,0.0009126007230639272,0.0009126007230639272,0.0009126007230639272
3,0,token_0,0.00020906847833288423,0.0009113431146870818,0.0002193664198196643,0.00022783577867177044
3,1,token_1,0.0005016918545532549,0.002105629793527792,0.000539192380983011,0.000526407448381948
3,2,token_2,0.00012157825785803701,0.0004924441137757042,0.00011874496181135337,0.00012311102844392606
3,3,token_3,0.00038550994162323774,0.0015810166118283855,0.0003872196953009668,0.00039525415295709636
3,4,token_4,0.00019315593328713196,0.00082073580498461,0.00019286505948623022,0.0002051839512461525
3,5,token_5,0.96284373497627,3.8509234274279547,0.9626290790871976,0.9627308568569887
3,6,token_6,0.0004008987176180158,0.0016213440152332008,0.00040188486384412083,0.0004053360038083002
3,7,token_7,0.0001950591723165589,0.0009177521888396837,0.00023930982528392399,0.00022943804720992092
3,8,token_8,0.0001219908145026719,0.0005356108819390017,0.00013867535534000275,0.00013390272048475043
3,9,token_9,0.0012827250183645193,0.005407319227519303,0.001437882980598161,0.0013518298068798257
3,10,token_10,0.00014856688984000484,0.000560003286387104,0.00013931695518294381,0.000140000821596776
3,11,token_11,0.0003676165026433977,0.0014831819272920865,0.0003999182905323563,0.00037079548182302163
3,12,token_12,0.0007168145050037532,0.0031255457439768957,0.0007987669931528448,0.0007813864359942239
3,13,token_13,7.884926646870694e-05,0.00035427089718424384,8.668415717499266e-05,8.856772429606096e-05
3,14,token_14,0.0006828281498550802,0.0030623552133168673,0.0007988143900323647,0.0007655888033292168
3,15,token_15,0.00019764843147881923,0.0009452100554211132,0.00023955727060162113,0.0002363025138552783
3,16,token_16,0.0007482816377906978,0.003364076063959124,0.0008035875048522048,0.000841019015989781
3,17,token_17,0.00048717912157365345,0.0020505509123827453,0.0005008460442346329,0.0005126377280956863
3,18,token_18,0.00018194003905363322,0.0007148039729236578,0.0001764044119532821,0.00017870099323091446
3,19,token_19,0.000171274472485818,0.0006863272202881625,0.00017049084129940945,0.00017158180507204063
3,20,token_20,9.974380834452644e-05,0.0004147938900647672,0.0001036531132347107,0.0001036984725161918
3,21,token_21,8.971875348952487e-05,0.00037300181664116173,8.902542017806298e-05,9.325045416029043e-05
3,22,token_22,5.467588038331089e-05,0.0002391333401548411,6.1010528447266686e-05,5.9783335038710276e-05
3,23,token_23,0.0004987413334901573,0.0020776233774785803,0.0005949901290803264,0.0005194058443696451
3,24,token_24,0.0005810655842201708,0.0022977987455595522,0.0006130271428733064,0.0005744496863898881
3,25,token_25,0.0012746752453735965,0.005479723491967507,0.0013932921265994564,0.0013699308729918768
3,26,token_26,0.003484258615181669,0.015736330063185717,0.003960500293842214,0.003934082515796429
3,27,token_27,0.0010168607050206249,0.0041286657019624804,0.0010265683850516228,0.0010321664254906201
3,28,token_28,0.0019408277524605422,0.007712906231679358,0.0019459847096124391,0.0019282265579198396
3,29,token_29,0.0006328083580189631,0.0030355770158300675,0.000730002679076941,0.0007588942539575169
3,30,token_30,0.0006565090474065771,0.002842891520578001,0.0007032605598556214,0.0007107228801445003
3,31,token_31,0.00019454929017004316,0.0007552962534974213,0.00018780140209915755,0.00018882406337435533
3,32,token_32,6.95204837470715e-05,0.00029425389672122594,7.199160107677983e-05,7.356347418030648e-05
3,33,token_33,0.00030854784273879135,0.0014050654980089909,0.000354925269679196,0.0003512663745022477
3,34,token_34,0.00048538692744682786,0.0024671153610833713,0.000628115271986395,0.0006167788402708428
3,35,token_35,0.0005006160575123832,0.002222286688915194,0.0005460447380678253,0.0005555716722287985
3,36,token_36,8.422987478935669e-05,0.0003470982775405145,8.943178871060917e-05,8.677456938512862e-05
3,37,token_37,3.928917949725557e-05,0.000146294320028903,3.5999231977525465e-05,3.657358000722575e-05
3,38,token_38,0.00035876759150987495,0.00170505236699209,0.00042995150225154675,0.0004262630917480225
3,39,token_39,0.00038618877024922734,0.001485905383765842,0.0003603091388615603,0.0003714763459414605
3,40,token_40,0.00013841331286995937,0.0006339518150952999,0.00016421997206892138,0.00015848795377382496
3,41,token_41,0.000928662697161944,0.0036289172778277345,0.0009464501073544539,0.0009072293194569336
3,42,token_42,0.00036044884361627485,0.0017225260110830224,0.00044802094943558173,0.0004306315027707556
3,43,token_43,0.000552937724260675,0.002499850763673442,0.0006337270110786243,0.0006249626909183605
3,44,token_44,0.00031655574752059354,0.0013392110713216121,0.00034429438126627716,0.00033480276783040303
3,45,token_45,0.00044982899418169865,0.002159510485273394,0.0005534109615393807,0.0005398776213183485
3,46,token_46,0.0005114484470074729,0.002266401191678959,0.0005568372997580501,0.0005666002979197398
3,47,token_47,6.21242361173895e-05,0.0002629591413009056,6.506339520736294e-05,6.57397853252264e-05
3,48,token_48,0.0003080677990243028,0.0012885466565372649,0.00033040777370929125,0.0003221366641343162
3,49,token_49,0.0005490910030091683,0.0024489181705968305,0.0006193327841299912,0.0006122295426492076
3,50,token_50,0.001109126714595335,0.004506553035343242,0.0010785904609264697,0.0011266382588358105
3,51,token_51,0.00014401532443467424,0.0005893210943399064,0.0001501317929335751,0.0001473302735849766
3,52,token_52,0.00028727490775100426,0.0012047665311870383,0.00030235160429614575,0.00030119163279675957
3,53,token_53,0.0001724612389776271,0.0007108712283421195,0.0001784217898568754,0.00017771780708552987
3,54,token_54,0.0014443211495858723,0.006086618135289642,0.0015912791919069468,0.0015216545338224104
3,55,token_55,0.0007352375511563759,0.0031562295133613894,0.0008402886915324479,0.0007890573783403474
3,56,token_56,0.0010411102363730444,0.004619527503061386,0.0011518857286150364,0.0011548818757653465
3,57,token_57,0.00040453632973170135,0.0016355844841022412,0.00039908377171755623,0.0004088961210255603
3,58,token_58,0.0005671071561085658,0.0023485781996852983,0.0005814934670987134,0.0005871445499213246
3,59,token_59,0.0007298112505004803,0.0028769137537327655,0.000745764860741003,0.0007192284384331914
3,60,token_60,0.0002204279887892866,0.0009322072431041267,0.00022974052115376436,0.00023305181077603167
3,61,token_61,0.0011262148476030341,0.0042464537680547455,0.0010530700451608366,0.0010616134420136864
3,62,token_62,0.00035181759206152755,0.0015734701015499809,0.0003836902152061792,0.0003933675253874952
3,63,token_63,0.0011921194714818429,0.004928751177468809,0.0012875791079550764,0.0012321877943672023
3,64,token_64,6.206457462550169e-05,0.00022372051646934023,5.377429905819283e-05,5.593012911733506e-05
3,65,token_65,0.0004552959269345558,0.0013811930398283532,0.0004767828424668009,0.0004603976799427844
3,66,token_66,0.0008557780309555216,0.0017683787540194488,0.0009012361846422461,0.0008841893770097244
3,67,token_67,0.0021303076215942397,0.0021303076215942397,0.0021303076215942397,0.0021303076215942397
4,0,token_0,0.00026033864075093656,0.0011716817554380183,0.00022756086400591878,0.00023433635108760365
4,1,token_1,0.0005854435737289694,0.0026910733672567614,0.0005484426195322027,0.0005382146734513523
4,2,token_2,0.00011800092272981459,0.0006104450365055188,0.00011859615399504563,0.00012208900730110376
4,3,token_3,0.0003876372897469583,0.001968653901575344,0.00038730321419016514,0.00039373078031506876
4,4,token_4,0.00021666133424724944,0.0010373971392318593,0.00019762431443843406,0.00020747942784637188
4,5,token_5,0.9577534701634702,4.808676897591425,0.9616539573024523,0.961735379518285
4,6,token_6,0.0003805311459120198,0.0020018751611452206,0.0003976141202577006,0.0004003750322290441
4,7,token_7,0.00019440625664005298,0.0011121584454797367,0.00023032911155514978,0.00022243168909594734
4,8,token_8,0.0001373309250713175,0.0006729418070103192,0.0001384064692862657,0.00013458836140206384
4,9,token_9,0.0013564124878896406,0.006763731715408943,0.001421588882056457,0.0013527463430817886
4,10,token_10,0.0001418403620248938,0.0007018436484119979,0.00013982163655133382,0.00014036872968239958
4,11,token_11,0.0003649958912041951,0.0018481778184962815,0.0003929338106667241,0.0003696355636992563
4,12,token_12,0.0007778769183163176,0.0039034226622932135,0.0007945889781855394,0.0007806845324586427
4,13,token_13,9.37183891241099e-05,0.00044798928630835374,8.809100356481612e-05,8.959785726167075e-05
4,14,token_14,0.0007143084174430615,0.003776663630759929,0.0007819131955145041,0.0007553327261519858
4,15,token_15,0.0002995191397721101,0.0012447291951932233,0.0002515496444357189,0.00024894583903864464
4,16,token_16,0.0008923306489803376,0.004256406712939462,0.0008213361336778314,0.0008512813425878924
4,17,token_17,0.00047348218399667706,0.0025240330963794224,0.0004953732721870417,0.0005048066192758845
4,18,token_18,0.00015723982579661934,0.0008720437987202772,0.00017257149472194955,0.00017440875974405543
4,19,token_19,0.00017355204275331756,0.0008598792630414801,0.00017110308159019107,0.00017197585260829602
4,20,token_20,0.00011794079558172115,0.0005327346856464884,0.00010651064970411281,0.00010654693712929767
4,21,token_21,0.00010548099558831594,0.0004784828122294777,9.231653526011358e-05,9.569656244589554e-05
4,22,token_22,6.0394154589494924e-05,0.00029952749474433606,6.088725367571234e-05,5.990549894886721e-05
4,23,token_23,0.0005831923880228534,0.0026608157655014335,0.0005926305808688318,0.0005321631531002867
4,24,token_24,0.0006383794231504786,0.002936178168710031,0.000618097598928741,0.0005872356337420062
4,25,token_25,0.001529522513612707,0.0070092460055802145,0.0014205382040021065,0.0014018492011160428
4,26,token_26,0.0036505393183991746,0.01938686938158489,0.003898508098753606,0.003877373876316978
4,27,token_27,0.0011693090912018604,0.005297974793164341,0.0010551165262816704,0.0010595949586328683
4,28,token_28,0.001969665589755935,0.009682571821435292,0.0019507208856411383,0.0019365143642870585
4,29,token_29,0.0006437619941272688,0.0036793390099573364,0.0007127545420870066,0.0007358678019914672
4,30,token_30,0.0007388769416245167,0.0035817684622025175,0.0007103838362094005,0.0007163536924405035
4,31,token_31,0.00019083783897044947,0.0009461340924678708,0.00018840868947341596,0.00018922681849357415
4,32,token_32,8.37938151675496e-05,0.00037804771188877553,7.435204389493379e-05,7.560954237775511e-05
4,33,token_33,0.0003485832445450904,0.0017536487425540812,0.0003536568646523749,0.00035072974851081624
4,34,token_34,0.0005928861581191852,0.0030600015192025565,0.0006210694492129532,0.0006120003038405113
4,35,token_35,0.0005758782713296982,0.002798164960244892,0.0005520114447201998,0.0005596329920489784
4,36,token_36,9.244177326414529e-05,0.0004395400508046598,9.00337856213164e-05,8.790801016093195e-05
4,37,token_37,3.8941447518355176e-05,0.00018523576754725818,3.658767508569141e-05,3.704715350945164e-05
4,38,token_38,0.0005054191238577714,0.0022104714908498615,0.00044504502657279174,0.0004420942981699723
4,39,token_39,0.00036988737578933883,0.001855792759555181,0.000362224786247116,0.0003711585519110362
4,40,token_40,0.00014395567392099553,0.0007779074890162953,0.00016016711243933623,0.00015558149780325908
4,41,token_41,0.0009448225172200837,0.004573739795047818,0.0009461245893275799,0.0009147479590095635
4,42,token_42,0.00041683671074572217,0.0021393627218287445,0.0004417841016976099,0.0004278725443657489
4,43,token_43,0.0006776923271407098,0.003177543090814152,0.0006425200742910414,0.0006355086181628304
4,44,token_44,0.0002861238290073995,0.0016253349003290116,0.0003326602708145016,0.0003250669800658023
4,45,token_45,0.0004927416041613672,0.002652252089434761,0.000541277090063778,0.0005304504178869523
4,46,token_46,0.000632299018433122,0.002898700210112081,0.0005719296434930645,0.0005797400420224162
4,47,token_47,7.774086634739088e-05,0.0003407000076482965,6.759888943536854e-05,6.81400015296593e-05
4,48,token_48,0.00032116527361992364,0.0016097119301571885,0.00032855927369141775,0.0003219423860314377
4,49,token_49,0.0006410580011770978,0.0030899761717739283,0.0006236778275394125,0.0006179952343547857
4,50,token_50,0.0010179312685426611,0.005524484303885903,0.001066458622449708,0.0011048968607771806
4,51,token_51,0.00016859342605414642,0.0007579145203940529,0.00015382411955768937,0.00015158290407881058
4,52,token_52,0.0002926613100314628,0.001497427841218501,0.0003004135454432092,0.0002994855682437002
4,53,token_53,0.00019957576409229327,0.0009104469924344127,0.000182652584703959,0.00018208939848688254
4,54,token_54,0.001683225030008172,0.007769843165297814,0.0016096683595271922,0.0015539686330595629
4,55,token_55,0.0007842577021455261,0.003940487215506916,0.0008290824936550635,0.0007880974431013831
4,56,token_56,0.0011124415567761589,0.005731969059837545,0.0011439968942472609,0.001146393811967509
4,57,token_57,0.0004388049410251848,0.002074389425127426,0.00040702800557908194,0.0004148778850254852
4,58,token_58,0.0005733640378718542,0.0029219422375571526,0.0005798675812533417,0.0005843884475114305
4,59,token_59,0.0006899364289875612,0.0035668501827203266,0.0007345991743903147,0.0007133700365440654
4,60,token_60,0.0002464923302893155,0.0011786995733934422,0.0002330908829808746,0.00023573991467868842
4,61,token_61,0.0011166784409551054,0.005363132209009851,0.0010657917243196903,0.0010726264418019701
4,62,token_62,0.0004464065741265243,0.002019876675676505,0.00039623348699024827,0.000403975335135301
4,63,token_63,0.001417625018869293,0.006346376196338102,0.0013135882901379196,0.0012692752392676203
4,64,token_64,5.541133885841911e-05,0.0002791318553277593,5.4101707018238086e-05,5.5826371065551865e-05
4,65,token_65,0.00046730704150802296,0.0018485000813363763,0.00047488768227504533,0.0004621250203340941
4,66,token_66,0.0009017726947759309,0.0026701514487953797,0.0009013434866689831,0.0008900504829317933
4,67,token_67,0.0023285425924796967,0.004458850214073936,0.0021699546157713315,0.002229425107036968
4,68,token_68,0.0019397078670140518,0.0019397078670140518,0.0019397078670140518,0.0019397078670140518
5,0,token_0,0.00024205581544632703,0.0014137375708843454,0.00023045985429400042,0.00023562292848072425
5,1,token_1,0.000570191752312579,0.0032612651195693407,0.0005527924460882779,0.0005435441865948901
5,2,token_2,0.00013656745320240148,0.0007470124897079203,0.0001221904138365168,0.00012450208161798672
5,3,token_3,0.000432001772448775,0.002400655674024119,0.0003962429258418871,0.0004001092790040198
5,4,token_4,0.00024797866966934547,0.0012853758089012048,0.00020769518548461636,0.00021422930148353413
5,5,token_5,0.9563897027890857,5.765066600380511,0.960601106399779,0.9608444333967517
5,6,token_6,0.0005158395812834575,0.0025177147424286783,0.000421259212462852,0.00041961912373811305
5,7,token_7,0.00025083036885390083,0.0013629888143336375,0.00023442936301490002,0.00022716480238893958
5,8,token_8,0.00015102687788287055,0.0008239686848931897,0.0001409305510055867,0.00013732811414886496
5,9,token_9,0.0015018495896654568,0.0082655813050744,0.0014376410235782569,0.0013775968841790668
5,10,token_10,0.00013687110926993793,0.0008387147576819358,0.00013923153109505465,0.0001397857929469893
5,11,token_11,0.00036129346383911853,0.0022094712823354,0.00038660574130120303,0.00036824521372256667
5,12,token_12,0.0008374813514866464,0.00474090401377986,0.0008031674528457609,0.00079015066896331
5,13,token_13,9.326782343031748e-05,0.0005412571097386712,8.912636753791639e-05,9.020951828977854e-05
5,14,token_14,0.0007600298210370381,0.0045366934517969675,0.0007775365206190109,0.0007561155752994946
5,15,token_15,0.00025781077038755136,0.0015025399655807746,0.0002528018696260854,0.00025042332759679577
5,16,token_16,0.0008653464043451245,0.005121753117284586,0.00083013818781129,0.000853625519547431
5,17,token_17,0.0005961301861330218,0.0031201632825124444,0.0005155246549762377,0.000520027213752074
5,18,token_18,0.0001766958423999792,0.0010487396411202564,0.00017339636425755547,0.0001747899401867094
5,19,token_19,0.00015021438151959228,0.0010100936445610724,0.00016692534157607133,0.00016834894076017874
5,20,token_20,0.00010594523773089153,0.0006386799233773798,0.00010639756730946857,0.00010644665389622997
5,21,token_21,9.749097869945548e-05,0.0005759737909289332,9.335142394798197e-05,9.599563182148886e-05
5,22,token_22,7.00829354278434e-05,0.0003696104301721795,6.272639002613856e-05,6.160173836202992e-05
5,23,token_23,0.0004907413282419731,0.0031515570937434064,0.0005722527303434601,0.000525259515623901
5,24,token_24,0.0005585443545650579,0.0034947225232750886,0.0006061869500560044,0.0005824537538791814
5,25,token_25,0.00147367026487978,0.008482916270459995,0.0014311646161776414,0.001413819378409999
5,26,token_26,0.004336616699554379,0.023723486081139267,0.003986129818913761,0.003953914346856545
5,27,token_27,0.001010113842301421,0.006308088635465762,0.0010461159894856206,0.0010513481059109605
5,28,token_28,0.0019780549358891612,0.011660626757324453,0.001956187695690743,0.0019434377928874088
5,29,token_29,0.0006283011689524282,0.004307640178909764,0.000695863867460091,0.000717940029818294
5,30,token_30,0.0007812430179657383,0.004363011480168256,0.0007245556725606682,0.0007271685800280427
5,31,token_31,0.00018644697398362893,0.0011325810664514998,0.00018801634637545859,0.00018876351107524996
5,32,token_32,9.174008217644092e-05,0.00046978779406521646,7.782965155123521e-05,7.829796567753608e-05
5,33,token_33,0.0003537851114060158,0.0021074338539600968,0.0003536825140031031,0.00035123897566001613
5,34,token_34,0.0006749551495143449,0.0037349566687169015,0.0006318465892732316,0.0006224927781194835
5,35,token_35,0.0007196656457586782,0.0035178306060035702,0.0005855422849278956,0.000586305101000595
5,36,token_36,8.868753694884937e-05,0.0005282275877535091,8.9764535886823e-05,8.803793129225151e-05
5,37,token_37,3.9845938883436866e-05,0.00022508170643069505,3.7239327845240505e-05,3.751361773844918e-05
5,38,token_38,0.0004725111341950807,0.0026829826250449424,0.00045053824809724956,0.0004471637708408237
5,39,token_39,0.00038056823924369844,0.0022363609987988793,0.0003658934768464325,0.00037272683313314655
5,40,token_40,0.00014789429866402825,0.0009258017876803236,0.00015771254968427462,0.0001543002979467206
5,41,token_41,0.0010029579648085068,0.005576697759856325,0.0009574912644237654,0.0009294496266427208
5,42,token_42,0.0005001958684465388,0.0026395585902752833,0.00045346645504739573,0.0004399264317125472
5,43,token_43,0.0006003648882379497,0.0037779079790521016,0.000634089037080423,0.0006296513298420169
5,44,token_44,0.0002837327116359354,0.001909067611964947,0.00032287475897878836,0.0003181779353274912
5,45,token_45,0.0005042684903859399,0.003156520579820701,0.0005338753701282104,0.0005260867633034501
5,46,token_46,0.0006453217928558456,0.0035440220029679267,0.0005866080733656207,0.0005906703338279878
5,47,token_47,8.483485106434124e-05,0.0004255348587126377,7.104608176116309e-05,7.092247645210628e-05
5,48,token_48,0.00035414837302626513,0.0019638603031834536,0.0003336770935583872,0.0003273100505305756
5,49,token_49,0.0006307820318567429,0.003720758203630671,0.0006250986684028787,0.0006201263672717786
5,50,token_50,0.0010336635410245667,0.00655814784491047,0.0010598996061646799,0.0010930246408184117
5,51,token_51,0.00015894713767330583,0.0009168616580673587,0.00015484872318081267,0.00015281027634455978
5,52,token_52,0.0003290746247283908,0.001826502465946892,0.0003061457613002455,0.0003044170776578153
5,53,token_53,0.0001667128511674359,0.0010771598436018486,0.00017946463799665437,0.0001795266406003081
5,54,token_54,0.0016828847678909287,0.009452727933188743,0.0016243116411999395,0.001575454655531457
5,55,token_55,0.0008251268794285526,0.004765614094935468,0.0008282913708097614,0.000794269015822578
5,56,token_56,0.0012830545391638395,0.007015023599001384,0.0011718084232305765,0.0011691705998335639
5,57,token_57,0.00040062773401270253,0.0024750171591401285,0.00040574795126580607,0.0004125028598566881
5,58,token_58,0.0006607792946713041,0.0035827215322284567,0.0005960499239369342,0.0005971202553714095
5,59,token_59,0.000708946831400488,0.004275797014120814,0.0007294687057923495,0.0007126328356868024
5,60,token_60,0.00024158053328914638,0.0014202801066825884,0.00023478881304252896,0.00023671335111376474
5,61,token_61,0.0011144323738588727,0.006477564582868724,0.0010755198542275269,0.0010795940971447873
5,62,token_62,0.00043882071281635816,0.002458697388492863,0.00040475093215547027,0.00040978289808214384
5,63,token_63,0.0011931423217841927,0.0075395185181222945,0.0012894990964671745,0.001256586419687049
5,64,token_64,6.641938807898726e-05,0.00034555124340674657,5.656524323038792e-05,5.759187390112443e-05
5,65,token_65,0.0004722898906970845,0.002320789972033461,0.0004743681239594532,0.00046415799440669217
5,66,token_66,0.0009292342237225261,0.003599385672517906,0.0009069216340796917,0.0008998464181294765
5,67,token_67,0.0021576573551711233,0.00661650756924506,0.00216749516365129,0.0022055025230816867
5,68,token_68,0.0018208188021106746,0.0037605266691247263,0.0019159300540333767,0.0018802633345623631
5,69,token_69,0.0003490885263098322,0.0003490885263098322,0.0003490885263098322,0.0003490885263098322
6,0,token_0,0.00027082652268056815,0.0016845640935649136,0.000238533187971314,0.00024065201336641624
6,1,token_1,0.0005373885294115644,0.003798653648980905,0.0005497116627529353,0.0005426648069972722
6,2,token_2,0.00011949202562042923,0.0008665045153283495,0.00012165073619329929,0.00012378635933262135
6,3,token_3,0.0004160231920419756,0.0028166788660660943,0.00040019897908190484,0.0004023826951522992
6,4,token_4,0.00018239753915845624,0.001467773348059661,0.00020263565621938433,0.00020968190686566587
6,5,token_5,0.9561988484102841,6.721265448790795,0.9597206548018801,0.960180778398685
6,6,token_6,0.00043840337722172214,0.0029561181196504005,0.00042468804541462605,0.0004223025885214858
6,7,token_7,0.0002671712975712934,0.001630160111904931,0.0002409777499261787,0.0002328800159864187
6,8,token_8,0.0001460043589593057,0.0009699730438524954,0.0001419453125963305,0.00013856757769321364
6,9,token_9,0.001563434470147623,0.009829015775222024,0.0014627997128921302,0.0014041451107460034
6,10,token_10,0.00012265031865408313,0.0009613650763360189,0.00013591528860686035,0.00013733786804800272
6,11,token_11,0.0003668423433891972,0.0025763136257245974,0.0003826530617188019,0.0003680448036749425
6,12,token_12,0.00081249454823831,0.00555339856201817,0.0008050328719242709,0.0007933426517168815
6,13,token_13,8.481789531685348e-05,0.0006260750050555247,8.82646730937038e-05,8.943928643650353e-05
6,14,token_14,0.0007582990200833109,0.005294992471880278,0.000773689020511871,0.0007564274959828968
6,15,token_15,0.00025229917215428534,0.00175483913773506,0.00025270133013172543,0.00025069130539072284
6,16,token_16,0.0008977157457310311,0.006019468863015617,0.0008436536993952382,0.0008599241232879454
6,17,token_17,0.0005404100052250908,0.0036605732877375355,0.0005205017250260083,0.0005229390411053622
6,18,token_18,0.0002031543565613342,0.0012518939976815906,0.00017934796271831124,0.00017884199966879865
6,19,token_19,0.0001688373640383656,0.001178931008599438,0.0001673077460685302,0.00016841871551420543
6,20,token_20,0.00010469111559274984,0.0007433710389701297,0.00010605627696612483,0.00010619586271001853
6,21,token_21,9.407510686802097e-05,0.0006700488977969541,9.349616053198977e-05,9.572127111385058e-05
6,22,token_22,6.032432406699164e-05,0.0004299347542391711,6.224597683430919e-05,6.141925060559588e-05
6,23,token_23,0.0005485664874738021,0.0037001235812172085,0.0005675154817695286,0.0005285890830310297
6,24,token_24,0.0005595484713497062,0.004054270994624794,0.0005968592543147449,0.000579181570660685
6,25,token_25,0.0014117927129378483,0.009894708983397843,0.001427290235529683,0.0014135298547711204
6,26,token_26,0.0034042909635640705,0.027127777044703337,0.003869762047843823,0.003875396720671905
6,27,token_27,0.001099976410957663,0.007408065046423425,0.0010568880737800291,0.0010582950066319178
6,28,token_28,0.001996772163501067,0.013657398920825521,0.001964304589252808,0.0019510569886893603
6,29,token_29,0.0007396951957973869,0.005047335374707152,0.0007046301331275501,0.0007210479106724503
6,30,token_30,0.0006882192464047899,0.005051230726573046,0.0007172883873294925,0.0007216043895104351
6,31,token_31,0.00019013659314928488,0.0013227176596007847,0.00018844039573022385,0.00018895966565725498
6,32,token_32,6.813116045641808e-05,0.0005379189545216346,7.588995333227179e-05,7.684556493166208e-05
6,33,token_33,0.0003834142543278423,0.002490848108287939,0.000359628862068051,0.00035583544404113414
6,34,token_34,0.0006505833103550027,0.004385539979071904,0.0006355939334895858,0.0006265057112959863
6,35,token_35,0.000639719745695844,0.004157550351699414,0.0005963777770814854,0.0005939357645284877
6,36,token_36,8.714229055773438e-05,0.0006153698783112434,8.924008682100528e-05,8.790998261589192e-05
6,37,token_37,4.5503088578758675e-05,0.0002705847950094537,3.889207999194414e-05,3.865497071563624e-05
6,38,token_38,0.00047508209553065597,0.0031580647205755982,0.0004554470175839309,0.0004511521029393712
6,39,token_39,0.00035302450076530586,0.002589385499564185,0.0003633196816302072,0.000369912214223455
6,40,token_40,0.00018234599074668968,0.0011081477784270133,0.00016263923789675764,0.00015830682548957333
6,41,token_41,0.0010154366440608157,0.0065921344039171405,0.0009690803403511755,0.0009417334862738772
6,42,token_42,0.0004438482915543442,0.0030834068818296275,0.00045154282234878546,0.0004404866974042325
6,43,token_43,0.0006325785149127969,0.004410486493964898,0.0006337869326468979,0.0006300694991378426
6,44,token_44,0.000319275214610019,0.002228342826574966,0.0003221548501050345,0.0003183346895107094
6,45,token_45,0.000597356316233624,0.003753876896054325,0.0005465715593492932,0.0005362681280077608
6,46,token_46,0.0006968993230094506,0.004240921325977377,0.0006086663232943867,0.0006058459037110538
6,47,token_47,6.840987840105327e-05,0.000493944737113691,7.051884108914113e-05,7.056353387338443e-05
6,48,token_48,0.00036523844940142833,0.002329098752584882,0.00033998936472699547,0.0003327283932264117
6,49,token_49,0.0006339197957631779,0.004354677999393849,0.0006268628938749385,0.0006220968570562642
6,50,token_50,0.0011113324401289038,0.007669480285039373,0.0010701861729575247,0.0010956400407199105
6,51,token_51,0.00015269107879643568,0.0010695527368637945,0.00015441719430393726,0.0001527932481233992
6,52,token_52,0.0003111158206315095,0.0021376182865784016,0.0003071397731664984,0.00030537404093977167
6,53,token_53,0.00017733012957762365,0.0012544899731794722,0.00017903773631284826,0.00017921285331135318
6,54,token_54,0.0017004493830168979,0.01115317731620564,0.0016395391895633311,0.0015933110451722343
6,55,token_55,0.0008665711999076653,0.005632185294843133,0.0008359473366293422,0.0008045978992633048
6,56,token_56,0.0012222264188606862,0.00823725001786207,0.0011818920223565985,0.001176750002551724
6,57,token_57,0.0004173346247510689,0.002892351783891197,0.00040806528596285863,0.00041319311198445677
6,58,token_58,0.000677652608355078,0.004260374140583534,0.000612370460820563,0.0006086248772262192
6,59,token_59,0.0009222911092874216,0.005198088123408236,0.0007680331864913639,0.0007425840176297479
6,60,token_60,0.00024398120225117072,0.0016642613089337592,0.00023662729088425732,0.0002377516155619656
6,61,token_61,0.0010981383202717382,0.007575702903140462,0.0010800435474363692,0.0010822432718772088
6,62,token_62,0.00045085272823114527,0.0029095501167240084,0.00041397129137060533,0.0004156500166748583
6,63,token_63,0.0012820030068205206,0.008821521524942815,0.0012879998785378438,0.0012602173607061166
6,64,token_64,5.838566764739244e-05,0.000403936911054139,5.692932811378883e-05,5.770527300773415e-05
6,65,token_65,0.00047711349484398635,0.0027979034668774473,0.00047491719813635985,0.00046631724447957455
6,66,token_66,0.0010608464345714954,0.004660232107089402,0.0009377065941780525,0.0009320464214178804
6,67,token_67,0.0025722750960952036,0.009188782665340263,0.002248451150140073,0.002297195666335066
6,68,token_68,0.0018049506208788874,0.005565477290003614,0.001893734167402479,0.0018551590966678713
6,69,token_69,0.00026912596546534677,0.0006182144917751789,0.0003330960141409351,0.00030910724588758946
6,70,token_70,0.00021982450049650592,0.00021982450049650592,0.00021982450049650592,0.00021982450049650592
7,0,token_0,0.00021010742008324964,0.0018946715136481632,0.00023284803439370112,0.0002368339392060204
7,1,token_1,0.0005280176532799452,0.00432667130226085,0.0005453728608583372,0.0005408339127826062
7,2,token_2,0.00013593672844196755,0.001002441243770317,0.00012450793464303294,0.00012530515547128963
7,3,token_3,0.00035549499473210087,0.0031721738607981952,0.00039125818221194406,0.0003965217325997744
7,4,token_4,0.00016066845905334014,0.0016284418071130012,0.0001942422167861755,0.00020355522588912515
7,5,token_5,0.9571057915762176,7.678371240367012,0.9591976821567476,0.9597964050458765
7,6,token_6,0.00040629109505515735,0.003362409214705558,0.00042100865534273234,0.00042030115183819473
7,7,token_7,0.00022158508745272144,0.0018517451993576525,0.00023709921743148729,0.00023146814991970656
7,8,token_8,0.00012659648968035308,0.0010965695335328485,0.00013887554801313503,0.00013707119169160606
7,9,token_9,0.0010724995593521783,0.010901515334574202,0.0013847396821841398,0.0013626894168217753
7,10,token_10,0.00015361947535093518,0.0011149845516869542,0.00013945612595567532,0.00013937306896086928
7,11,token_11,0.00036766306614484845,0.002943976691869446,0.00037965506260401123,0.00036799708648368074
7,12,token_12,0.0006971908923172777,0.006250589454335448,0.0007834644760028723,0.000781323681791931
7,13,token_13,9.559275826934892e-05,0.0007216677633248736,8.973029012883283e-05,9.02084704156092e-05
7,14,token_14,0.0008070915671294735,0.006102084039009752,0.0007803695298353915,0.000762760504876219
7,15,token_15,0.00029044708694435953,0.0020452862246794195,0.0002602504814942523,0.00025566077808492744
7,16,token_16,0.0007250885974852741,0.006744557460500892,0.0008199406790132454,0.0008430696825626115
7,17,token_17,0.00045411200898674305,0.004114685296724279,0.0005072237818181554,0.0005143356620905348
7,18,token_18,0.0001518020078397868,0.0014036960055213775,0.00017383877174260634,0.00017546200069017218
7,19,token_19,0.00018466826862410956,0.0013635992772235476,0.00017077985057964608,0.00017044990965294345
7,20,token_20,0.00010039696983137023,0.0008437680088015,0.00010492441553917393,0.0001054710011001875
7,21,token_21,8.974314133207296e-05,0.0007597920391290271,9.274555669200641e-05,9.497400489112838e-05
7,22,token_22,6.0844140992848793e-05,0.0004907788952320199,6.196560966601711e-05,6.134736190400249e-05
7,23,token_23,0.0005290481584836715,0.00422917173970088,0.0005598220171123572,0.00052864646746261
7,24,token_24,0.0005684987360180046,0.004622769730642799,0.0005911871506553969,0.0005778462163303499
7,25,token_25,0.0016093768392258458,0.011504085822623689,0.0014637075562689156,0.001438010727827961
7,26,token_26,0.004727265428066448,0.03185504247276978,0.004041262723888349,0.003981880309096223
7,27,token_27,0.0013857067959862478,0.008793771842409672,0.001122651818221273,0.001099221480301209
7,28,token_28,0.0017199063965253275,0.015377305317350848,0.0019154249507073121,0.001922163164668856
7,29,token_29,0.0007929621733371842,0.005840297548044336,0.0007222965411694769,0.000730037193505542
7,30,token_30,0.0007170427915400199,0.0057682735181130654,0.000717239268171598,0.0007210341897641332
7,31,token_31,0.0001840187105723432,0.0015067363701731279,0.00018755605869864774,0.00018834204627164099
7,32,token_32,5.908249796829882e-05,0.0005970014524899333,7.252846225947719e-05,7.462518156124167e-05
7,33,token_33,0.0003616206914354729,0.002852468799723412,0.0003600272279415354,0.0003565585999654265
7,34,token_34,0.0006786142060874038,0.0050641541851593076,0.0006441979880091494,0.0006330192731449134
7,35,token_35,0.0005364866450857955,0.0046940369967852094,0.0005843995506823474,0.0005867546245981512
7,36,token_36,0.0001159649325276888,0.0007313348108389323,9.458505596234198e-05,9.141685135486654e-05
7,37,token_37,3.319897135650189e-05,0.0003037837663659556,3.775345826485569e-05,3.797297079574445e-05
7,38,token_38,0.000542830417102665,0.0037008951376782634,0.00047292369748767773,0.0004626118922097829
7,39,token_39,0.00029754757808268746,0.002886933077646873,0.0003501652609207033,0.0003608666347058591
7,40,token_40,0.00014845181345443979,0.001256599591881453,0.00015980175300829406,0.00015707494898518164
7,41,token_41,0.0009639266671975509,0.007556061071114692,0.0009680496057204506,0.0009445076338893364
7,42,token_42,0.00045568410119606643,0.0035390909830256938,0.0004523710781182417,0.0004423863728782117
7,43,token_43,0.0005450594712876416,0.00495554596525254,0.0006160414403750467,0.0006194432456565675
7,44,token_44,0.0003551561758957252,0.002583499002470691,0.0003287551152631726,0.0003229373753088364
7,45,token_45,0.0004449265602340088,0.004198803456288334,0.0005262425595262363,0.0005248504320360417
7,46,token_46,0.000544549920767101,0.004785471246744478,0.0005958430427889296,0.0005981839058430597
7,47,token_47,7.631774389510693e-05,0.0005702624810087979,7.167862165033429e-05,7.128281012609973e-05
7,48,token_48,0.00031748638550560966,0.0026465851380904916,0.0003354887688827183,0.00033082314226131146
7,49,token_49,0.0006642471271926135,0.005018925126586463,0.0006343397405384736,0.0006273656408233079
7,50,token_50,0.0009779633636801423,0.008647443648719515,0.0010517416111020482,0.0010809304560899394
7,51,token_51,0.00016282332759058816,0.0012323760644543827,0.00015609842096126744,0.00015404700805679783
7,52,token_52,0.00023990595418089,0.0023775242407592916,0.00029369300936937673,0.00029719053009491145
7,53,token_53,0.00016946428948450232,0.0014239542626639746,0.00017712304694717906,0.00017799428283299683
7,54,token_54,0.0020046449952494513,0.01315782231145509,0.001712560350700555,0.0016447277889318863
7,55,token_55,0.0007762448722840824,0.006408430167127215,0.0008240068437602903,0.0008010537708909019
7,56,token_56,0.0011335520769965837,0.009370802094858653,0.0011722240332845955,0.0011713502618573316
7,57,token_57,0.00044068981911138904,0.0033330416030025864,0.0004145901925925647,0.0004166302003753233
7,58,token_58,0.0005102385081472774,0.004770612648730812,0.0005919440702859058,0.0005963265810913515
7,59,token_59,0.0006842554246019814,0.005882343548010217,0.0007512776341134875,0.0007352929435012771
7,60,token_60,0.0002654885740836644,0.0019297498830174236,0.00024239954752413873,0.00024121873537717795
7,61,token_61,0.001002656098103286,0.008578359001243747,0.0010645660575697526,0.0010722948751554684
7,62,token_62,0.00038597259660742546,0.003295522713331434,0.0004083715524179694,0.0004119403391664292
7,63,token_63,0.0012340245798505643,0.010055546104793379,0.001277204818800388,0.0012569432630991724
7,64,token_64,5.897025975166744e-05,0.00046290717080580643,5.733751444136455e-05,5.7863396350725804e-05
7,65,token_65,0.0004111785353739639,0.003209082002251411,0.0004621694655838807,0.0004584402860359159
7,66,token_66,0.0010258892871705943,0.005686121394259996,0.000955343132776561,0.0009476868990433326
7,67,token_67,0.0020306254585583726,0.011219408123898636,0.002204886011823733,0.002243881624779727
7,68,token_68,0.002033289463346425,0.0075987667533500385,0.0019216452265912684,0.0018996916883375096
7,69,token_69,0.00027293214457908344,0.0008911466363542624,0.0003210632402285648,0.0002970488787847541
7,70,token_70,0.00022521704555604762,0.0004450415460525535,0.00022090300950841426,0.00022252077302627676
7,71,token_71,7.774634506762357e-05,7.774634506762357e-05,7.774634506762357e-05,7.774634506762357e-05
8,0,token_0,0.0002292291235506269,0.00212390063719879,0.0002321242522250863,0.00023929429246562933
8,1,token_1,0.0005704184738165693,0.004897089776077419,0.0005503819834499836,0.0005414547682677641
8,2,token_2,0.00012023428295397559,0.0011226755267242927,0.00012365320430522147,0.00012616762884077158
8,3,token_3,0.00039397734587458017,0.0035661512066727753,0.0003918020149444713,0.0003992359845411301
8,4,token_4,0.00020657921958374526,0.0018350210266967464,0.00019670961734568948,0.0002074544061753305
8,5,token_5,0.9557696035376112,8.634140843904623,0.9585120664329204,0.9589706115780459
8,6,token_6,0.0004231239476774054,0.003785533162382963,0.00042143171380966697,0.00042351049809925736
8,7,token_7,0.00022148979735950547,0.0020732349967171578,0.00023397733341709093,0.00022652140956346637
8,8,token_8,0.00014294127670820656,0.0012395108102410551,0.00013968869375214935,0.0001362792295176829
8,9,token_9,0.0013179387293432267,0.012219454063917428,0.0013713794916159572,0.0013273108388027399
8,10,token_10,0.00015017622571496792,0.0012651607774019221,0.00014160014590753386,0.00014088234902206008
8,11,token_11,0.0004102432116868914,0.0033542199035563373,0.0003857726924205873,0.00036263006635736585
8,12,token_12,0.0009249724761463197,0.007175561930481768,0.0008117660760315618,0.0007919474957564386
8,13,token_13,8.914177120345024e-05,0.0008108095345283238,8.961258634375633e-05,9.068136910701005e-05
8,14,token_14,0.0007599102848504043,0.006861994323860156,0.0007762776808383941,0.0007486930178030242
8,15,token_15,0.00026340598180424075,0.0023086922064836602,0.00026088158155625,0.00025726984162403226
8,16,token_16,0.0008656490391190908,0.007610206499619982,0.0008290823510344145,0.0008567818725719225
8,17,token_17,0.0005194567940461357,0.004634142090770415,0.0005096703842637515,0.0005186791285455922
8,18,token_18,0.00018853176916095064,0.0015922277746823281,0.00017677737122627523,0.00017736931507536497
8,19,token_19,0.00020132195861602696,0.0015649212358395746,0.00017688827218692227,0.0001745121086749718
8,20,token_20,0.00012114435628933226,0.0009649123650908322,0.0001081684036892056,0.0001075375666536752
8,21,token_21,0.00010261750992961455,0.0008624095490586416,9.471994733952804e-05,9.748744796079537e-05
8,22,token_22,6.696844092195873e-05,0.0005577473361539786,6.296617591720544e-05,6.17177063841306e-05
8,23,token_23,0.0005189963083808533,0.004748168048081734,0.0005516568753660564,0.0005027383742968558
8,24,token_24,0.0006008548791375633,0.005223624609780363,0.0005931206963518302,0.000568124188655544
8,25,token_25,0.0015864232423561358,0.013090509064979824,0.0014882506934863597,0.0014552466571312425
8,26,token_26,0.003752685093677447,0.03560772756644723,0.003983547197846169,0.003941464815278902
8,27,token_27,0.0010567138592198768,0.009850485701629549,0.0011094642264209938,0.0011039594360114729
8,28,token_28,0.0019513964905499362,0.017328701807900783,0.001922619258675837,0.0019180681558489427
8,29,token_29,0.0007328454775319207,0.006573143025576256,0.0007244063284419658,0.0007329863164168921
8,30,token_30,0.0006103507709340714,0.006378624289047137,0.0006958615687240928,0.0007104694701839817
8,31,token_31,0.00019196133770300975,0.0016986977078761376,0.00018843711449952015,0.00018900418990448046
8,32,token_32,8.34155061953191e-05,0.0006804169586852524,7.470587104664558e-05,7.631925607669892e-05
8,33,token_33,0.00033959671167691706,0.003192065511400329,0.00035594112468861173,0.0003527311181094969
8,34,token_34,0.0006412559109734636,0.005705410096132771,0.0006436095726020123,0.0006292573488058503
8,35,token_35,0.0005570238519432404,0.00525106084872845,0.000578924410934526,0.0005889942027843532
8,36,token_36,8.701130256489436e-05,0.0008183461134038267,9.307030528285247e-05,9.04747803235425e-05
8,37,token_37,3.8978216866607366e-05,0.00034276198323256293,3.799840998520603e-05,3.850618583704418e-05
8,38,token_38,0.00043214740939236264,0.004133042547070626,0.00046476843986861474,0.00046070394410344253
8,39,token_39,0.00035505685783744146,0.0032419899354843144,0.00035114358030405096,0.0003627373254051266
8,40,token_40,0.00015217719714018208,0.0014087767890216352,0.0001582768418346717,0.00015378937328642753
8,41,token_41,0.0010321771602783266,0.008588238231393017,0.0009808751166320258,0.0009469879817325323
8,42,token_42,0.00043300848883598186,0.003972099471861675,0.00044849856026178973,0.00043546521227311153
8,43,token_43,0.0006129992127465044,0.005568545177999044,0.0006154329948493382,0.0006127651654569404
8,44,token_44,0.00033392105513456753,0.0029174200576052587,0.0003297883032374516,0.0003186774945455202
8,45,token_45,0.0005202817725881009,0.004719085228876435,0.0005250504021386093,0.000516309873407432
8,46,token_46,0.0006214234316549434,0.005406894678399421,0.0006009591205621324,0.0006067170724150517
8,47,token_47,7.003292444079684e-05,0.0006402954054495947,7.13494822084268e-05,7.19837200555588e-05
8,48,token_48,0.00037179710346737843,0.00301838224155787,0.00034275043579965034,0.0003337581211595994
8,49,token_49,0.0006580421157395849,0.005676967242326048,0.0006390802155786958,0.0006291000140270478
8,50,token_50,0.0008953909209950956,0.00954283456971461,0.0010204714730806578,0.001068991465876765
8,51,token_51,0.00013013492016497025,0.001362510984619353,0.000150905720802008,0.0001510543362529187
8,52,token_52,0.0002990720886357345,0.0026765963293950263,0.0002947688252226483,0.000295718842502735
8,53,token_53,0.0001929518408951958,0.0016169061035591703,0.00018028880573678244,0.00017949126290206553
8,54,token_54,0.0015870463152168688,0.014744868626671959,0.001687457543603818,0.0016272910366881424
8,55,token_55,0.0007536469813434357,0.007162077148470651,0.0008099348712769195,0.0007776634182480394
8,56,token_56,0.0009927865607225347,0.010363588655581188,0.0011363365387721833,0.0011492924239616393
8,57,token_57,0.0004191945084105605,0.003752236111413147,0.0004155110557561639,0.0004209641343582058
8,58,token_58,0.0004927354490910519,0.005263348097821864,0.0005721023460469351,0.0005857876917898833
8,59,token_59,0.0008501932360093094,0.006732536784019526,0.000771060754492652,0.0007413847383573631
8,60,token_60,0.0002438563133915082,0.002173606196408932,0.00024269090069761263,0.0002432944419098812
8,61,token_61,0.0012410402775507186,0.009819399278794466,0.0010998609015659458,0.0010992351189345558
8,62,token_62,0.0004017011175868229,0.003697223830918257,0.00040703746545174015,0.0004155512969318575
8,63,token_63,0.00150145411976487,0.011557000224558248,0.0013220546789932844,0.0012706612414875207
8,64,token_64,6.327898104747176e-05,0.0005261861518532782,5.8525807762586e-05,5.9601345475181083e-05
8,65,token_65,0.0005143252052428439,0.003723407207494255,0.00047260061351567337,0.0004654259009367819
8,66,token_66,0.000953975221888185,0.006640096616148181,0.0009550695505988858,0.0009485852308783115
8,67,token_67,0.0020281444638508375,0.013247552587749473,0.002169537702229154,0.0022079254312915787
8,68,token_68,0.0018837075703485892,0.009482474323698628,0.0019140576953427327,0.0018964948647397257
8,69,token_69,0.0002801785673933047,0.001171325203747567,0.00031288630566151277,0.00029283130093689174
8,70,token_70,0.00022257042731240348,0.000667611973364957,0.00022123649306921212,0.00022253732445498567
8,71,token_71,8.603889853435333e-05,0.00016378524360197692,7.940485576096953e-05,8.189262180098846e-05
8,72,token_72,0.0015649267716678007,0.0015649267716678007,0.0015649267716678007,0.0015649267716678007
9,0,token_0,0.00022509253338886008,0.00234899317058765,0.0002307179084578411,0.00023394838111444745
9,1,token_1,0.0005675583638776601,0.005464648139955079,0.000553817259535519,0.0005467158375774953
9,2,token_2,0.00011644409090914794,0.0012391196176334406,0.00012221138162600678,0.00012196154138246552
9,3,token_3,0.0003484793178880046,0.00391463052456078,0.00038313747553317797,0.0003951394440525254
9,4,token_4,0.00019607440722211892,0.0020310954339188654,0.00019658257532097537,0.00020104690922529542
9,5,token_5,0.9553204904886068,9.58946133439323,0.9578737512440578,0.9581171043306205
9,6,token_6,0.0004262810121601574,0.004211814174543121,0.0004224015734797651,0.0004241853206770653
9,7,token_7,0.00020388845993282666,0.0022771234566499846,0.0002279595587202381,0.00022377574308317128
9,8,token_8,0.00014171562194949486,0.00138122643219055,0.00014009407939161845,0.0001366205836933982
9,9,token_9,0.0013304565619649358,0.013549910625882363,0.0013631949056857528,0.0013290178896345776
9,10,token_10,0.00014128101727843752,0.0014064417946803597,0.0001415363201817146,0.0001396434721508167
9,11,token_11,0.00036920679722016365,0.003723426700776501,0.0003824595133805026,0.0003634113178473783
9,12,token_12,0.0009083350084142674,0.008083896938896036,0.0008310798625081029,0.0008052293813275199
9,13,token_13,9.028340889514217e-05,0.000901092943423466,8.97467508540335e-05,8.94692257584953e-05
9,14,token_14,0.0008005231952483903,0.007662517519108547,0.0007811267837203934,0.0007488442220606494
9,15,token_15,0.00025271122610274864,0.002561403432586409,0.00025924751046554976,0.0002585069550670187
9,16,token_16,0.0008897767599767492,0.008499983259596732,0.0008412212328228815,0.000848117773832364
9,17,token_17,0.000487162473996086,0.0051213045647665,0.0005051688022102185,0.0005118132792937331
9,18,token_18,0.00018865009504221908,0.0017808778697245473,0.00017915191598946403,0.0001765989726095481
9,19,token_19,0.00016546070005572414,0.0017303819358952988,0.00017460275776068264,0.00017332489214701955
9,20,token_20,0.00010409767105924374,0.001069010036150076,0.00010735425716321324,0.00010677232895539037
9,21,token_21,9.386617956300249e-05,0.0009562757286216441,9.454919378422294e-05,9.638037495638171e-05
9,22,token_22,5.7806633889953665e-05,0.0006155539700439322,6.193426751175508e-05,6.125665147455831e-05
9,23,token_23,0.0006156975508392383,0.005363865598920972,0.0005644650104606927,0.000528828866742867
9,24,token_24,0.0005559921585517591,0.005779616768332122,0.000585694988791816,0.00057222700857723
9,25,token_25,0.001378025576273857,0.01446853464125368,0.0014662056700438593,0.0014543152982216946
9,26,token_26,0.0043142343986638885,0.039921961965111115,0.004049684638009713,0.003967314254022794
9,27,token_27,0.001006046801475825,0.010856532503105374,0.00108878074143196,0.0010995834478033982
9,28,token_28,0.0019568654708530223,0.019285567278753805,0.0019294685011112742,0.0019121431089823904
9,29,token_29,0.0008398636316395363,0.007413006657215793,0.0007474977890814799,0.0007182081151003404
9,30,token_30,0.0007458704482444347,0.007124494737291572,0.0007058633446281611,0.0007159838737160135
9,31,token_31,0.00017859765449423258,0.0018772953623703702,0.00018646922249846267,0.00018580637926073187
9,32,token_32,7.411364058218376e-05,0.0007545305992674361,7.458742495375321e-05,7.596789047086308e-05
9,33,token_33,0.00036858327618924635,0.0035606487875895756,0.00035846955498873865,0.00034980654666296883
9,34,token_34,0.0006855411670882245,0.006390951263220996,0.0006519958914992547,0.0006276284224798513
9,35,token_35,0.0005985523205119835,0.005849613169240433,0.0005828499928500175,0.0005883776249937555
9,36,token_36,8.901983013342678e-05,0.0009073659435372535,9.226021025296733e-05,9.084451997108503e-05
9,37,token_37,3.709608853772776e-05,0.0003798580717702907,3.7817945695710375e-05,3.846262976467033e-05
9,38,token_38,0.0004884500665581501,0.004621492613628776,0.0004695047652065219,0.00046435297546559937
9,39,token_39,0.0003526108789481241,0.0035946008144324385,0.0003514370400328656,0.0003576128169119792
9,40,token_40,0.000172529608820095,0.0015813063978417303,0.00016112739523175637,0.00015360789695862437
9,41,token_41,0.0008925052822467903,0.009480743513639808,0.0009632011497549788,0.0009504852596852833
9,42,token_42,0.00042770488660016806,0.004399804358461844,0.0004443398255294654,0.00043459182928336416
9,43,token_43,0.0006350007598344485,0.006203545937833493,0.0006193465478463603,0.0006025003510281496
9,44,token_44,0.00036666642007888544,0.0032840864776841443,0.00033716392660573834,0.0003169418295441676
9,45,token_45,0.000588704344018001,0.005307789572894436,0.0005377811905144876,0.0005223460690627811
9,46,token_46,0.0005988281687679221,0.006005722847167343,0.0006005329302032903,0.0005997093448130205
9,47,token_47,6.887630841599411e-05,0.0007091717138655888,7.085484744994027e-05,7.21055090478653e-05
9,48,token_48,0.00034026748911212764,0.0033586497306699976,0.0003422538464621458,0.00033453342003071857
9,49,token_49,0.0006432286001772311,0.006320195842503279,0.0006399098924984029,0.0006266731473129886
9,50,token_50,0.001050715262329629,0.01059354983204424,0.001026520230930452,0.0010611867567037624
9,51,token_51,0.00014435216690241977,0.0015068631515217728,0.00014959501002209037,0.00015286768978763548
9,52,token_52,0.00032766547055431555,0.003004261799949342,0.00030134815428898177,0.0002924595088877739
9,53,token_53,0.0001829682055482141,0.0017998743091073844,0.0001808246856990688,0.00017923881844879454
9,54,token_54,0.0015049369312905591,0.01624980555796252,0.0016509534211411664,0.0016275380242027754
9,55,token_55,0.0007893823359408704,0.00795145948441152,0.0008058243642097098,0.0007776311199015088
9,56,token_56,0.001133418652807653,0.01149700730838884,0.0011357529615792772,0.001132927481272325
9,57,token_57,0.00043065966928984193,0.004182895780702989,0.0004185407784628995,0.00041954929695384684
9,58,token_58,0.000576873543342731,0.005840221641164595,0.0005730565855060943,0.0005794448478004536
9,59,token_59,0.0007865420823796223,0.007519078866399149,0.0007741570200700461,0.0007387364258548252
9,60,token_60,0.0002457165020838351,0.002419322698492767,0.00024329602097485716,0.00024189185618525902
9,61,token_61,0.0011375466690907304,0.010956945947885197,0.0011073980550709028,0.001114890941445948
9,62,token_62,0.0004056335732843079,0.004102857404202565,0.00040675668701825374,0.0004140365832510108
9,63,token_63,0.0013612666007056435,0.012918266825263891,0.0013298970633357564,0.0012900856512833374
9,64,token_64,6.485897883209962e-05,0.0005910451306853778,5.9792441976488725e-05,6.035050237542131e-05
9,65,token_65,0.00044661489278564713,0.004170022100279902,0.00046740346936966816,0.0004593829398743414
9,66,token_66,0.0009512077041025321,0.007591304320250713,0.0009542971812996151,0.0009489130400313392
9,67,token_67,0.0022218322821750164,0.01546938486992449,0.002179996618218327,0.0022099121242749272
9,68,token_68,0.0018030522777005731,0.011285526601399202,0.001891856611814301,0.0018809211002332002
9,69,token_69,0.0002889872987370067,0.0014603125024845735,0.00030810650427661156,0.0002920625004969147
9,70,token_70,0.00021746292178802972,0.0008850748951529867,0.00022048177881297566,0.00022126872378824667
9,71,token_71,7.842294372123593e-05,0.00024220818732321285,7.920847335302281e-05,8.073606244107094e-05
9,72,token_72,0.0013430611327857145,0.0029079879044535155,0.0015205536438913836,0.0014539939522267577
9,73,token_73,6.170704952301226e-05,6.170704952301226e-05,6.170704952301226e-05,6.170704952301226e-05
10,0,token_0,0.0002359238041914616,0.0025849169747791116,0.0002317590876045652,0.00023533029230311426
10,1,token_1,0.0005910084179454881,0.006055656557900566,0.0005612554912175128,0.0005564648273657538
10,2,token_2,0.0001198369083928774,0.001358956526026318,0.00012173648697938092,0.00012351133376358134
10,3,token_3,0.0004039742679788469,0.004318604792539627,0.0003873048340223118,0.00039038726529180986
10,4,token_4,0.00020363104286200728,0.002234726476780873,0.00019799226882918176,0.00020089332563542434
10,5,token_5,0.9535990021568403,10.54306033655007,0.9570188014266143,0.9568725805122982
10,6,token_6,0.00039017229465042135,0.004601986469193542,0.0004159557177138964,0.00042269264644729463
10,7,token_7,0.00022811270537460344,0.002505236162024588,0.00022799018805111119,0.0002228178931876829
10,8,token_8,0.00014910133520404189,0.0015303277673945918,0.00014189553055410316,0.00013958846249478274
10,9,token_9,0.0012548411772781761,0.01480475180316054,0.0013415241600042377,0.0013350196992507196
10,10,token_10,0.0001506091392848913,0.001557050933965251,0.00014335088400234993,0.00014320181717726894
10,11,token_11,0.0003549440863941877,0.0040783707871706884,0.00037695642798323963,0.00037035067031524995
10,12,token_12,0.0008279506811497159,0.008911847620045751,0.0008304540262364256,0.0008128895476340759
10,13,token_13,9.901957886596072e-05,0.0010001125222894268,9.160131645641894e-05,9.058636144673623e-05
10,14,token_14,0.0008820851791398583,0.008544602698248405,0.0008013184628042864,0.0007706344543483272
10,15,token_15,0.00032997944266419533,0.0028913828752506043,0.00027339389690527886,0.0002679776564135388
10,16,token_16,0.0008579057466563936,0.009357889006253126,0.000844558135589584,0.0008427618225105873
10,17,token_17,0.00046497890389214305,0.005586283468658643,0.0004971308225466033,0.0005028639597311939
10,18,token_18,0.0001877204217265479,0.0019685982914510953,0.0001808656171368808,0.0001794667946976338
10,19,token_19,0.0001964362306386717,0.0019268181665339705,0.00017896945233628045,0.00017647067734145324
10,20,token_20,0.00010398030522761,0.001172990341377686,0.00010667946677609259,0.00010724253245718066
10,21,token_21,9.869675125667985e-05,0.0010549724798783239,9.537870527871433e-05,9.646117709083588e-05
10,22,token_22,5.6919635441270994e-05,0.0006724736054852032,6.093134109765826e-05,6.100201821420912e-05
10,23,token_23,0.0006547194662112854,0.006018585065132257,0.0005825159016108113,0.0005549628776429793
10,24,token_24,0.0008275613697417628,0.006607178138073885,0.0006340682649818054,0.0006113056220918129
10,25,token_25,0.0013578161123222975,0.01582635075357598,0.001444527758499547,0.0014526628133727582
10,26,token_26,0.004184572444356412,0.044106534409467525,0.004076662199279053,0.003981807870182936
10,27,token_27,0.0009865275217990344,0.011843060024904407,0.001068330097505375,0.001091406878495319
10,28,token_28,0.0019286032923933956,0.0212141705711472,0.0019292954593676985,0.001930261511491048
10,29,token_29,0.0007427360528615204,0.008155742710077313,0.0007465454418374881,0.0007191217565332761
10,30,token_30,0.0008634999400521275,0.0079879946773437,0.0007373906637129545,0.0007252015255215345
10,31,token_31,0.00019227703661192386,0.0020695723989822942,0.00018763078532115494,0.00018860317945686446
10,32,token_32,7.497675795086892e-05,0.000829507357218305,7.466529155317637e-05,7.559674303051884e-05
10,33,token_33,0.00031683656226530574,0.003877485349854881,0.00035014295644405206,0.00034762096182308524
10,34,token_34,0.0006314107329900338,0.00702236199621103,0.0006478788597974105,0.0006300791953218108
10,35,token_35,0.0006089146521695112,0.006458527821409945,0.0005880629247139162,0.0005921071487508918
10,36,token_36,9.989559987909713e-05,0.0010072615434163505,9.378728817819329e-05,9.304914258314911e-05
10,37,token_37,4.4866139961534116e-05,0.0004247242117318248,3.922758454887512e-05,3.971488390002218e-05
10,38,token_38,0.00046994811415261795,0.005091440727781394,0.0004695934349957411,0.00046814449403739735
10,39,token_39,0.00033436756356707904,0.003928968377999518,0.0003480231447397083,0.00035365647056036285
10,40,token_40,0.00016268168105440734,0.0017439880788961376,0.00016143825239628656,0.00015605619708384963
10,41,token_41,0.0009892362648623448,0.010469979778502152,0.000968408172776452,0.0009712156497295453
10,42,token_42,0.0004330204113144363,0.00483282476977628,0.0004420759426864596,0.0004338434502886916
10,43,token_43,0.0006356141888857056,0.006839160126719198,0.0006226000760542294,0.0006115308859133039
10,44,token_44,0.0003528913369315329,0.003636977814615677,0.00034030940867089726,0.0003267903113518323
10,45,token_45,0.0005636433234672178,0.005871432896361654,0.0005429536171050337,0.0005202189256587448
10,46,token_46,0.0006422193015062402,0.006647942148673583,0.0006088702044638804,0.0006116236755002623
10,47,token_47,7.459015532049083e-05,0.0007837618691860797,7.160190902405039e-05,7.286587050032046e-05
10,48,token_48,0.0003499665260668543,0.003708616256736852,0.00034379638238308754,0.00034101717490298624
10,49,token_49,0.0005572578860465579,0.006877453728549836,0.000623379491208034,0.0006222033201202718
10,50,token_50,0.0009565579491873457,0.011550107781231585,0.0010125277745818308,0.00101908518256046
10,51,token_51,0.00022337677295230447,0.0017302399244740773,0.0001643513626081332,0.0001606167693211056
10,52,token_52,0.0002968677397378511,0.003301129539687193,0.00030045207137875565,0.0002979547395313948
10,53,token_53,0.00019146435954327677,0.001991338668650661,0.00018295262046791037,0.0001816160849107711
10,54,token_54,0.0016637161352434358,0.017913521693205956,0.0016535059639616202,0.001658903088437773
10,55,token_55,0.0009082377041292431,0.008859697188540764,0.0008263070321936166,0.0008048381532919688
10,56,token_56,0.0013152733789460825,0.012812280687334924,0.0011716570450526383,0.0011542329275808227
10,57,token_57,0.0004836081821179473,0.0046665039628209365,0.00043155425919390913,0.00042943197605629956
10,58,token_58,0.0005660533188482638,0.006406274960012859,0.0005716559321745282,0.0005781004895545159
10,59,token_59,0.0006463045912572697,0.008165383457656418,0.0007485865343074909,0.0007522851193030169
10,60,token_60,0.00024547719319479834,0.002664799891687565,0.0002437322554188454,0.00024412757967159064
10,61,token_61,0.0012479149764397643,0.012204860924324962,0.0011355014393446751,0.0011355777504841562
10,62,token_62,0.0003925355042922455,0.004495392908494811,0.0004039124504730521,0.00040921754987579466
10,63,token_63,0.0015151217206677667,0.014433388545931658,0.0013669419948021584,0.0013370946049930867
10,64,token_64,5.874731664877041e-05,0.0006497924473341482,5.958341691094506e-05,6.1017063186288716e-05
10,65,token_65,0.0004906915347217185,0.004660713635001621,0.0004720610824400782,0.00046685206526347786
10,66,token_66,0.0009646509705937669,0.008555955290844481,0.0009563679391584455,0.000955419320972569
10,67,token_67,0.0024089794576130077,0.017878364327537498,0.002225793186097263,0.0022347955409421872
10,68,token_68,0.0021710305827077883,0.013456557184106991,0.0019476914059929984,0.0019223653120152844
10,69,token_69,0.00026379084672136915,0.0017241033492059426,0.0002992433727655631,0.00028735055820099044
10,70,token_70,0.00019791534489033423,0.001082990240043321,0.0002159684920284474,0.00021659804800866418
10,71,token_71,7.943348822204344e-05,0.0003216416755452563,7.925347632682695e-05,8.041041888631407e-05
10,72,token_72,0.0015644175111200296,0.004472405415573545,0.001529326417337113,0.0014908018051911817
10,73,token_73,6.391658105575108e-05,0.00012562363057876336,6.214895582956002e-05,6.281181528938168e-05
10,74,token_74,0.00021643619134984423,0.00021643619134984423,0.00021643619134984423,0.00021643619134984423
11,0,token_0,0.0001923175699759511,0.0027772345447550626,0.0002238707840788424,0.00023323642875849762
11,1,token_1,0.0005069458234942669,0.006562602381394833,0.0005503935576728637,0.0005571215734833803
11,2,token_2,0.0001234785573412821,0.0014824350833676,0.00012208490105176115,0.000123748871198987
11,3,token_3,0.0003685895433055488,0.004687194335845176,0.0003835617758789592,0.00038827221550209875
11,4,token_4,0.00018172025700037353,0.0024164467337812463,0.00019473786646342014,0.00019946386609957952
11,5,token_5,0.956717596603613,11.499777933153684,0.9569585604620141,0.9561068132157161
11,6,token_6,0.0003984264723091801,0.005000412941502722,0.00041244986863295317,0.0004223836157836902
11,7,token_7,0.00020824167276045635,0.002713477834785044,0.00022404048499298024,0.00022446570574317007
11,8,token_8,0.00012651196080187458,0.0016568397281964665,0.00013881881660365744,0.0001401536057821831
11,9,token_9,0.0012579886778614753,0.016062740481022016,0.0013248170635756851,0.001331927656687839
11,10,token_10,0.0001326088964673799,0.001689659830432631,0.00014120248649535593,0.00014120706800569083
11,11,token_11,0.00034932944665134113,0.004427700233822029,0.00037143103171685996,0.0003680647883162429
11,12,token_12,0.0007389427579659156,0.009650790378011666,0.0008121517725823236,0.0008156555792543463
11,13,token_13,8.125843689624372e-05,0.0010813709591856705,8.95327405443839e-05,9.088750775017833e-05
11,14,token_14,0.0007805352045736995,0.009325137902822104,0.0007971618111581691,0.0007828478361881547
11,15,token_15,0.00018558966420755238,0.003076972539458157,0.00025583305036573357,0.00026647031050463046
11,16,token_16,0.0007905863143853463,0.010148475320638473,0.0008337637713487366,0.0008480499070849184
11,17,token_17,0.000463704722674599,0.006049988191333242,0.0004904456025722025,0.000499929659868812
11,18,token_18,0.00017148703408734146,0.002140085325538437,0.00017898990052697295,0.00017816016907684732
11,19,token_19,0.00018739702473490906,0.0021142151912688797,0.0001806549668160062,0.00017848599637258961
11,20,token_20,8.682455697978542e-05,0.0012598148983574715,0.00010270848481683116,0.00010562762603658802
11,21,token_21,9.000098354927163e-05,0.0011449734634275954,9.43031609328258e-05,9.649645584830423e-05
11,22,token_22,6.805220212904521e-05,0.0007405258076142485,6.235551330393565e-05,6.267405843242592e-05
11,23,token_23,0.0005023378982615611,0.006520922963393818,0.0005664803009409612,0.0005554124482394047
11,24,token_24,0.0005324679183168063,0.007139646056390691,0.0006137481956488056,0.0006052309138538923
11,25,token_25,0.001336796142615895,0.017163146896191875,0.0014229814353228167,0.0014604279255280457
11,26,token_26,0.004191473529691696,0.04829800793915922,0.004099624465361582,0.004070209734496689
11,27,token_27,0.0010381877858839808,0.012881247810788388,0.0010623016351810962,0.0010940727636032388
11,28,token_28,0.0017444535931074574,0.02295862416425466,0.0018923270861156503,0.0019057147415719126
11,29,token_29,0.0007640402898067102,0.008919782999884024,0.0007500444114313325,0.0007355257480067444
11,30,token_30,0.0006321763976033661,0.008620171074947067,0.0007163478104910369,0.000722159944296133
11,31,token_31,0.00016545009057048916,0.0022350224895527834,0.0001831946463710218,0.0001849657795069202
11,32,token_32,7.721424066599303e-05,0.000906721597884298,7.51750813757397e-05,7.655846264538403e-05
11,33,token_33,0.0003479619905710587,0.004225447340425939,0.00034970676326945337,0.0003525477303021187
11,34,token_34,0.0006383871619722742,0.007660749158183304,0.0006459805202323833,0.0006492042246374916
11,35,token_35,0.0005912794107711624,0.007049807232181108,0.0005887062219253655,0.0006034400679082392
11,36,token_36,9.244128170989165e-05,0.0010997028251262422,9.351808688453297e-05,9.407556844821598e-05
11,37,token_37,3.6104445758437213e-05,0.00046082865749026204,3.860295679078754e-05,3.9316792182669886e-05
11,38,token_38,0.0003892858929390989,0.005480726620720493,0.00045353192658441273,0.0004719592817160504
11,39,token_39,0.0003590700192891889,0.004288038397288706,0.00035023251964960445,0.00035026662669035804
11,40,token_40,0.00015606348849071634,0.001900051567386854,0.00016036329961517253,0.00015826246903644423
11,41,token_41,0.0009308401378134818,0.011400819916315634,0.000960894565783858,0.0009714878298109875
11,42,token_42,0.0004509385393142815,0.005283763309090562,0.000443848462012024,0.00044515466225094236
11,43,token_43,0.0005880838873087376,0.0074272440140279354,0.000615696838305131,0.0006159241562943117
11,44,token_44,0.00032362810798076274,0.00396060592259644,0.00033697314853287037,0.00032767435640935344
11,45,token_45,0.0004484314556151564,0.006319864351976811,0.0005240491848070583,0.000520044233337927
11,46,token_46,0.0005656532330035273,0.007213595381677111,0.0006002268101718098,0.000618399273749769
11,47,token_47,6.248828606885013e-05,0.0008462501552549298,6.977918443301034e-05,7.291137674425303e-05
11,48,token_48,0.00030341883857391047,0.0040120350953107625,0.0003357208736212522,0.0003404360548466872
11,49,token_49,0.000761301322548813,0.007638755051098649,0.0006509638574761898,0.0006487296100627273
11,50,token_50,0.0010060767386726168,0.012556184519904201,0.001011237567399988,0.0010062039355701203
11,51,token_51,0.00015143678680918897,0.0018816767112832663,0.00016176844744834434,0.00016154445211791994
11,52,token_52,0.00030871970651320454,0.0036098492462003974,0.00030210559840564545,0.00030063533937666983
11,53,token_53,0.00017166584825223564,0.0021630045169028964,0.00018069526602477543,0.0001815166610700972
11,54,token_54,0.0018917458653573483,0.019805267558563305,0.001701153944240766,0.0017148311779092078
11,55,token_55,0.0007323368069829818,0.009592033995523747,0.0008075129871514897,0.0008044755602702946
11,56,token_56,0.0011548266214329366,0.013967107308767861,0.0011682909603286979,0.0011684474757133094
11,57,token_57,0.0003638722450021123,0.005030376207823049,0.0004180178563555498,0.0004243489654651009
11,58,token_58,0.000505437094020778,0.006911712054033637,0.0005584121645437782,0.0005703917317935424
11,59,token_59,0.0007090711219393993,0.008874454579595818,0.0007406834518338726,0.0007496926032328817
11,60,token_60,0.0002473236814058306,0.0029121235730933956,0.0002444505406162424,0.0002474895412486586
11,61,token_61,0.0009840750543202799,0.013188935978645242,0.0011052161623397961,0.001117810276323812
11,62,token_62,0.00038662087607805657,0.004882013784572867,0.00040045413559405303,0.0004135679603778608
11,63,token_63,0.0013460611937431114,0.01577944973967477,0.001362765834590349,0.0013563373202757452
11,64,token_64,5.8324024613423454e-05,0.0007081164719475717,5.933153845144074e-05,6.054949443477894e-05
11,65,token_65,0.0005122129083967955,0.005172926543398416,0.0004800914476314217,0.00047396668794625783
11,66,token_66,0.0009366219931312214,0.009492577283975703,0.0009524187499530008,0.0009655248162445315
11,67,token_67,0.0018279906473406286,0.019706354974878125,0.002146232678345936,0.0021970059191604857
11,68,token_68,0.001981788807161486,0.015438345991268476,0.001954510886226696,0.0019297932489085595
11,69,token_69,0.0002629408868452988,0.0019870442360512414,0.0002919828755815102,0.0002838634622930345
11,70,token_70,0.00021399449914265457,0.0012969847391859756,0.00021557369345128884,0.0002161641231976626
11,71,token_71,9.597325221350091e-05,0.0004176149277587572,8.259743150416174e-05,8.352298555175145e-05
11,72,token_72,0.0013410057039753118,0.005813411119548856,0.0014916622746647527,0.001453352779887214
11,73,token_73,6.970242542806904e-05,0.0001953260560068324,6.365964974926184e-05,6.51086853356108e-05
11,74,token_74,0.00024637467557045857,0.0004628108669203028,0.0002224238881939671,0.0002314054334601514
11,75,token_75,0.000255690765632068,0.000255690765632068,0.000255690765632068,0.000255690765632068
12,0,token_0,0.00028835786488132535,0.003065592409636388,0.000236768200239339,0.00023673883177479624
12,1,token_1,0.0005846319877281864,0.007147234369123019,0.0005572412436839283,0.0005570201252332825
12,2,token_2,0.0001222840826233605,0.0016047191659909605,0.00012212473736608102,0.00012428426618568022
12,3,token_3,0.0004516400754058413,0.005138834411251017,0.00039717743578433567,0.0003962725637094592
12,4,token_4,0.00022680236927208073,0.002643249103053327,0.00020115076702515225,0.00020073149547768343
12,5,token_5,0.9538588145689451,12.45363674772263,0.9563386112834004,0.9556199812664005
12,6,token_6,0.00042810635113083435,0.005428519292633557,0.00041558116513252944,0.0004283305164360419
12,7,token_7,0.00026840873372753867,0.002981886568512583,0.00023291413473989196,0.00023371601537910578
12,8,token_8,0.00014501670065241286,0.0018018564288488793,0.00014005839341340855,0.00014111432772982
12,9,token_9,0.0015102543516298337,0.017572994832651852,0.0013619045211865149,0.0013511578896553632
12,10,token_10,0.00019240255202650395,0.0018820623824591348,0.00015144249960158553,0.00014752734175589209
12,11,token_11,0.00037811876125430204,0.004805818995076331,0.0003727685776243484,0.00036970514707250626
12,12,token_12,0.0008446469584706148,0.010495437336482281,0.0008186508097599819,0.0008240018342736335
12,13,token_13,9.95027459343787e-05,0.0011808737051200492,9.152674162238285e-05,9.161055235146193e-05
12,14,token_14,0.000746449747726471,0.010071587650548575,0.0007870193984718296,0.0007868655024735807
12,15,token_15,0.00025496395764803615,0.0033319364971061928,0.0002556592318221941,0.00026090091273912115
12,16,token_16,0.0008650915306473985,0.01101356685128587,0.000840029323208469,0.000844645017293301
12,17,token_17,0.0005159714435507128,0.006565959634883955,0.0004955507707679046,0.0005052408173130665
12,18,token_18,0.00016308455053510725,0.002303169876073544,0.0001758088305285998,0.0001788907596691583
12,19,token_19,0.00017727811935721772,0.0022914933106260972,0.0001799795973242485,0.00017895175594807717
12,20,token_20,0.00010342893679823843,0.0013632438351557099,0.00010285257521311263,0.00010381364368865268
12,21,token_21,0.00010823174185798973,0.0012532052052855853,9.708887711785859e-05,9.684029913201346e-05
12,22,token_22,6.181817738917587e-05,0.0008023439850034244,6.224804612098369e-05,6.285206128238603e-05
12,23,token_23,0.00048386302341150175,0.00700478598680532,0.0005499568454350694,0.0005429962776629858
12,24,token_24,0.0005735085164864921,0.007713154572877183,0.000605700259816343,0.0005971220505208941
12,25,token_25,0.0016075653613391552,0.01877071225753103,0.0014598982205260844,0.0014701832814938516
12,26,token_26,0.003586544992230652,0.05188455293138987,0.003997008570735396,0.004062210443725623
12,27,token_27,0.0011592004511292156,0.014040448261917603,0.00108168139837072,0.001092809183594158
12,28,token_28,0.0020008892642910253,0.024959513428545684,0.0019140395217507255,0.001909617700888799
12,29,token_29,0.000722784537125833,0.009642567537009856,0.0007445924365702326,0.0007454035658815651
12,30,token_30,0.0006669767724633166,0.009287147847410384,0.0007064736028854928,0.0007131724231509831
12,31,token_31,0.00018478387992553141,0.0024198063694783147,0.00018351249308192375,0.00018420903462630547
12,32,token_32,8.209812189649028e-05,0.0009888197197807883,7.655968947988982e-05,7.634650098650162e-05
12,33,token_33,0.0003791218289875142,0.004604569169413454,0.0003555897764130656,0.00035636505335742165
12,34,token_34,0.0005888095940692722,0.008249558752252577,0.0006345463349997612,0.0006486946541312524
12,35,token_35,0.0006276579586191748,0.007677465190800282,0.0005964965692641273,0.0006099125288194239
12,36,token_36,8.146402307160038e-05,0.0011811668481978427,9.110727412194646e-05,9.270334967414786e-05
12,37,token_37,4.341415992073806e-05,0.0005042428174110001,3.956519741677765e-05,3.987588123296775e-05
12,38,token_38,0.00047870153973251085,0.005959428160453004,0.0004585658492140324,0.0004686195837003928
12,39,token_39,0.00041789288711009155,0.004705931284398798,0.00036376459314170186,0.0003562673156054521
12,40,token_40,0.00015143253551646836,0.0020514841029033223,0.0001585771467954317,0.00015919707673587837
12,41,token_41,0.000926662906303203,0.012327482822618837,0.0009540482338877271,0.0009692178784463776
12,42,token_42,0.0004793435834362761,0.005763106892526838,0.00045094748629687445,0.0004529680213372616
12,43,token_43,0.0006291597424698283,0.008056403756497764,0.0006183894191380705,0.0006098575832104516
12,44,token_44,0.00027110988017142984,0.00423171580276787,0.00032380049486058226,0.0003257976128048572
12,45,token_45,0.0005473980439674154,0.006867262395944226,0.0005287189566391297,0.000526876288313683
12,46,token_46,0.0007663465899153685,0.00797994197159248,0.0006334507661205215,0.0006351552201850499
12,47,token_47,7.910336157502934e-05,0.0009253535168299591,7.164401986141414e-05,7.308168864770784e-05
12,48,token_48,0.00032798480503229264,0.004340019900343055,0.0003341736599034603,0.0003412884962732333
12,49,token_49,0.0005545461796201103,0.00819330123071876,0.000631680321904974,0.0006379156323681038
12,50,token_50,0.0010790781931700108,0.013635262713074211,0.0010248056925539926,0.0010138473011485388
12,51,token_51,0.0001387268260571441,0.0020204035373404105,0.00015716012317010432,0.00015781112711829465
12,52,token_52,0.0002742015269398924,0.0038840507731402896,0.0002965247841124948,0.0002983278664902235
12,53,token_53,0.00016932145355476707,0.0023323259704576636,0.00017842050353077376,0.00017773487225290643
12,54,token_54,0.0017255342553114184,0.021530801813874723,0.0017060300064548966,0.0017201198310721137
12,55,token_55,0.0006911038169420588,0.010283137812465806,0.0007842311531096036,0.0007928313246198612
12,56,token_56,0.0010609794320443795,0.015028086740812241,0.0011468286546718342,0.001162014710121837
12,57,token_57,0.00035963235034778505,0.005390008558170834,0.0004063407551539969,0.00041445239163042595
12,58,token_58,0.0005457437127164534,0.0074574557667500905,0.0005558784741783133,0.0005669391911491172
12,59,token_59,0.0007927100801725001,0.009667164659768319,0.0007510887775015982,0.0007625393096309989
12,60,token_60,0.00025200227343212853,0.003164125846525524,0.00024596088717941965,0.0002481782841415103
12,61,token_61,0.0010710958857871914,0.014260031864432433,0.0010983921070292753,0.0011121124569278226
12,62,token_62,0.0004557296413418117,0.005337743425914678,0.0004115092367436048,0.0004147333437797717
12,63,token_63,0.0013898091787258684,0.01716925891840064,0.0013681745034174531,0.0013528603402578171
12,64,token_64,6.977490387390709e-05,0.0007778913758214788,6.142021153593402e-05,6.234494006171494e-05
12,65,token_65,0.0004894174346606914,0.005662343978059108,0.0004819566450372757,0.0004767304870903414
12,66,token_66,0.0011065809331304035,0.010599158217106107,0.0009832511865884813,0.0009911258460388406
12,67,token_67,0.0023513774279853763,0.022057732402863503,0.0021872616282738243,0.002199860273598696
12,68,token_68,0.0016576475469054688,0.017095993538173947,0.001895138218362451,0.0018945357088949865
12,69,token_69,0.00028715727261882765,0.002274201508670069,0.00029101775498897376,0.00028427518858375865
12,70,token_70,0.00022410567798333706,0.0015210904171693127,0.00021728009035769852,0.0002172986310241875
12,71,token_71,8.080949977921536e-05,0.0004984244275379726,8.223984515917247e-05,8.307073792299543e-05
12,72,token_72,0.001420248925774754,0.007233660045323611,0.0014773796048867531,0.0014467320090647221
12,73,token_73,6.949460040262255e-05,0.0002648206564094549,6.482663987993398e-05,6.620516410236373e-05
12,74,token_74,0.0002523460673671016,0.0007151569342874044,0.000228408324028594,0.00023838564476246814
12,75,token_75,0.0002644381428998228,0.0005201289085318908,0.00025744024108561897,0.0002600644542659454
12,76,token_76,0.0009072620910649962,0.0009072620910649962,0.0009072620910649962,0.0009072620910649962
13,0,token_0,0.0002503366264324,0.003315929036068788,0.0002394818854779512,0.00023777393314805537
13,1,token_1,0.0005730113063943062,0.007720245675517325,0.000560395256226004,0.0005573725694934984
13,2,token_2,0.00012657447663600238,0.0017312936426269628,0.0001230146852200653,0.00012303514411488034
13,3,token_3,0.0004171041169241075,0.005555938528175124,0.00040116277201229,0.0003944103567688757
13,4,token_4,0.00018187091896281263,0.0028251200220161398,0.00019729479741268434,0.00019246802663936682
13,5,token_5,0.9486729392457071,13.402309686968337,0.9548054768758618,0.9546553858234782
13,6,token_6,0.00048674588789855125,0.005915265180532108,0.00042981410968573385,0.00042469380476292863
13,7,token_7,0.0002202594156877339,0.0032021459842003167,0.00023038319092946036,0.00022989464623333493
13,8,token_8,0.00013881979645600685,0.0019406762253048862,0.0001398106740219282,0.00013958844255146206
13,9,token_9,0.0016936902875584867,0.019266685120210337,0.0014282616744609093,0.001375137976891992
13,10,token_10,0.00013733096909062447,0.0020193933515497593,0.00014862019349939332,0.0001475848242334779
13,11,token_11,0.00039419201177429765,0.005200011006850629,0.0003770532644543383,0.00037381746556440363
13,12,token_12,0.0008131507396988505,0.011308588076181132,0.0008175507957477557,0.0008209605078001589
13,13,token_13,0.00010000465614140141,0.0012808783612614505,9.322232452618656e-05,9.245265644034742e-05
13,14,token_14,0.0007581058580711286,0.010829693508619703,0.0007812366903916895,0.0007866250071028421
13,15,token_15,0.00027722424489137477,0.0036091607419975677,0.00025997223443603024,0.0002633275970520991
13,16,token_16,0.0008763131681634046,0.011889880019449276,0.0008472860921994562,0.000846015862770586
13,17,token_17,0.0005063194287233833,0.007072279063607338,0.0004977045023590004,0.0004940144726368617
13,18,token_18,0.00016514191473726838,0.002468311790810812,0.00017367544737033352,0.00017744651871131947
13,19,token_19,0.00015536920028278312,0.0024468625109088805,0.00017505751791595543,0.00017959610829347599
13,20,token_20,0.00011797842303795482,0.0014812222581936647,0.00010587774477808106,0.0001053177918520356
13,21,token_21,9.491011561202155e-05,0.0013481153208976069,9.665312481669119e-05,9.651769124608423e-05
13,22,token_22,6.281920920527026e-05,0.0008651631942086947,6.2362278737841e-05,6.19440955045644e-05
13,23,token_23,0.0006159266765358301,0.00762071266334115,0.0005631508116552215,0.0005586444461997179
13,24,token_24,0.0007174165114797272,0.00843057108435691,0.0006280435101490198,0.0006169810701352277
13,25,token_25,0.001616472614164423,0.02038718487169545,0.0014912130992537523,0.0014880335751544323
13,26,token_26,0.0037569413912798277,0.055641494322669696,0.003948995134844283,0.003989751030191304
13,27,token_27,0.0010373594684089196,0.015077807730326522,0.0010728170123783598,0.0010962148868575953
13,28,token_28,0.001986454474193765,0.02694596790273945,0.0019285225122393334,0.0019106676431768744
13,29,token_29,0.0007875329950827857,0.010430100532092642,0.0007531805482727433,0.0007653075441478598
13,30,token_30,0.0007203977816616224,0.010007545629072006,0.0007092584386407187,0.0007055667686129685
13,31,token_31,0.00020139911639988496,0.0026212054858782,0.000187089817745516,0.0001860780524283375
13,32,token_32,9.307949276733774e-05,0.0010818992125481261,7.98636501373794e-05,7.651392731036371e-05
13,33,token_33,0.00039783119100234607,0.0050024003604158,0.0003640380593309217,0.00036187081330696293
13,34,token_34,0.0006176141890071572,0.008867172941259735,0.0006311599058012404,0.0006415270340678539
13,35,token_35,0.0007653301782647188,0.008442795369065,0.0006302632910642457,0.0006156205953826789
13,36,token_36,0.0001033476065806972,0.00128451445477854,9.355534061369661e-05,9.453585837812883e-05
13,37,token_37,3.858771424151702e-05,0.0005428305316525172,3.936970078172553e-05,3.971860315272776e-05
13,38,token_38,0.0004946687856592165,0.006454096946112221,0.0004657864365030692,0.0004713892901334098
13,39,token_39,0.0003335227631622457,0.005039454047561043,0.0003577162271458106,0.0003503866310952705
13,40,token_40,0.00014313998156996436,0.0021946240844732865,0.00015548971375033824,0.00015860278709912037
13,41,token_41,0.0009752827426661274,0.013302765565284964,0.0009582951356434072,0.00096575847567858
13,42,token_42,0.000425779973633368,0.006188886866160205,0.0004459139837641732,0.0004436660344856152
13,43,token_43,0.0006578298317277582,0.008714233588225522,0.0006262775016560081,0.0006170407011466777
13,44,token_44,0.00037155158982132505,0.004603267392589195,0.00033335071385273083,0.00033677497257803094
13,45,token_45,0.0005700132248820314,0.007437275620826258,0.0005369778102877101,0.0005350943801256944
13,46,token_46,0.0005881505066799535,0.008568092478272433,0.000624390714232408,0.0006280088094130633
13,47,token_47,8.999011872895558e-05,0.0010153436355589147,7.531323963492244e-05,7.372609710578463e-05
13,48,token_48,0.00030586904055568767,0.0046458889408987425,0.00032851273603390585,0.0003352535797144111
13,49,token_49,0.0006179996246892254,0.008811300855407985,0.0006289441824618243,0.0006363178314721641
13,50,token_50,0.001015879026507603,0.014651141739581814,0.0010230203593447147,0.0010116242368339184
13,51,token_51,0.00014664601450742654,0.002167049551847837,0.00015505730143756876,0.00015627348672255976
13,52,token_52,0.0002950693957835916,0.0041791201689238815,0.0002962337064467142,0.00029407721287212364
13,53,token_53,0.00022738550069218645,0.00255971147114985,0.0001882135029630563,0.00018531895344350022
13,54,token_54,0.001678040972413434,0.023208842786288156,0.0017004321996466044,0.0017195143566374267
13,55,token_55,0.0008054804497723139,0.01108861826223812,0.0007884810124421458,0.0007903755209128315
13,56,token_56,0.0011863354791804546,0.016214422219992697,0.0011547300195735583,0.0011499248276239137
13,57,token_57,0.0004547857004908826,0.0058447942586617166,0.00041602974422137403,0.0004212221374401984
13,58,token_58,0.0006324525331823376,0.008089908299932428,0.0005711932859791182,0.0005633983459629964
13,59,token_59,0.0007934626409446378,0.010460627300712956,0.0007595635501902062,0.0007731037858240176
13,60,token_60,0.00025865082247805254,0.0034227766690035767,0.00024849887423914624,0.0002503120702901236
13,61,token_61,0.0010890436068596322,0.015349075471292065,0.0010965224069953467,0.0011089388610529176
13,62,token_62,0.0004303064547565828,0.0057680498806712615,0.00041526868034620043,0.00041366906152229976
13,63,token_63,0.0014188483399453114,0.018588107258345952,0.001378309270723025,0.0013810735925279568
13,64,token_64,6.812678532318471e-05,0.0008460181611446635,6.276152629338416e-05,6.255836471723961e-05
13,65,token_65,0.0004640557566809712,0.006126399734740079,0.0004783764673660148,0.0004757012203383272
13,66,token_66,0.0010318154677656823,0.011630973684871789,0.0009929640428239215,0.0010039485015442351
13,67,token_67,0.002287217531000176,0.02434494993386368,0.002207252808819095,0.002216055295577327
13,68,token_68,0.0016982603622884486,0.018794253900462396,0.0018557626471476505,0.0018792159039172083
13,69,token_69,0.0003178148245741976,0.0025920163332442668,0.0002963771689060185,0.00028036597586680433
13,70,token_70,0.00022145468197799198,0.0017425450991473046,0.00021811500868175723,0.00021781813739341307
13,71,token_71,8.665293763058543e-05,0.0005850773651685581,8.312246365345506e-05,8.358248073836544e-05
13,72,token_72,0.0013212315631635062,0.008554891608487117,0.001446149996542104,0.0014258152680811861
13,73,token_73,6.935875440315623e-05,0.00033417941081261113,6.573306278457844e-05,6.683588216252222e-05
13,74,token_74,0.00025527433379942343,0.0009704312680868278,0.0002337815259827599,0.00024260781702170695
13,75,token_75,0.00029642729598672313,0.0008165562045186139,0.0002652376520658398,0.0002721854015062046
13,76,token_76,0.000953635921338732,0.0018608980124037282,0.0009165368571197434,0.0009304490062018641
13,77,token_77,0.0042465852436187725,0.0042465852436187725,0.0042465852436187725,0.0042465852436187725
14,0,token_0,0.00019976227262550434,0.0035156913086942924,0.00023153796290746186,0.0002288909018911724
14,1,token_1,0.0005880271132618442,0.008308272788779169,0.000565921627633172,0.0005637023924747833
14,2,token_2,0.00011939848095845386,0.0018506921235854166,0.00012229144436774303,0.0001230234510321334
14,3,token_3,0.0004035988143640338,0.005959537342539158,0.0004016499804826388,0.000392857309559133
14,4,token_4,0.0001962020096206833,0.0030213220316368233,0.00019707623985428416,0.00019419358544714522
14,5,token_5,0.9504301122146631,14.352739799183,0.953930403943622,0.9539342937990256
14,6,token_6,0.00039284746404334405,0.0063081126445754514,0.00042242078055725594,0.00041899931561563137
14,7,token_7,0.0002145604086608978,0.0034167063928612143,0.00022721863447574788,0.00022331828511953545
14,8,token_8,0.00012728551744241808,0.0020679617427473043,0.00013730564270602618,0.00013724858736185108
14,9,token_9,0.0014603401828016773,0.020727025303012014,0.0014346773761290629,0.0013622511909737488
14,10,token_10,0.00013559349102429735,0.0021549868425740568,0.00014601485300437414,0.0001492027207797547
14,11,token_11,0.00035210690720553767,0.005552117914056166,0.00037206399300457815,0.0003719755360414462
14,12,token_12,0.0008313147663548143,0.012139902842535947,0.0008203035898691674,0.000823313035064722
14,13,token_13,8.512576436089392e-05,0.0013660041256223444,9.160301249312804e-05,9.249114007085248e-05
14,14,token_14,0.0008576381963602363,0.01168733170497994,0.0007965169915853989,0.0007990424041374577
14,15,token_15,0.00026961472804880944,0.003878775470046377,0.0002619007331585861,0.0002654920415389146
14,16,token_16,0.0008292054954575124,0.012719085514906789,0.0008436699728510675,0.0008374520814863961
14,17,token_17,0.0004997838560877288,0.007572062919695067,0.0004981203731047461,0.0004889362039946914
14,18,token_18,0.00015392835077651025,0.0026222401415873222,0.00016972602805156886,0.00017129326798821646
14,19,token_19,0.0001680846667894972,0.0026149471776983776,0.00017366294769066378,0.0001795020211373674
14,20,token_20,0.00010133761985988763,0.0015825598780535523,0.00010496971979444238,0.00010489860488542782
14,21,token_21,9.188998744660232e-05,0.0014400053083442092,9.570049734267341e-05,9.624455131840688e-05
14,22,token_22,5.85500604219064e-05,0.000923713254630601,6.159983507465408e-05,6.172231254892874e-05
14,23,token_23,0.0005216495032478636,0.008142362166589014,0.00055485054997375,0.0005552798231714756
14,24,token_24,0.0007420970716146533,0.009172668155971564,0.0006508542224421466,0.0006397996451683461
14,25,token_25,0.0012510498112972186,0.02163823468299267,0.0014431804416624456,0.0014679407124493537
14,26,token_26,0.0036665751322988724,0.05930806945496857,0.003892511134335201,0.004022536551283156
14,27,token_27,0.0009830402293416853,0.016060847959668206,0.001054861655771025,0.001081597864155598
14,28,token_28,0.001926792350204596,0.028872760252944045,0.001928176479832386,0.0019019201665148155
14,29,token_29,0.0007206553671243517,0.011150755899216994,0.0007466755120430651,0.0007629275655637303
14,30,token_30,0.0006347526605616593,0.010642298289633666,0.0006943572830249068,0.0006988834453825774
14,31,token_31,0.0001835972350328047,0.0028048027209110044,0.00018639130120297375,0.00018526063266377746
14,32,token_32,7.193706488221241e-05,0.0011538362774303386,7.8278333086346e-05,7.698966536358802e-05
14,33,token_33,0.0003670744386664429,0.005369474799082243,0.00036464533519802594,0.000359828336349288
14,34,token_34,0.000699020914822835,0.00956619385608257,0.0006447321076055593,0.000647581734626333
14,35,token_35,0.0005584605680622522,0.009001255937127252,0.000615902746463847,0.0006054631981784798
14,36,token_36,9.58481309266761e-05,0.001380362585705216,9.401389867629252e-05,9.562408842424655e-05
14,37,token_37,3.991566078816653e-05,0.0005827461924406837,3.9478892783013733e-05,3.902017467890375e-05
14,38,token_38,0.00042963939474862116,0.006883736340860842,0.0004585570281521796,0.00046570895253565545
14,39,token_39,0.0003249248619331328,0.005364378909494176,0.00035115795410327506,0.00034687417624124886
14,40,token_40,0.00016960230138905603,0.0023642263858623426,0.0001583122312780818,0.00015700982592941617
14,41,token_41,0.000893761726881179,0.014196527292166142,0.0009453884538909616,0.0009505491110311256
14,42,token_42,0.00045178502017486136,0.006640671886335067,0.0004470881910463109,0.0004446581255631799
14,43,token_43,0.0005721371617636231,0.009286370749989146,0.0006154494336775312,0.0006094855320030309
14,44,token_44,0.000328186393495184,0.004931453786084379,0.00033231784978122146,0.0003378888699386766
14,45,token_45,0.0005433135487529319,0.007980589169579189,0.0005382449579807545,0.0005283390341906079
14,46,token_46,0.0006004071122323412,0.009168499590504774,0.0006195939938323947,0.0006159472830659246
14,47,token_47,6.820671098470963e-05,0.0010835503465436243,7.389193390487988e-05,7.370070117874167e-05
14,48,token_48,0.0003138814476764891,0.0049597703885752315,0.00032558647836242253,0.0003288339544987937
14,49,token_49,0.0006844033785580176,0.009495704233966003,0.0006400360216810631,0.0006426282793215193
14,50,token_50,0.0010983262325482857,0.0157494679721301,0.001038081533985429,0.0010099984608863413
14,51,token_51,0.00014877410546825442,0.002315823657316091,0.0001538006622437059,0.00015578386505653709
14,52,token_52,0.0003250242661657115,0.004504144435089593,0.00030199181839051366,0.0002958157685638989
14,53,token_53,0.00018806391149603995,0.0027477753826458903,0.00018818358466965305,0.00018666067618330225
14,54,token_54,0.0019824176779845446,0.0251912604642727,0.0017568292953141925,0.0017547603935083823
14,55,token_55,0.000911450394216841,0.01200006865645496,0.0008130748887970849,0.0007959854202014782
14,56,token_56,0.0012448662951100647,0.017459288515102762,0.0011727572746808596,0.001152754812155086
14,57,token_57,0.0003752173661760156,0.006220011624837732,0.0004078672686123024,0.00041595748011831674
14,58,token_58,0.0005874977746854476,0.008677406074617875,0.0005744541837203841,0.0005521289917542926
14,59,token_59,0.0006529949654031423,0.011113622266116098,0.0007382498332327935,0.0007394417678384828
14,60,token_60,0.0002338497190284434,0.00365662638803202,0.0002455690431970057,0.00024904563488728265
14,61,token_61,0.0010365848209813347,0.0163856602922734,0.0010845348897925444,0.0011012446736416172
14,62,token_62,0.00039426466421189346,0.0061623145448831546,0.00041106787711933906,0.00040659555351989327
14,63,token_63,0.0014565626285990905,0.020044669886945043,0.001393959942298238,0.0014028935452502782
14,64,token_64,5.527125545972254e-05,0.0009012894166043861,6.126347212665185e-05,6.216906319378088e-05
14,65,token_65,0.00045779218319863925,0.006584191917938718,0.0004742596105325397,0.0004732860563826588
14,66,token_66,0.0009214774540340297,0.012552451138905818,0.0009786667250659433,0.0009865273789770518
14,67,token_67,0.0023626030629556876,0.026707552996819366,0.0022383228596464136,0.0021898462914348876
14,68,token_68,0.001969360164735497,0.020763614065197892,0.00187848215066522,0.0018997670968992847
14,69,token_69,0.00029515237573841794,0.002887168708982685,0.0002961322102724984,0.0002836192771509382
14,70,token_70,0.00020961697721700467,0.0019521620763643093,0.0002164154023888067,0.00021654219698347542
14,71,token_71,8.97948040489444e-05,0.0006748721692175025,8.445693173255293e-05,8.435902115218781e-05
14,72,token_72,0.0014802072606999318,0.010035098869187048,0.0014529614493736696,0.0014335855527410069
14,73,token_73,6.025273480381046e-05,0.0003944321456164216,6.463699718842485e-05,6.573869093607027e-05
14,74,token_74,0.0002131760499960901,0.0011836073180829178,0.00022966043078542596,0.00023672146361658356
14,75,token_75,0.0002673747724402448,0.0010839309769588587,0.0002656650761407208,0.0002709827442397147
14,76,token_76,0.0007519059710717092,0.0026128039834754373,0.0008836106799101366,0.0008709346611584791
14,77,token_77,0.003557751197820796,0.007804336441439568,0.004108818434459177,0.003902168220719784
14,78,token_78,0.00026334534760567336,0.00026334534760567336,0.00026334534760567336,0.00026334534760567336
15,0,token_0,0.00024146963521093207,0.0037571609439052247,0.0002335242973681559,0.0002328111787821327
15,1,token_1,0.0006173882443493182,0.008925661033128487,0.0005762149509764013,0.0005748737163584549
15,2,token_2,0.00013082041808644028,0.001981512541671857,0.00012399723911148247,0.0001223839122376925
15,3,token_3,0.0004205017588371502,0.006380039101376308,0.0004054203361535411,0.0004009831550722642
15,4,token_4,0.00020417095406630588,0.0032254929857031293,0.0001984951826966885,0.00019963139732376593
15,5,token_5,0.9480618830817802,15.30080168226478,0.9527566997712538,0.9528038052372209
15,6,token_6,0.0004395317199790381,0.00674764436455449,0.00042584296844161245,0.0004231543937311165
15,7,token_7,0.00022129221259708002,0.0036379986054582945,0.00022603335010001432,0.0002232816757625803
15,8,token_8,0.0001385612060327422,0.0022065229487800465,0.0001375567553713694,0.00013874417690589973
15,9,token_9,0.0013916261405392293,0.022118651443551244,0.0014260671290110961,0.0014021420136221302
15,10,token_10,0.00014780789842291082,0.0023027947409969677,0.0001463734620880815,0.00014847627366375163
15,11,token_11,0.00034378169705470154,0.005895899611110868,0.0003664075338146029,0.00036899036490517783
15,12,token_12,0.000784649260156468,0.012924552102692414,0.0008131727239266275,0.0008342453310446207
15,13,token_13,9.531457606668439e-05,0.0014613187016890288,9.234532520783932e-05,9.245636729551941e-05
15,14,token_14,0.0007618513029261326,0.012449183007906072,0.0007895838538535458,0.00079338737111204
15,15,token_15,0.00024616208143157824,0.004124937551477955,0.00025875300281318455,0.000259956415849817
15,16,token_16,0.0009206900024685619,0.01363977551737535,0.0008590739787745665,0.000861902257109307
15,17,token_17,0.0005365861845370509,0.008108649104232118,0.0005058135353912071,0.0004992454759384799
15,18,token_18,0.0001754200732830587,0.002797660214870381,0.00017086483709786684,0.00017424552616862547
15,19,token_19,0.00016440578829373623,0.0027793529659921137,0.0001718115158112783,0.00017696921109607076
15,20,token_20,0.00011014060258499152,0.0016927004806385438,0.00010600389635255222,0.00010611655897963048
15,21,token_21,0.00011257518823974038,0.0015525804965839495,9.90754355220868e-05,9.909855718186531e-05
15,22,token_22,5.627802246652709e-05,0.0009799912770971282,6.053547255302869e-05,6.115154773313853e-05
15,23,token_23,0.0006043712696708285,0.008746733436259842,0.0005647546939131657,0.0005646952120698703
15,24,token_24,0.0006935843071024602,0.009866252463074024,0.0006594002393742093,0.0006554353415539031
15,25,token_25,0.0017180820815010764,0.023356316764493745,0.001498160769630172,0.0014815288677337574
15,26,token_26,0.00419713864596477,0.06350520810093334,0.003953436636661116,0.0039562707035204455
15,27,token_27,0.0009339169157995973,0.0169947648754678,0.0010306727077767394,0.0010251241291322668
15,28,token_28,0.0022388633990752397,0.031111623652019284,0.001990313863680957,0.0019667897918335545
15,29,token_29,0.0008864728913641419,0.012037228790581136,0.0007746349879072806,0.0007746164053171001
15,30,token_30,0.0005990485766806871,0.011241346866314353,0.000675295541756063,0.0006841341685251607
15,31,token_31,0.00017249744618525928,0.0029773001670962635,0.00018361253019943087,0.00018382047461539195
15,32,token_32,0.00010213507231806515,0.0012559713497484037,8.304968093268984e-05,8.23712371573088e-05
15,33,token_33,0.00042624883878253773,0.005795723637864781,0.0003769660359149283,0.0003679068547676711
15,34,token_34,0.0006440211510877025,0.010210215007170273,0.0006445899163019879,0.0006432576027513705
15,35,token_35,0.0007505277885945429,0.009751783725721795,0.0006428277548899862,0.0006322183411170732
15,36,token_36,9.66007545954068e-05,0.001476963340300623,9.453126986011538e-05,9.320356618271129e-05
15,37,token_37,3.966345961180397e-05,0.0006224096520524877,3.9515806148771784e-05,3.9828235710816505e-05
15,38,token_38,0.0005765677522169409,0.0074603040930777825,0.0004821591729651319,0.00046992611942493995
15,39,token_39,0.0003591968908693081,0.005723575800363484,0.00035276574145648166,0.00035458034033957646
15,40,token_40,0.00018701095962288017,0.002551237345485223,0.0001640519769470415,0.0001618297192004712
15,41,token_41,0.0008065508971207258,0.015003078189286869,0.0009176209425369145,0.0009308771397715224
15,42,token_42,0.00047150516001083915,0.007112177046345906,0.00045197158483921657,0.00044663575791502655
15,43,token_43,0.0006967837308918729,0.009983154480881018,0.0006317162931203995,0.0006284510644535598
15,44,token_44,0.0004247082140463438,0.005356162000130723,0.00035079592263424596,0.00034658287470750387
15,45,token_45,0.0006159196281683823,0.008596508797747572,0.0005537798920182801,0.0005497131676824046
15,46,token_46,0.000655464271129198,0.009823963861633972,0.0006267680492917553,0.0006298115768611867
15,47,token_47,7.705922224321787e-05,0.0011606095687868422,7.452539157254748e-05,7.379338597225553e-05
15,48,token_48,0.0002852041556655364,0.005244974544240768,0.0003175100138230453,0.0003247986757687846
15,49,token_49,0.0006036018899311626,0.010099306123897166,0.000632749195331083,0.0006350476246638378
15,50,token_50,0.0010194555149295632,0.01676892348705966,0.0010343563301742557,0.001015184979792519
15,51,token_51,0.00016988280703910427,0.0024857064643551956,0.00015701709120278558,0.0001566662999876016
15,52,token_52,0.00032345277628428165,0.0048275972113738744,0.00030628400996926726,0.00030625912132682285
15,53,token_53,0.0001894255340291642,0.0029372009166750545,0.0001884319745415553,0.00018915583175138498
15,54,token_54,0.0017423024778500848,0.026933562942122784,0.001753923931821371,0.0017219675788334619
15,55,token_55,0.0007509197398356391,0.0127509883962906,0.0008006438590047959,0.0007928197786454229
15,56,token_56,0.001359554425282164,0.018818842940384925,0.0012101167048011205,0.0011810051056907838
15,57,token_57,0.0005172238624075345,0.006737235487245266,0.00042973858737134886,0.0004255242355303349
15,58,token_58,0.0006558506747953456,0.00933325674941322,0.0005907334819353765,0.0005703305125853011
15,59,token_59,0.0007372959515178183,0.011850918217633916,0.0007380590568897985,0.0007460718337029624
15,60,token_60,0.0002668521284118586,0.003923478516443879,0.0002498256602399763,0.0002492160791783069
15,61,token_61,0.0010621130584062277,0.017447773350679627,0.001080050523515281,0.0011086767936794848
15,62,token_62,0.00046217877993166086,0.006624493324814815,0.00042129005768180345,0.00041612132643542273
15,63,token_63,0.0013548534737598899,0.02139952336070493,0.0013861386485905687,0.001417997156988944
15,64,token_64,6.585675591172974e-05,0.0009671461725161159,6.218212888366743e-05,6.302987521378866e-05
15,65,token_65,0.0004212504878194194,0.007005442405758137,0.00046365778598991565,0.0004745450504383407
15,66,token_66,0.0010667946584289436,0.013619245797334763,0.0009962923117385434,0.0009916405503843455
15,67,token_67,0.002523017533573743,0.02923057053039311,0.0022952617944318795,0.0022513953008118093
15,68,token_68,0.00116902892199846,0.02193264298719635,0.001736591504931868,0.001791734529230789
15,69,token_69,0.00030197193169603727,0.0031891406406787223,0.0002973001545572062,0.0002872492505405575
15,70,token_70,0.0002600594176014493,0.0022122214939657584,0.00022514420543133523,0.00022089749348915062
15,71,token_71,7.787685778814749e-05,0.00075274902700565,8.314091694367185e-05,8.437533524225329e-05
15,72,token_72,0.0014018409569090033,0.011436939826096051,0.0014427373508807363,0.0014296174782620064
15,73,token_73,6.492671879808683e-05,0.00045935886441450844,6.469494151035724e-05,6.562269491635835e-05
15,74,token_74,0.00024990597583725706,0.0014335132939201748,0.0002337095397957922,0.00023891888232002915
15,75,token_75,0.00031280858490696686,0.0013967395618658257,0.00027509377789397,0.00027934791237316513
15,76,token_76,0.0010413165148355716,0.003654120498311009,0.0009151518468952236,0.0009135301245777523
15,77,token_77,0.003398307836633547,0.011202644278073114,0.003966716314894051,0.0037342147593577048
15,78,token_78,0.0003006373255696364,0.0005639826731753097,0.000270803743198466,0.0002819913365876549
15,79,token_79,0.0005473848975507789,0.0005473848975507789,0.0005473848975507789,0.0005473848975507789
16,0,token_0,2.558553737355854e-05,0.0037827464812787833,0.00019193654536923645,0.0002073557305099991
16,1,token_1,0.00019208343508815106,0.009117744468216638,0.0004993886477987512,0.0005275818365174027
16,2,token_2,9.297369389345221e-05,0.0020744862355653094,0.00011779253006787642,0.00011897633860512709
16,3,token_3,3.25668215618755e-05,0.006412605922938183,0.00033084963323520806,0.000355806839533176
16,4,token_4,0.00010877682467751458,0.003334269810380644,0.00018055151109285373,0.00018740609796048707
16,5,token_5,0.0002988099020918017,15.30110049216687,0.7622651217974215,0.833369956032781
16,6,token_6,0.0004899463244536801,0.0072375906890081694,0.000438663639644026,0.00043150719082815083
16,7,token_7,0.000232968627363255,0.0038709672328215497,0.00022742040555266246,0.00022471652951304896
16,8,token_8,0.001004603762992639,0.003211126711772686,0.0003109661568956233,0.0002464519876914538
16,9,token_9,0.00030132104890356665,0.02241997249245481,0.0012011179129895904,0.0012750648035671727
16,10,token_10,0.0005962463502147614,0.002899041091211729,0.0002363480397134175,0.00020423503922622582
16,11,token_11,0.0006981376865260496,0.006594037297636917,0.0004327535643568923,0.0004049771742600726
16,12,token_12,0.00024093331977941031,0.013165485422471824,0.0006987248430971841,0.000748740436498757
16,13,token_13,0.0001183575270959405,0.0015796762287849692,9.754776558545955e-05,9.61083367820807e-05
16,14,token_14,0.00011275854108737756,0.01256194154899345,0.0006542187913003122,0.0007124934031416616
16,15,token_15,1.1326200661405047e-05,0.00413626375213936,0.00020926764238282864,0.00022844644320696252
16,16,token_16,1.7207670564128597e-05,0.01365698318793948,0.000690700717132479,0.0007558470860399368
16,17,token_17,0.0001248097390674157,0.008233458843299533,0.0004296127761264488,0.00044991459406613997
16,18,token_18,2.407403322141403e-05,0.002821734248091795,0.00014150667632257627,0.0001536883091761834
16,19,token_19,7.080582462906514e-05,0.002850158790621179,0.00015161037757483568,0.0001606546943477005
16,20,token_20,0.00016762368671038714,0.001860324167348931,0.0001183278544241192,0.00011192647528226234
16,21,token_21,4.7399076584337184e-05,0.0015999795731682868,8.874016373453688e-05,9.219625301370565e-05
16,22,token_22,9.190441651577481e-05,0.001071895693612903,6.680926134557793e-05,6.426854468236555e-05
16,23,token_23,0.968112115207435,0.9768588486436949,0.19407422679661757,0.12151383507445164
16,24,token_24,0.001106305392154193,0.010972557855228217,0.0007487812699302061,0.0007186166556809818
16,25,token_25,0.0001609697387267251,0.02351728650322047,0.0012307225634494829,0.0013033471797800809
16,26,token_26,0.0001510139220498137,0.06365622202298316,0.0031929520937388554,0.0035060618070669913
16,27,token_27,3.340758009523902e-05,0.01702817245556304,0.0008312196822404394,0.0008972108442416871
16,28,token_28,0.0032498791477256483,0.03436150279974493,0.0022422269204898956,0.0021291001239805186
16,29,token_29,1.31485815240107e-05,0.012050377372105146,0.0006223377066306267,0.0006846542933161112
16,30,token_30,0.0002301869551226739,0.011471533821437027,0.0005862738244293852,0.0006366136915487359
16,31,token_31,1.993765406180035e-05,0.0029972378211580637,0.00015087755497190477,0.0001623175141602408
16,32,token_32,0.0004498005297658192,0.0017057718795142228,0.00015639985069931572,0.0001281693651036213
16,33,token_33,5.048766700894934e-05,0.00584621130487373,0.0003116703621337325,0.00033176822418417516
16,34,token_34,4.0699430064066334e-05,0.010250914437234339,0.0005238118190544036,0.0005681880426376957
16,35,token_35,0.00018953010179632257,0.009941313827518118,0.0005521682242712535,0.0005862816223487085
16,36,token_36,5.956038769599076e-05,0.0015365237279966137,8.753709342729047e-05,8.977220182409835e-05
16,37,token_37,0.0002783761514179199,0.0009007858034704077,8.728787520260141e-05,6.975297752973057e-05
16,38,token_38,0.0012244074531317965,0.008684711546209579,0.0006306088289984649,0.0005689586248923691
16,39,token_39,0.0001452330526460323,0.005868808853009516,0.0003112592036943918,0.0003283523646906503
16,40,token_40,0.0001838023649632707,0.0027350397104484937,0.00016800205455028738,0.0001657828651783573
16,41,token_41,0.0007354627373491841,0.01573854092663605,0.0008811893014993684,0.0008937878369053795
16,42,token_42,0.0002541078407503932,0.007366284887096299,0.0004123988360214519,0.000424273176904328
16,43,token_43,6.928925091606e-05,0.010052443731797079,0.0005192308846795316,0.0005604873192247543
16,44,token_44,0.00016402624357837237,0.005520188243709095,0.00031344198682307125,0.00032534602326297955
16,45,token_45,0.004037619538185378,0.01263412833593295,0.0012505478212516997,0.0009893803883820641
16,46,token_46,4.1076466458363476e-05,0.009865040328092337,0.0005096297327250771,0.0005572682062116143
16,47,token_47,7.600671499856145e-05,0.0012366162837854037,7.482165625775027e-05,7.45401097919761e-05
16,48,token_48,2.5697412464159688e-05,0.005270671956704928,0.0002591474935512682,0.0002815362143933822
16,49,token_49,8.404234362807453e-05,0.01018334846752524,0.0005230078249904813,0.000563297653149899
16,50,token_50,0.00019453034407626818,0.01696345383113593,0.0008663911329546582,0.0009275774076776653
16,51,token_51,0.00011746041209418513,0.0026031668764493806,0.0001491057553810655,0.00015508198647875348
16,52,token_52,9.85087111393996e-05,0.004926105922513274,0.00026472895020329375,0.00028118869913978104
16,53,token_53,0.00042596695403540364,0.003363167870710458,0.00023593897044032499,0.00021828272089391098
16,54,token_54,0.00029724177529851555,0.0272308047174213,0.0014625875005168,0.0015607420113436677
16,55,token_55,5.948378936397415e-05,0.012810472185654575,0.0006524118450766316,0.0007060493796479903
16,56,token_56,9.141017124327844e-05,0.018910253111628205,0.000986375398089552,0.0010683330570058767
16,57,token_57,0.0002745662467376436,0.00701180173398291,0.00039870411924460784,0.0004074457028212203
16,58,token_58,2.6252275385004346e-05,0.009359509024798224,0.00047783724062530207,0.0005120201158720452
16,59,token_59,0.00041011161062400693,0.012261029828257924,0.0006724695676366402,0.0006910616305297996
16,60,token_60,0.0001792660545213836,0.004102744570965263,0.0002357137390962578,0.00024114229681954137
16,61,token_61,0.0002139066634951037,0.01766168001417473,0.0009068217515112456,0.0009802850919225332
16,62,token_62,0.00011059200620091637,0.006735085331015731,0.0003591504473856261,0.00037973268751218437
16,63,token_63,0.0006866636419245506,0.022086187002629484,0.001246243647257365,0.0013161483472589042
16,64,token_64,0.00023628868428757062,0.0012034348568036866,9.700343996444807e-05,8.465608811880103e-05
16,65,token_65,1.658868102971781e-05,0.0070220310867878544,0.0003742439649978761,0.0004123279849117
16,66,token_66,7.369774883672978e-05,0.013692943546171493,0.0008117733991581807,0.0008816058662529136
16,67,token_67,0.00012674066132448825,0.029357311191717597,0.0018615575678104014,0.0020137198254960155
16,68,token_68,0.00036685380531595736,0.022299496792512308,0.001462643965008686,0.0016021278086017095
16,69,token_69,7.072562299291496e-05,0.003259866263671637,0.00025198524824434796,0.0002610676324905087
16,70,token_70,0.00023773428851868198,0.0024499557824844403,0.00022766222204880459,0.00022279297613993543
16,71,token_71,0.0008932058902262064,0.0016459549172318565,0.0002451539116001788,0.00018527120920373494
16,72,token_72,3.4275967453532257e-05,0.011471215793549584,0.0011610450741952954,0.001238286127735223
16,73,token_73,0.0003844644844014726,0.000843823348815981,0.00012864885008858032,0.00010547791860199763
16,74,token_74,0.003144735789388024,0.004578249083308199,0.0008159147897142387,0.0006540355833297428
16,75,token_75,0.0038213950665798007,0.005218134628445626,0.0009843540356311363,0.0008696891047409377
16,76,token_76,0.00013042543161507003,0.003784545929926079,0.0007582065638391929,0.0007569091859852158
16,77,token_77,0.0007803615561262079,0.011983005834199322,0.003329445363140483,0.0029957514585498305
16,78,token_78,0.00012393922721845623,0.000687921900393766,0.00024143084000246407,0.00022930730013125534
16,79,token_79,2.5154468193686915e-05,0.0005725393657444658,0.0004429388116793605,0.0002862696828722329
16,80,token_80,6.0042053580986414e-05,6.0042053580986414e-05,6.0042053580986414e-05,6.0042053580986414e-05
17,0,token_0,1.859241398597765e-05,0.003801338895264761,0.0001572677190925847,0.0001815432155846388
17,1,token_1,0.00021541843909492873,0.009333162907311567,0.0004425946060579867,0.0004835643459195612
17,2,token_2,9.987775160477128e-05,0.002174363987170081,0.00011420957437525541,0.00011690554619208001
17,3,token_3,2.9411180164144454e-05,0.006442017103102327,0.00027056194262099537,0.0003159233223176935
17,4,token_4,0.00013573033865096136,0.0034700001490316056,0.00017158727660447528,0.0001798630893890924
17,5,token_5,0.00029286132509544574,15.301393353491965,0.6098706697029562,0.7139915023873421
17,6,token_6,0.00037173967600621097,0.007609330365014381,0.00042527884691646303,0.00042468952380890756
17,7,token_7,0.00017021665103231505,0.0040411838838538645,0.000215979654648593,0.00022050755340048502
17,8,token_8,0.0010601971035974658,0.004271323815370152,0.0004608123462359918,0.00036126217289745015
17,9,token_9,0.0003461233328306582,0.02276609582528547,0.001030118996957804,0.001152023149925388
17,10,token_10,0.0006783216593811826,0.0035773627505929113,0.00032474276364697057,0.000271365119489069
17,11,token_11,0.0006083212328284258,0.007202358530465343,0.00046786709805119906,0.0004348664787111054
17,12,token_12,0.00022622308446260348,0.013391708506934427,0.000604224491370268,0.000663476446004799
17,13,token_13,0.0001114626834383416,0.0016911389122233108,0.00010033074915603596,9.875574609998062e-05
17,14,token_14,0.00011469622811595363,0.012676637777109404,0.0005463142786634405,0.0006267650322501073
17,15,token_15,1.3405286544158004e-05,0.004149669038683518,0.00017009517121509453,0.0001985332007621387
17,16,token_16,1.8125670973467874e-05,0.013675108858912948,0.0005561857079006768,0.0006468906999145267
17,17,token_17,0.00011449488271387211,0.008347953726013406,0.0003665891974439335,0.00040333114515586323
17,18,token_18,2.2505139208405378e-05,0.0028442393873002007,0.0001177063688997421,0.00013292018969695668
17,19,token_19,7.925330907320801e-05,0.002929412099694387,0.00013713896387451013,0.000149878770474886
17,20,token_20,0.00018426786375059858,0.0020445920310995297,0.0001315158562894151,0.00012194774936868171
17,21,token_21,3.9668743824582826e-05,0.0016396483169928695,7.892587975254607e-05,8.54215735464032e-05
17,22,token_22,6.428373836834197e-05,0.001136179431981245,6.630415675013075e-05,6.507818274216408e-05
17,23,token_23,0.9694758801726131,1.946334728816308,0.3491545574718167,0.24262135790217337
17,24,token_24,0.001420379212394671,0.012392937067622888,0.000883100858423099,0.0008266650374113457
17,25,token_25,0.0001657423744668908,0.023683028877687362,0.0010177265256529643,0.0011518117795542102
17,26,token_26,0.0001449188274875259,0.06380114085047069,0.0025833454404885895,0.0029848973606699464
17,27,token_27,3.679937083885672e-05,0.017064971826401897,0.0006723356199601229,0.0007760549154120661
17,28,token_28,0.0033123463326629747,0.037673849132407906,0.0024562508029245117,0.0022985352317067627
17,29,token_29,9.021981267430283e-06,0.012059399353372576,0.0004996745615579875,0.0005807990870195981
17,30,token_30,0.00022947412596328016,0.011701007947400307,0.0005149138847361642,0.0005720641512635916
17,31,token_31,2.047743678528945e-05,0.003017715257943353,0.00012479753133458172,0.00014255248694662292
17,32,token_32,0.0005671664312591718,0.0022729383107733944,0.00023855316681128697,0.00018980096393824482
17,33,token_33,4.078654103850926e-05,0.005886997845912239,0.00025749359791468784,0.000290793632290333
17,34,token_34,3.4559099766746804e-05,0.010285473537001086,0.00042596127519687227,0.00048681528422251096
17,35,token_35,0.0001346025794000903,0.010075916406918208,0.0004686550952970209,0.000528287904709722
17,36,token_36,5.405740418162984e-05,0.0015905811321782436,8.084115557815834e-05,8.540189858012371e-05
17,37,token_37,0.0003011563278209153,0.001201942131291323,0.00013006156572626417,0.00010276050744012902
17,38,token_38,0.001041016668246789,0.009725728214456367,0.0007126903968481298,0.000638029450103449
17,39,token_39,0.0001480992315892593,0.0060169080845987755,0.0002786272092733653,0.0003027884087707922
17,40,token_40,0.00018659584443341475,0.0029216355548819083,0.00017172081252691285,0.00016754114463002223
17,41,token_41,0.0006287928101628984,0.01636733373679895,0.0008307100032320745,0.0008608237778948931
17,42,token_42,0.00028757423272860453,0.007653859119824903,0.00038743391536288246,0.00040675684517038255
17,43,token_43,5.1891052569487556e-05,0.010104334784366566,0.00042576291825752286,0.0004875986058166341
17,44,token_44,0.0001539888215740223,0.005674177065283117,0.0002815513537732615,0.00029876132344987163
17,45,token_45,0.003521432850253102,0.01615556118618605,0.0017047248270519802,0.0013559714516614518
17,46,token_46,4.1016976217683075e-05,0.00990605730431002,0.0004159071814235983,0.0004875418071428345
17,47,token_47,7.076408132303434e-05,0.001307380365108438,7.40101412708071e-05,7.477608140535613e-05
17,48,token_48,2.739227929040654e-05,0.005298064235995334,0.0002127964506990959,0.00024242681316566706
17,49,token_49,5.18379439790205e-05,0.010235186411504262,0.0004287738487881892,0.0004893738211251227
17,50,token_50,0.0001820867389678315,0.017145540570103764,0.0007295302541572929,0.0008189988422574407
17,51,token_51,9.884374721570208e-05,0.0027020106236650826,0.00013905335374799282,0.00014939343401791376
17,52,token_52,9.10620692402284e-05,0.005017167991753503,0.00022999557401068069,0.00025161327397552015
17,53,token_53,0.0003548365719868942,0.0037180044426973523,0.0002597184907496388,0.00023976626669874597
17,54,token_54,0.0003247611969735844,0.027555565914394883,0.001235022239808157,0.0014132200445540458
17,55,token_55,5.617271582713907e-05,0.012866644901481714,0.0005331640192267331,0.0006143981771337738
17,56,token_56,7.60396032816043e-05,0.01898629271490981,0.0008043082391279625,0.0009361606758151206
17,57,token_57,0.00023304969298484123,0.007244851426967751,0.0003655732339926545,0.0003827444557830953
17,58,token_58,1.8522839457085167e-05,0.00937803186425531,0.0003859743603916587,0.00044222627788633936
17,59,token_59,0.0004312614980857263,0.01269229132634365,0.0006242279537264574,0.0006466515574930625
17,60,token_60,0.00019721925472789746,0.004299963825693161,0.00022801484222258574,0.00023508014090004912
17,61,token_61,0.0002667997021245203,0.01792847971629925,0.0007788173416339006,0.0008714417210517569
17,62,token_62,0.0001115560385664711,0.006846641369582202,0.0003096315656217951,0.0003429729956724548
17,63,token_63,0.0005724889158142025,0.022658675918443685,0.0011114927009687324,0.001217551136647474
17,64,token_64,0.0002143138709298316,0.0014177487277335181,0.00012046552615752478,0.00010333794963101752
17,65,token_65,1.7599217660669516e-05,0.0070396303044485235,0.0003029150155304348,0.00035870102552107777
17,66,token_66,7.889317538821558e-05,0.013771836721559709,0.0006651973544041877,0.000772566550163624
17,67,token_67,0.00015114101770176666,0.029508452209419365,0.0015194742577886746,0.0017548834174368592
17,68,token_68,0.00046330240621531005,0.022762799198727618,0.0012627756532500108,0.0014346590746660518
17,69,token_69,5.91800903263321e-05,0.0033190463539979694,0.0002134242166607448,0.00023234173143917442
17,70,token_70,0.00021582931769266404,0.0026657851001771044,0.0002252956411775765,0.00022258877562801474
17,71,token_71,0.0009827310541688998,0.0026286859714007562,0.00039266934011392303,0.0002983097230096929
17,72,token_72,3.761368730269922e-05,0.011508829480852283,0.0009363587968167762,0.0010751051970498463
17,73,token_73,0.00024995989456269915,0.0010937832433786801,0.00015291105898340409,0.00012900952423195849
17,74,token_74,0.002661822919376358,0.007240072002684558,0.0011850964156466626,0.0009050090003355697
17,75,token_75,0.0031774678020678204,0.008395602430513446,0.0014229767889184731,0.0011993717757876352
17,76,token_76,0.00011429987893512778,0.003898845808861207,0.0006294252268583799,0.0006498076348102011
17,77,token_77,0.000885109969849028,0.01286811580404835,0.002840578284482192,0.00257362316080967
17,78,token_78,9.25569565908652e-05,0.0007804788569846312,0.0002116560633201443,0.0001951197142461578
17,79,token_79,1.82325455389584e-05,0.0005907719112834242,0.0003579975584512801,0.00019692397042780807
17,80,token_80,7.455856333858445e-05,0.00013460061691957087,6.294535553250602e-05,6.730030845978543e-05
17,81,token_81,0.00031771830203967494,0.00031771830203967494,0.00031771830203967494,0.00031771830203967494
18,0,token_0,2.6486396998796098e-05,0.003827825292263557,0.000131111454673827,0.00015536353968555565
18,1,token_1,0.0001925166106026147,0.009525679517914182,0.0003925790069669123,0.00043375287000170195
18,2,token_2,9.66660223255992e-05,0.00227103000949568,0.00011070086396532418,0.00011400918543367024
18,3,token_3,2.9923728148594146e-05,0.006471940831250921,0.00022243429972651512,0.000269167004838912
18,4,token_4,0.00011010533569346133,0.003580105484725067,0.00015929088842227252,0.00016817237599302417
18,5,token_5,0.0002703537106197211,15.301663707202586,0.48795060650448896,0.5948254213315645
18,6,token_6,0.0004772459142762591,0.008086576279290639,0.00043567226038842226,0.00043557372626213726
18,7,token_7,0.00020740345948713906,0.004248587343341004,0.00021426441561630223,0.00021791889766455195
18,8,token_8,0.0010357794735961151,0.005307103288966267,0.0005758057717080165,0.00047209694019645934
18,9,token_9,0.0003346138764086782,0.023100709701694148,0.0008910179728479788,0.0010369947373167006
18,10,token_10,0.0006728472172652586,0.00425020996785817,0.0003943636543706282,0.0003366448792366149
18,11,token_11,0.000572990987804024,0.0077753495182693675,0.000488891876001764,0.000462122341387335
18,12,token_12,0.0002669378650390739,0.0136586463719735,0.0005367671661040292,0.0005933498439909689
18,13,token_13,0.00011333455314748456,0.0018044734653707953,0.0001029315099543257,0.00010054511788517111
18,14,token_14,9.573339251299268e-05,0.012772371169622397,0.000456198101433351,0.0005284710589217489
18,15,token_15,1.1036306950983564e-05,0.004160705345634502,0.00013828339836227235,0.0001586653087979872
18,16,token_16,1.7834506516404417e-05,0.013692943365429353,0.0004485154676238224,0.0005418817948970281
18,17,token_17,0.00011364585963076769,0.008461599585644174,0.00031600052988130033,0.0003594145146231913
18,18,token_18,2.42135699347531e-05,0.0028684529572349537,9.90078091067443e-05,0.00011248183322298232
18,19,token_19,5.95245960640921e-05,0.0029889366957584792,0.00012161609031242653,0.00013276481615306357
18,20,token_20,0.00018509773657257388,0.0022296897676721034,0.00014223223234604686,0.00013208742828680218
18,21,token_21,4.452199864025396e-05,0.0016841703156331234,7.204510353008767e-05,7.864972946934995e-05
18,22,token_22,8.803754931478665e-05,0.0012242169812960316,7.065083526306193e-05,6.896792197635354e-05
18,23,token_23,0.968609057313945,2.914943786130253,0.47304545744024235,0.36361565013314007
18,24,token_24,0.001055162427430937,0.013448099495053824,0.0009175131722246666,0.0008551151696224924
18,25,token_25,0.0001623768262803336,0.023845405703967697,0.0008466565857784382,0.0010023818687989645
18,26,token_26,0.00013442918344346952,0.06393557003391416,0.0020935621890795656,0.002478629453055829
18,27,token_27,3.604586733063469e-05,0.017101017693732533,0.0005450776694342253,0.0006572447086035161
18,28,token_28,0.0031122403915986975,0.04078608952400661,0.002587448720659349,0.0024464898691074254
18,29,token_29,1.1266787871052806e-05,0.012070666141243629,0.0004019930068206006,0.0004893654288957895
18,30,token_30,0.0002434693817180256,0.011944477329118332,0.0004606249841325365,0.0004945603314718288
18,31,token_31,2.2396352893045674e-05,0.0030401116108363987,0.00010431729564627451,0.00012131740148176312
18,32,token_32,0.0006343431360179717,0.0029072814467913663,0.00031771116065262394,0.00025972176119663267
18,33,token_33,3.832851803400084e-05,0.00592532636394624,0.00021366058193855045,0.0002559801267614199
18,34,token_34,3.531129224561393e-05,0.0103207848292467,0.00034783127860662063,0.00041230285412945854
18,35,token_35,0.0001514138858507829,0.010227330292768991,0.0004052068534077733,0.00047110030891988085
18,36,token_36,4.833104114837511e-05,0.0016389121733266186,7.43391326922017e-05,7.895632873878349e-05
18,37,token_37,0.00026155235254843805,0.001463494483839761,0.00015635972309069896,0.000129846284013492
18,38,token_38,0.0011334660726453854,0.010859194287101753,0.000796845532007581,0.000720969194915045
18,39,token_39,0.00017411282542031104,0.006191020910019086,0.00025772433250275447,0.0002827565665024462
18,40,token_40,0.00020146998552368685,0.003123105540405595,0.00017767064712626766,0.00017238968268868218
18,41,token_41,0.0006795647699645312,0.01704689850676348,0.0008004809565785658,0.0008221148410326663
18,42,token_42,0.00024355677503232274,0.007897415894857226,0.0003586584872967705,0.0003830738906351184
18,43,token_43,6.467351599046038e-05,0.010169008300357026,0.0003535450378041104,0.0004162310217047285
18,44,token_44,0.00016091682834483626,0.005835093893627953,0.0002574244486875765,0.0002747645098765346
18,45,token_45,0.0036318042638186832,0.019787365450004736,0.0020901407144053212,0.001739491569205385
18,46,token_46,3.792150258679445e-05,0.009943978806896814,0.0003403100456562375,0.00041200458227790373
18,47,token_47,6.49857835289761e-05,0.001372366148637414,7.22052697224409e-05,7.35755349314168e-05
18,48,token_48,3.1579665252644764e-05,0.005329643901247979,0.0001765530936098057,0.00020262845556389092
18,49,token_49,6.663720289279575e-05,0.010301823614397057,0.0003563465196091105,0.00042804623573090253
18,50,token_50,0.0002101622086108376,0.0173557027787146,0.0006256566450480019,0.0007256993746853772
18,51,token_51,9.926688769404953e-05,0.002801277511359132,0.0001310960605372042,0.00013387969836063188
18,52,token_52,9.966151564904878e-05,0.005116829507402551,0.0002039287623383543,0.0002269624959644198
18,53,token_53,0.00035857805402757714,0.004076582496724929,0.0002794904034052265,0.00026065547850928357
18,54,token_54,0.0002499561001798514,0.027805522014574736,0.0010380090118824957,0.0012365000401710975
18,55,token_55,5.482659206774493e-05,0.012921471493549459,0.0004374965337949355,0.0005077217881260866
18,56,token_56,7.93096690383987e-05,0.019065602383948207,0.0006593085251100499,0.0007816652120766601
18,57,token_57,0.00027082450285262393,0.007515675929820375,0.0003466234877646484,0.00035614649587492993
18,58,token_58,2.1693765220017902e-05,0.009399725629475327,0.00031311824135733053,0.00037418133368280867
18,59,token_59,0.00044472532256789875,0.013137016648911549,0.0005883274274947456,0.0006214541489068912
18,60,token_60,0.0001918475236845617,0.004491811349377723,0.00022078137851498097,0.00022837643221126954
18,61,token_61,0.00023329066407278551,0.018161770380372037,0.0006697120061216776,0.0007446136820058844
18,62,token_62,0.00010941729275801572,0.006956058662340218,0.0002695887110490392,0.0003075832192306761
18,63,token_63,0.000531482188077468,0.023190158106521152,0.0009954905983904797,0.0010945961950736866
18,64,token_64,0.0002711051444949827,0.001688853872228501,0.00015059344982501637,0.00012988267811179404
18,65,token_65,1.5210558549752872e-05,0.007054840862998277,0.0002453741241342984,0.0002992659034995821
18,66,token_66,7.322387046123437e-05,0.013845060592020944,0.0005468026576155971,0.0006611381626470574
18,67,token_67,0.00013733932933528172,0.029645791538754646,0.0012430472720979962,0.0014709284014021433
18,68,token_68,0.00037273399136249636,0.023135533190090114,0.001084767320872508,0.0012098720007478903
18,69,token_69,7.132146220556582e-05,0.0033903678162035353,0.000185003665769709,0.000208283058374699
18,70,token_70,0.00022996063981684726,0.0028957457399939514,0.00022622864090543067,0.00022659443749382886
18,71,token_71,0.0008407991397196005,0.003469485111120357,0.00048229530003505853,0.00039348042944688754
18,72,token_72,3.9591939547414906e-05,0.011548421420399697,0.0007570054253629039,0.0008845020006032692
18,73,token_73,0.000266962308124972,0.0013607455515036522,0.00017572130881171767,0.00015439024011561111
18,74,token_74,0.0032905974375795877,0.010530669440264146,0.0016061966200332477,0.0012892791561142877
18,75,token_75,0.003166150026599329,0.011561752457112776,0.0017716114364546445,0.001445219057139097
18,76,token_76,0.0001136309147743506,0.004012476723635558,0.0005262663644415741,0.0005732109605193654
18,77,token_77,0.0007358445275859674,0.013603960331634317,0.002419631533102947,0.002267326721939053
18,78,token_78,0.00010807508444166943,0.0008885539414263007,0.00019093986754444933,0.00017771078828526012
18,79,token_79,2.1919338893741525e-05,0.0006126912501771657,0.0002907819145397724,0.00015317281254429143
18,80,token_80,6.0663089874589506e-05,0.00019526370679416038,6.248890240092272e-05,6.508790226472013e-05
18,81,token_81,0.00038266291976560654,0.0007003812218052815,0.00033070722558486125,0.00035019061090264076
18,82,token_82,0.0007539013734578678,0.0007539013734578678,0.0007539013734578678,0.0007539013734578678
19,0,token_0,2.1940287959503986e-05,0.0038497655802230612,0.00010927722133096239,0.00013406637943349974
19,1,token_1,0.00017868559771215824,0.009704365115626341,0.0003498003251159615,0.00039272034177893853
19,2,token_2,0.00010875246700864706,0.0023797824765043273,0.00011031118457398876,0.00011216842414209086
19,3,token_3,2.6605962000482882e-05,0.006498546793251404,0.0001832686321813087,0.00022641905717577873
19,4,token_4,0.00013483776540212716,0.003714943250127194,0.00015440026381824344,0.00016231206454324338
19,5,token_5,0.00026426321147380335,15.30192797041406,0.39041333784588594,0.47526875465754714
19,6,token_6,0.00039585164492019577,0.008482427924210835,0.000427708137294777,0.00043525187283851424
19,7,token_7,0.00016593632212075305,0.004414523665461757,0.0002045987969171924,0.00021263072883458904
19,8,token_8,0.0009769590803551467,0.006284062369321414,0.0006560364334374425,0.0005784028301406184
19,9,token_9,0.0003773213773095234,0.02347803107900367,0.0007882786537402878,0.0009269113247477067
19,10,token_10,0.0006647529421053472,0.004914962909963517,0.0004484415119175721,0.0004031628849413608
19,11,token_11,0.0005232151707299205,0.008298564688999288,0.0004957565349473954,0.00048385805689715733
19,12,token_12,0.00022867980172711782,0.013887326173700618,0.00047514969322864697,0.0005295669744611192
19,13,token_13,0.0001297747933951752,0.0019342482587659704,0.00010830016664249561,0.00010660966244753753
19,14,token_14,0.0001119642746018141,0.012884335444224211,0.00038735133606704363,0.0004448996926752633
19,15,token_15,1.1281469515767017e-05,0.004171986815150268,0.00011288301259297129,0.00013687678446151403
19,16,token_16,1.7344556027383064e-05,0.013710287921456735,0.00036228128530453455,0.00044522657510228265
19,17,token_17,0.00012374400253570433,0.008585343588179879,0.00027754922441218115,0.0003169194246058294
19,18,token_18,2.2379787524169822e-05,0.0028908327447591236,8.368220479022941e-05,9.384342740258585e-05
19,19,token_19,6.724733340665835e-05,0.0030561840291651377,0.0001107423389312729,0.00011774610473703225
19,20,token_20,0.00015388639961469412,0.0023835761672867974,0.00014456306579977633,0.0001404701586161658
19,21,token_21,4.208633222716187e-05,0.0017262566478602852,6.60533492695025e-05,7.266039805408623e-05
19,22,token_22,7.896279454612022e-05,0.0013031797758421518,7.231322711967358e-05,7.03317460284879e-05
19,23,token_23,0.9691079747711222,3.884051760901375,0.5722579609064183,0.48469135474224767
19,24,token_24,0.0011567968241930305,0.014604896319246854,0.0009653699026183394,0.0009331562828570206
19,25,token_25,0.00014341993203706774,0.023988825636004765,0.0007060092550301643,0.0008532098424766113
19,26,token_26,0.00012318006611293397,0.0640587501000271,0.0016994857644862394,0.001970092770108483
19,27,token_27,3.412661602613659e-05,0.017135144309758668,0.00044288745875260756,0.0005317370623712857
19,28,token_28,0.00273334305945771,0.043519432583464315,0.0026166275884190212,0.0025701010524012066
19,29,token_29,1.1018810727591557e-05,0.01208168495197122,0.0003237981676019988,0.0003952377440108997
19,30,token_30,0.00026268345708550117,0.012207160786203833,0.00042103667872312947,0.0004483737139070958
19,31,token_31,2.0228229826387698e-05,0.0030603398406627864,8.749948248229715e-05,0.00010316466888875044
19,32,token_32,0.0006009024961569634,0.00350818394294833,0.00037434942775349186,0.000325182793133004
19,33,token_33,3.542819159936299e-05,0.005960754555545603,0.00017801410387071297,0.00021691340188995792
19,34,token_34,3.22960025408861e-05,0.010353080831787586,0.00028472422339347373,0.00033654145920053506
19,35,token_35,0.00011968686932431503,0.010347017162093306,0.0003481028565910817,0.0004121512412390249
19,36,token_36,5.339099290879281e-05,0.0016923031662354115,7.014950473551994e-05,7.407504263864612e-05
19,37,token_37,0.00028346092509856776,0.0017469554089383289,0.00018177996349227272,0.00016076584393100832
19,38,token_38,0.0009052968511999283,0.011764491138301681,0.0008185357958460505,0.0007854705646976486
19,39,token_39,0.00014867977873241544,0.006339700688751502,0.00023591542174868668,0.00025645778643284953
19,40,token_40,0.00017812412806444185,0.003301229668470037,0.00017776134331390253,0.00017514726263539787
19,41,token_41,0.0006113167911348933,0.017658215297898374,0.0007626481234898313,0.0007821744226978427
19,42,token_42,0.00026611241839040185,0.008163528313247627,0.0003401492735154968,0.0003599706255196334
19,43,token_43,5.6949984662370384e-05,0.010225958285019396,0.0002942260271757624,0.0003498392838739326
19,44,token_44,0.00015525536155948141,0.005990349255187434,0.00023699063126195747,0.00025371791657387435
19,45,token_45,0.0031054700082225896,0.022892835458227324,0.002293206573168775,0.0020716213882813143
19,46,token_46,4.558247993940262e-05,0.009989561286836217,0.00028136453251287054,0.00034699573814488816
19,47,token_47,6.437962783665537e-05,0.0014367457764740694,7.06401413452838e-05,7.381195265239245e-05
19,48,token_48,2.2072483673818327e-05,0.005351716384921798,0.00014565697162260825,0.0001674601612013794
19,49,token_49,6.430998418464555e-05,0.010366133598581703,0.0002979392125242175,0.0003409223184353816
19,50,token_50,0.00016693280660668206,0.017522635585321283,0.000533911877359738,0.0006208063831771353
19,51,token_51,8.167392219858357e-05,0.0028829514335577157,0.00012121163286948006,0.00012515934028430622
19,52,token_52,7.991356158642083e-05,0.005196743068988972,0.00017912572218796763,0.00019836172784857184
19,53,token_53,0.0003746746358067516,0.00445125713253168,0.0002985272498855316,0.00028603157695359803
19,54,token_54,0.00030187590703701197,0.028107397921611748,0.0008907823909133991,0.0010377662953810556
19,55,token_55,5.7613297376582606e-05,0.012979084790926042,0.00036151988651126493,0.00042338134942528674
19,56,token_56,8.524260707072829e-05,0.019150844991018937,0.0005444953415021856,0.000647967210281384
19,57,token_57,0.00022308161339433655,0.007738757543214711,0.0003219151128905861,0.0003385476669239579
19,58,token_58,2.2066086128294982e-05,0.009421791715603622,0.0002549078103115234,0.00031375995769624825
19,59,token_59,0.0003204294763755555,0.013457446125287105,0.0005347478372709076,0.0005728739432114108
19,60,token_60,0.00018523879937322222,0.004677050148750945,0.00021367286268662923,0.0002206158219571935
19,61,token_61,0.0002298306498293599,0.018391601030201397,0.0005817357348632141,0.0006503331314445193
19,62,token_62,9.178599495036613e-05,0.007047844657290584,0.0002340281678293046,0.00027072885908971476
19,63,token_63,0.0006490909277952719,0.023839249034316425,0.0009262106642714382,0.0010074749118302068
19,64,token_64,0.00022398762330059835,0.0019128414955290993,0.00016527228452013277,0.0001505906279476909
19,65,token_65,1.4900266924593539e-05,0.00706974112992287,0.00019927935269235746,0.00023710182331555685
19,66,token_66,6.846733442558261e-05,0.013913527926446526,0.0004511355929775942,0.0005526188303088527
19,67,token_67,0.00012760594377342037,0.029773397482528066,0.001019959006433081,0.0012583803134562422
19,68,token_68,0.0004539778470815895,0.023589511037171704,0.0009586094261143243,0.0010188956307379034
19,69,token_69,6.555139187886255e-05,0.003455919208082398,0.00016111321099153972,0.00018360937150389448
19,70,token_70,0.00020489937772535116,0.0031006451177193026,0.0002219627882694148,0.00022545754731666593
19,71,token_71,0.0008849050482360304,0.004354390159356387,0.0005628172496752529,0.0004920969039497037
19,72,token_72,3.335313064555975e-05,0.011581774551045258,0.0006122749664194351,0.0007210454289370501
19,73,token_73,0.0002865403802736151,0.0016472859317772674,0.0001978851231040972,0.0001814949844713044
19,74,token_74,0.003502877546253422,0.014033546986517568,0.0019855328052772827,0.001696342014949658
19,75,token_75,0.004112707603804184,0.01567446006091696,0.0022398306699245524,0.0019273461619106116
19,76,token_76,0.00010006399371722029,0.004112540717352778,0.0004410258902967034,0.0005140675896690973
19,77,token_77,0.0007397559637778444,0.014343716295412161,0.0020836564192379266,0.002049102327916023
19,78,token_78,8.93591604987192e-05,0.0009779131019250198,0.00017062372613530332,0.0001629855169875033
19,79,token_79,1.8241351008709166e-05,0.0006309326011858749,0.0002362738018335598,0.00012618652023717498
19,80,token_80,6.469444223386032e-05,0.0002599581490280207,6.293001036751024e-05,6.498953725700517e-05
19,81,token_81,0.0003124046273519097,0.0010127858491571912,0.00032704670593827095,0.00033759528305239705
19,82,token_82,0.0006077820040282059,0.0013616833774860737,0.0007246774995719354,0.0006808416887430368
19,83,token_83,5.051416149382889e-05,5.051416149382889e-05,5.051416149382889e-05,5.051416149382889e-05
20,0,token_0,2.2479275853611068e-05,0.003872244856076672,9.191763223549213e-05,0.00010083155580503548
20,1,token_1,0.00019716948195695343,0.009901534597583295,0.0003192741564841599,0.00034428752855753436
20,2,token_2,0.00010684941449558986,0.002486631890999917,0.00010961883055830898,0.00011023909062611952
20,3,token_3,2.4392743640508085e-05,0.006522939536891912,0.00015149345447314862,0.0001730131407051121
20,4,token_4,0.00013139319519450874,0.003846336445321703,0.00014979885009349652,0.0001503859177835469
20,5,token_5,0.00025921878846477093,15.302187189202524,0.31238251403440176,0.3560688051849871
20,6,token_6,0.00040356657905765844,0.008885994503268494,0.00042287982564735336,0.0004321844013293672
20,7,token_7,0.00016612079943391264,0.00458064446489567,0.00019690319742053647,0.0001998447370478858
20,8,token_8,0.001088692306796635,0.007372754676118049,0.0007425676081092811,0.000696362280908646
20,9,token_9,0.0002865206077985342,0.023764551686802207,0.0006879270445519372,0.0007739446067687942
20,10,token_10,0.0006986617122215703,0.0056136246221850875,0.0004984855519783718,0.00046644527996574407
20,11,token_11,0.0005417388498688729,0.008840303538868161,0.000504952997931691,0.0005043105679739787
20,12,token_12,0.00021442372247162353,0.014101749896172243,0.0004230044990772423,0.0004507890699612452
20,13,token_13,0.00011603837483017032,0.002050286633596141,0.00010984780828003056,0.00010867661605951148
20,14,token_14,0.00010205917736779197,0.012986394621592004,0.00033029290432719336,0.00036435087138042847
20,15,token_15,1.0876070170349134e-05,0.004182862885320618,9.248162410844686e-05,0.00010636579852680315
20,16,token_16,1.851081707085655e-05,0.013728798738527592,0.000293527191657799,0.00033940398590521484
20,17,token_17,0.00011669740578305036,0.008702040993962929,0.000245378860686355,0.00026701016988487167
20,18,token_18,2.062565809580079e-05,0.0029114584028549243,7.107089545134369e-05,7.603606584767254e-05
20,19,token_19,6.724677661066664e-05,0.0031234308057758045,0.00010204322646715166,0.00010399218689371336
20,20,token_20,0.00017189498615571874,0.002555471153442516,0.00015002944987096482,0.0001490284147858508
20,21,token_21,3.7300595061106725e-05,0.001763557242921392,6.030279842782335e-05,6.379400470447586e-05
20,22,token_22,7.076207025173459e-05,0.0013739418460938864,7.200299574608578e-05,7.144973263630775e-05
20,23,token_23,0.9702233448244291,4.8542751057258045,0.6518510376900205,0.6059087899673749
20,24,token_24,0.001240904060177697,0.01584580037942455,0.001020476734130211,0.0010165807258184212
20,25,token_25,0.00013761634179922802,0.024126441977803992,0.000592330672383977,0.0006694662150341205
20,26,token_26,0.00014554061097858906,0.06420429071100568,0.0013886967337847095,0.001539967222451975
20,27,token_27,3.3530466224577065e-05,0.017168674775983245,0.0003610160602470015,0.00039102831425820575
20,28,token_28,0.002709204631699837,0.04622863721516415,0.0026351429970751846,0.002658640473327308
20,29,token_29,1.1823835359128184e-05,0.012093508787330348,0.0002614033011534247,0.00030636765629006156
20,30,token_30,0.00022952193208425716,0.01243668271828809,0.000382733729395355,0.0003936918588597134
20,31,token_31,2.0700154551856774e-05,0.003081039995214643,7.413961689620909e-05,8.265420321704111e-05
20,32,token_32,0.0005129177781939687,0.004021101721142299,0.0004020630978415873,0.00037903525017018877
20,33,token_33,3.2439036123045804e-05,0.005993193591668649,0.00014889909032117954,0.00017357805278189935
20,34,token_34,3.3606412765415146e-05,0.010386687244553001,0.00023450066126786204,0.00026714106153755287
20,35,token_35,0.0001270605923626993,0.010474077754456005,0.00030389440374540525,0.00034957657045696545
20,36,token_36,5.195249490194202e-05,0.0017442556611373535,6.651010276880436e-05,7.038610161743883e-05
20,37,token_37,0.0002614833462124767,0.0020084387551508056,0.00019772064003631352,0.00018802449221747567
20,38,token_38,0.0008735778529712934,0.012638068991272974,0.0008295442072710991,0.0008348301038524964
20,39,token_39,0.00015159238348105573,0.006491293072232558,0.0002190508140951605,0.00022317022347922007
20,40,token_40,0.00017595217504913334,0.00347718184351917,0.0001773995096609487,0.00017821221757698103
20,41,token_41,0.0005471264554598463,0.01820534175335822,0.0007195437898838343,0.0007347323663424232
20,42,token_42,0.00028574684497661626,0.008449275158224244,0.0003292687878077207,0.0003357710332121759
20,43,token_43,5.8099381908642054e-05,0.010284057666928038,0.00024700069812233835,0.0002784567388037843
20,44,token_44,0.00014696309154834438,0.006137312346735779,0.00021898512331923486,0.00023819956799598868
20,45,token_45,0.003358546419715175,0.0262513818779425,0.002506274542478055,0.002423014935249784
20,46,token_46,3.94216956637943e-05,0.01002898298250001,0.0002329759651430553,0.00025613012636344133
20,47,token_47,5.775253466818586e-05,0.0014944983111422553,6.806262000986422e-05,7.114309928903703e-05
20,48,token_48,2.231871452146112e-05,0.005374035099443259,0.00012098932020237883,0.00012925189988752548
20,49,token_49,5.480708117121912e-05,0.010420940679752922,0.00024931278625361784,0.0002784549311292702
20,50,token_50,0.00015284817210374537,0.017675483757425028,0.00045769913630853954,0.0005050276305438521
20,51,token_51,8.710497768062812e-05,0.0029700564112383437,0.00011439030183170969,0.00011870660923724172
20,52,token_52,8.352565051745145e-05,0.0052802687195064235,0.0001600057078538644,0.00017452724329576673
20,53,token_53,0.0003760224982423118,0.004827279630773992,0.0003140262995568876,0.0003118692075395411
20,54,token_54,0.00028382215152975243,0.0283912200731415,0.0007693903430366698,0.0008575522824083474
20,55,token_55,5.629070845742007e-05,0.013035375499383462,0.00030047405090049596,0.00034402971086470687
20,56,token_56,8.691157766171856e-05,0.019237756568680656,0.00045297858873409217,0.0005262087284835514
20,57,token_57,0.00024822223991402927,0.00798697978312874,0.0003071765382952747,0.00032462140311973847
20,58,token_58,2.433221662516257e-05,0.009446123932228784,0.00020879269157425125,0.00024858352068483696
20,59,token_59,0.00031636121847225204,0.013773807343759357,0.0004910705135111765,0.0005133303354988798
20,60,token_60,0.00017528289802841833,0.004852333046779364,0.00020599486975498706,0.00021102590003172972
20,61,token_61,0.00023176140073403583,0.018623362430935434,0.0005117408680373784,0.000545416320812875
20,62,token_62,9.02121324392614e-05,0.007138056789729845,0.000205264960751296,0.00022503917047689596
20,63,token_63,0.0006415679744455545,0.02448081700876198,0.0008692821263062615,0.0009139447612951674
20,64,token_64,0.00022705205503929297,0.0021398935505683924,0.0001776282386239648,0.00017025027184336414
20,65,token_65,1.3812283569080576e-05,0.007083553413491951,0.00016218593886770208,0.0001776511794291055
20,66,token_66,7.329965775307602e-05,0.013986827584199602,0.00037556840593269057,0.00042345867088668674
20,67,token_67,0.0001287832330925889,0.029902180715620653,0.0008417238517649826,0.000980556039094644
20,68,token_68,0.0003981397876239684,0.023987650824795672,0.0008465154984162532,0.0008614571608277159
20,69,token_69,6.394676724435912e-05,0.0035198659753267574,0.0001416799222421036,0.0001557080583320859
20,70,token_70,0.00023043393230360868,0.0033310790500229114,0.0002236570170762536,0.00022624857910669987
20,71,token_71,0.0008291166307488025,0.00518350679010519,0.0006160771258899628,0.0005856352953209021
20,72,token_72,3.947497194108814e-05,0.011621249522986345,0.0004977149675237658,0.0005484486847078418
20,73,token_73,0.0002293131763832087,0.001876599108160476,0.0002041707337599195,0.00020147230646887766
20,74,token_74,0.003055090835799428,0.017088637822316996,0.0021994444113817117,0.0020466851110036988
20,75,token_75,0.003287252109917032,0.01896171217083399,0.0024493149579230484,0.0023051979077877626
20,76,token_76,0.00011265196879559789,0.004225192686148376,0.0003753511059964823,0.0004147413243854224
20,77,token_77,0.0006992680171938776,0.015042984312606039,0.001806778738829117,0.0018803730390757549
20,78,token_78,9.911451631440448e-05,0.0010770276182394242,0.00015632188417112356,0.00015386108831991774
20,79,token_79,1.846078480881043e-05,0.0006493933859946854,0.00019271119842860992,0.00010823223099911424
20,80,token_80,6.095422811496283e-05,0.00032091237714298353,6.253485391700077e-05,6.418247542859671e-05
20,81,token_81,0.00031976960291062927,0.0013325554520678205,0.00032559128533274264,0.0003331388630169551
20,82,token_82,0.0006847911422183979,0.0020464745197044717,0.000716700228101228,0.0006821581732348239
20,83,token_83,5.128968605770921e-05,0.0001018038475515381,5.066926640660495e-05,5.090192377576905e-05
20,84,token_84,0.00010692823766746565,0.00010692823766746565,0.00010692823766746565,0.00010692823766746565
21,0,token_0,2.9885595230718582e-05,0.003902130451307391,7.951122483453743e-05,7.32751769048253e-05
21,1,token_1,0.00023137544458417628,0.010132910042167471,0.0003016944141041632,0.00030158304583126816
21,2,token_2,0.00010637886713922112,0.002593010758139138,0.00010897083787449142,0.00010771463943902188
21,3,token_3,3.296126889117574e-05,0.006555900805783088,0.00012778701735675406,0.0001249952847009956
21,4,token_4,0.00011746556091342077,0.003963802006235123,0.00014333219225748137,0.0001423352480273729
21,5,token_5,0.00036754308484118764,15.302554732287366,0.24997951984448966,0.23753063066487873
21,6,token_6,0.00045591036605698975,0.009341904869325485,0.0004294859337292807,0.000428329961099172
21,7,token_7,0.0001973442539466153,0.004777988718842285,0.00019699140872575223,0.00019698034183024597
21,8,token_8,0.0010621599004542103,0.00843491457657226,0.000806486066578267,0.0008117797939084216
21,9,token_9,0.00033920129086615865,0.024103752977668366,0.0006181818938147815,0.0006046334821822531
21,10,token_10,0.0007362837009716939,0.006349908323156781,0.0005460451817770362,0.0005413143714508777
21,11,token_11,0.0006734405587014977,0.009513744097569658,0.0005386505100856523,0.0005392166363398787
21,12,token_12,0.00025391612013972773,0.01435566601631197,0.0003891868232897394,0.0003808847425163549
21,13,token_13,0.00013357057759048335,0.002183857211186624,0.00011459236214212112,0.00011287235624064674
21,14,token_14,0.0001271678791385917,0.013113562500730595,0.00028966789928947304,0.0002854836240138613
21,15,token_15,1.38094844635352e-05,0.004196672369784153,7.674719617946453e-05,7.343895347332321e-05
21,16,token_16,2.1511748853926868e-05,0.013750310487381519,0.00023912410309702455,0.0002325538084915302
21,17,token_17,0.00012554234494884816,0.008827583338911777,0.00022141155753885365,0.00021941303441305477
21,18,token_18,2.3515347819502852e-05,0.002934973750674427,6.155978592497553e-05,5.8332744982951864e-05
21,19,token_19,6.787898693903773e-05,0.0031913097927148424,9.521037856152888e-05,9.305591022574517e-05
21,20,token_20,0.00018184285732803613,0.0027373140107705522,0.00015639213136237908,0.000157011469072111
21,21,token_21,5.073599416974994e-05,0.0018142932370911419,5.8389437576208665e-05,5.827223952419191e-05
21,22,token_22,9.158956283126322e-05,0.0014655314089251496,7.592030916312128e-05,7.504602683955688e-05
21,23,token_23,0.9658520077571777,5.820127113482982,0.7146512317034519,0.7265633001024551
21,24,token_24,0.0013581565469455955,0.017203956926370147,0.001088012696693288,0.0010966732302516546
21,25,token_25,0.00017436147970063053,0.024300803457504624,0.0005087368338473077,0.0004892023232261464
21,26,token_26,0.00015242842055656253,0.06435671913156224,0.00114144307113908,0.001089403101111567
21,27,token_27,4.118755037996906e-05,0.017209862326363214,0.000297050358273595,0.00026650682450458696
21,28,token_28,0.0032048471851232334,0.049433484400287386,0.0027490838346847946,0.002810939562193492
21,29,token_29,1.2226309429807875e-05,0.012105735096760155,0.00021156790280870132,0.0002094543205834394
21,30,token_30,0.00023591679731036052,0.01267259951559845,0.0003533703429783561,0.00033313173581580566
21,31,token_31,2.0961891635795868e-05,0.003102001886850439,6.350407184412644e-05,6.0099550121529976e-05
21,32,token_32,0.0005494268602907828,0.004570528581433081,0.00043153585033142645,0.00043607867111061945
21,33,token_33,3.879084346204799e-05,0.006031984435130697,0.00012687744094935324,0.0001286980093393621
21,34,token_34,3.979765809876649e-05,0.010426484902651767,0.00019556006063404293,0.00019491399517400403
21,35,token_35,0.00016130941504777064,0.010635387169503775,0.0002753774060058784,0.000274073975054847
21,36,token_36,5.453958608133736e-05,0.0017987952472186908,6.411599943131096e-05,6.428509905501884e-05
21,37,token_37,0.0002933175874880851,0.0023017563426388906,0.00021684002952666786,0.00021986572637329666
21,38,token_38,0.0011560672087248972,0.013794136199997871,0.0008948488075618588,0.0009175049067357065
21,39,token_39,0.0001615686957263331,0.006652861767958891,0.00020755439042139504,0.00020167596504973097
21,40,token_40,0.00020971330730644796,0.003686895150825618,0.00018386226919004858,0.00018653388329404144
21,41,token_41,0.0008625150180131319,0.01906785677137135,0.0007481380355096939,0.0007206364007607988
21,42,token_42,0.00030049049793922115,0.008749765656163465,0.0003235131298340208,0.00032010984875040753
21,43,token_43,6.795899742087013e-05,0.010352016664348908,0.00021119235798204474,0.00020472288451542334
21,44,token_44,0.0001739091553605125,0.006311221502096291,0.0002099699297274904,0.0002134942636883871
21,45,token_45,0.0036076660640655526,0.029859047942008055,0.002726552846795555,0.0028027215401477245
21,46,token_46,4.6006050008465535e-05,0.010074989032508476,0.00019558198211613737,0.00018836206927950533
21,47,token_47,7.710014957722381e-05,0.001571598460719479,6.987012592333615e-05,6.953185314507056e-05
21,48,token_48,3.1724289721804785e-05,0.005405759389165064,0.00010313631410626403,9.49838060332901e-05
21,49,token_49,8.374459153272999e-05,0.010504685271285652,0.0002161991473094403,0.00021167305198470815
21,50,token_50,0.00019254831544555774,0.017868032072870587,0.0004046689721359432,0.0004021112916610964
21,51,token_51,0.00011596736571476282,0.0030860237769531067,0.00011470571460832032,0.00011487177813815874
21,52,token_52,0.00010822902015238535,0.005388497739658809,0.00014965037031356858,0.00015117219634186592
21,53,token_53,0.0003956911569343149,0.005222970787708307,0.0003303592710323731,0.0003329074145698072
21,54,token_54,0.00029382162711202246,0.028685041700253523,0.0006742765998517405,0.0006845248642456708
21,55,token_55,6.853617853291379e-05,0.013103911677916375,0.0002540864764269795,0.0002519116769597818
21,56,token_56,9.351728069891686e-05,0.019331273849379573,0.0003810863271270571,0.00038960645367335927
21,57,token_57,0.00028461026377534095,0.008271590046904082,0.000302663283391288,0.0003033494735302957
21,58,token_58,2.3083750035811026e-05,0.009469207682264596,0.00017165090326656321,0.00017241242279152116
21,59,token_59,0.00039745427077592294,0.01417126161453528,0.00047234726496412586,0.0004638292892277903
21,60,token_60,0.0001861166841393225,0.005038449730918686,0.00020201923263185416,0.00020195913273938847
21,61,token_61,0.00021960150281672363,0.018842963933752156,0.0004533129949932475,0.00043673605780751145
21,62,token_62,0.00010579720101447353,0.007243853990744319,0.0001853714088039315,0.0001844755137591323
21,63,token_63,0.0008215057394333654,0.025302322748195345,0.0008597268489316824,0.0008392769362311742
21,64,token_64,0.0002629626717282199,0.002402856222296612,0.00019469512524481587,0.00019460475764399357
21,65,token_65,1.896098432481648e-05,0.007102514397816767,0.00013354094795912496,0.00012201433288458618
21,66,token_66,7.365568859414348e-05,0.014060483272793746,0.0003151858624649812,0.0003036886984902444
21,67,token_67,0.00013644635767802714,0.03003862707329868,0.0007006683529475915,0.0007117096424293755
21,68,token_68,0.0004838641916327643,0.024471515016428438,0.0007739852370595555,0.0007096576394957553
21,69,token_69,8.101410830790597e-05,0.0036008800836346633,0.00012954675945526408,0.00012610796879879946
21,70,token_70,0.00022771836948379855,0.00355879741950671,0.0002244692875577626,0.00022703154004492568
21,71,token_71,0.0008357819357824962,0.006019288725887686,0.0006600180878684695,0.000679276420089891
21,72,token_72,3.80810561470521e-05,0.011659330579133398,0.00040578818524842307,0.0003880548713307852
21,73,token_73,0.00034236515970730345,0.0022189642678677795,0.00023180961894939627,0.00023559810713189605
21,74,token_74,0.003492110898072177,0.020580748720389175,0.002457977708719805,0.002451289681537793
21,75,token_75,0.003511848674007015,0.022473560844841006,0.0026618217011398415,0.002707125580040299
21,76,token_76,0.00012064525179146253,0.004345837937939839,0.0003244099351554784,0.0003106174906920137
21,77,token_77,0.0008986144221082251,0.015941598734714263,0.0016251458754849388,0.0014618766863869366
21,78,token_78,9.028884085065512e-05,0.0011673164590900794,0.00014311527550702987,0.00014591455738625992
21,79,token_79,2.199921176626713e-05,0.0006713925977609525,0.00015856880109614137,9.591322825156465e-05
21,80,token_80,7.269028011913702e-05,0.00039360265726212055,6.456593915742803e-05,6.560044287702009e-05
21,81,token_81,0.00036482488781954637,0.0016973803398873668,0.0003334380058301034,0.0003394760679774734
21,82,token_82,0.0007122338788463557,0.0027587083985508272,0.0007158069582502536,0.0006896770996377068
21,83,token_83,6.389126846859255e-05,0.00016569511602013064,5.331366681900248e-05,5.523170534004355e-05
21,84,token_84,0.00014928963745265434,0.00025621787512012,0.0001154005176245034,0.00012810893756006
21,85,token_85,0.0002854611577839518,0.0002854611577839518,0.0002854611577839518,0.0002854611577839518
22,0,token_0,2.2210657761080553e-05,0.003924341109068472,6.805111141984605e-05,5.1081225046772316e-05
22,1,token_1,0.00018293640779944254,0.010315846449966914,0.0002779428128432191,0.0002509467076484679
22,2,token_2,0.00011810464692203743,0.0027111154050611756,0.00011079759968400063,0.0001075529101844698
22,3,token_3,2.741950347947e-05,0.0065833203092625575,0.00010771351458129724,7.797287084042514e-05
22,4,token_4,0.00010743518908468381,0.004071237195319807,0.00013615279162292184,0.00013123939546037295
22,5,token_5,0.00027109234428487585,15.30282582463165,0.20003783434444872,0.11876075318108148
22,6,token_6,0.00040655905133888466,0.00974846392066437,0.00042490055725120154,0.0004300439095111146
22,7,token_7,0.00019935760772460246,0.004977346326566887,0.0001974646485255223,0.00019507999171320908
22,8,token_8,0.0011657382653379599,0.00960065284191022,0.0008783365063302056,0.0009415863873953644
22,9,token_9,0.0003369245659015627,0.02444067754356993,0.0005619304282321377,0.00046420653006973896
22,10,token_10,0.0006764099675014932,0.0070263182906582745,0.0005721181389219277,0.0006089164310105272
22,11,token_11,0.0005371256191769698,0.010050869716746628,0.0005383455319039158,0.0005623439753363077
22,12,token_12,0.00026360624931547175,0.014619272265627443,0.0003640707084948859,0.0003099211778864371
22,13,token_13,0.00013626883399161117,0.0023201260451782353,0.00011892765651201913,0.00011926523994448638
22,14,token_14,0.000102810501729302,0.013216373002459897,0.0002522964197774389,0.00019113016218499451
22,15,token_15,1.2798769626706974e-05,0.00420947113941086,6.395751086891303e-05,4.13369586705604e-05
22,16,token_16,1.6894719205250172e-05,0.01376720520658677,0.0001946782263186697,0.00013101496145999744
22,17,token_17,0.00012687298579203214,0.008954456324703809,0.00020250384318948935,0.00017279917562609267
22,18,token_18,2.2469059515167535e-05,0.0029574428101895945,5.374164064301393e-05,4.1900333575284035e-05
22,19,token_19,5.837222269739097e-05,0.0032496820154122334,8.78427473887013e-05,7.93418547142319e-05
22,20,token_20,0.00016700442133978804,0.00290431843211034,0.00015851458935786086,0.00016521981925709853
22,21,token_21,5.227347041737903e-05,0.001866566707508521,5.716624414444274e-05,5.332017489553899e-05
22,22,token_22,7.90626628937053e-05,0.001544594071818855,7.654877990923809e-05,7.761010214853174e-05
22,23,token_23,0.9673864335388347,6.787513547021817,0.7651982720705285,0.8474213981069034
22,24,token_24,0.0013565735665759396,0.018560530492946085,0.0011417248706698184,0.0011734827921218156
22,25,token_25,0.00016264578739778705,0.02446344924490241,0.0004395186245574036,0.0003531518202387174
22,26,token_26,0.00013816887753132038,0.06449488800909356,0.0009407882324175283,0.0006483523192656231
22,27,token_27,3.211625078906991e-05,0.017241978577152282,0.00024406353677669,0.00014764132718551005
22,28,token_28,0.0029060851230785396,0.05233956952336592,0.002780484092363544,0.002933351158802735
22,29,token_29,1.0873697253865074e-05,0.01211660879401402,0.0001714290616977341,0.00012073161184962856
22,30,token_30,0.00024389500993619075,0.01291649452553464,0.00033147527636992306,0.00028427452948762204
22,31,token_31,2.0520746210290844e-05,0.00312252263306073,5.4907406717359323e-05,3.971498901871574e-05
22,32,token_32,0.0006665342583987244,0.0052370628398318055,0.0004785355319448861,0.0005104033203001834
22,33,token_33,3.358555789403535e-05,0.006065569993024733,0.00010821906433828966,8.701189924281117e-05
22,34,token_34,3.33440992518877e-05,0.010459829001903655,0.0001631168683576119,0.00011170439322763562
22,35,token_35,0.00011891922660843826,0.010754306396112214,0.00024408577012639037,0.00021913130737312022
22,36,token_36,4.449595449004545e-05,0.0018432912017087362,6.019199044305787e-05,5.7866077000440025e-05
22,37,token_37,0.00028658465729955375,0.0025883409999384443,0.00023078895508124505,0.00025069935093722005
22,38,token_38,0.0010938593880927836,0.014887995588090654,0.0009346509236680438,0.0010005324059037266
22,39,token_39,0.0001531697893319463,0.006806031557290837,0.00019667747020350528,0.00018020658097458265
22,40,token_40,0.00018497272222357087,0.0038718678730491887,0.00018408435979675307,0.00018845518589835582
22,41,token_41,0.0006239170466157515,0.0196917738179871,0.0007232938377309054,0.0006869058157276202
22,42,token_42,0.0002523027423021011,0.009002068398465566,0.00030927105232763687,0.00029517456401631254
22,43,token_43,5.661704050222634e-05,0.010408633704851135,0.00018027729448608106,0.00014028286935774872
22,44,token_44,0.0001661914720073084,0.0064774129741036,0.00020121423818345401,0.00019324489850240268
22,45,token_45,0.00366001158818611,0.03351905953019416,0.002913244595073666,0.0031923087950768716
22,46,token_46,4.1905954550911166e-05,0.010116894987059387,0.00016484677660309215,0.00011854942456932657
22,47,token_47,6.584969435449018e-05,0.0016374481550739692,6.906603960956696e-05,6.923722606629311e-05
22,48,token_48,2.6361785647794018e-05,0.0054321211748128585,8.778140841457003e-05,5.9043848279703205e-05
22,49,token_49,5.7902921096606406e-05,0.010562588192382257,0.0001845399020668735,0.0001333604948020318
22,50,token_50,0.00020384338177393792,0.018071875454644525,0.0003645038540635422,0.00029030093531430296
22,51,token_51,0.00010578635688362758,0.0031918101338367344,0.00011292184306338179,0.00010949830956508038
22,52,token_52,8.078054941687127e-05,0.00546927828907568,0.00013587640613422914,0.00012064173174826092
22,53,token_53,0.0003781923514237697,0.005601163139132077,0.00033992588711065244,0.0003566734695607734
22,54,token_54,0.00028470161300165524,0.028969743313255178,0.0005963616024817234,0.00047231035612280977
22,55,token_55,5.5941788237430254e-05,0.013159853466153806,0.00021445753878906966,0.00014497310121235548
22,56,token_56,8.045298948316617e-05,0.01941172683886274,0.0003209596595982789,0.00024405479046999692
22,57,token_57,0.0002190017955683391,0.00849059184247242,0.0002859309858266982,0.0002838225272043361
22,58,token_58,2.2846943556299924e-05,0.009492054625820897,0.00014189011132451058,0.0001018310689003777
22,59,token_59,0.00032977466790754423,0.014501036282442824,0.0004438327455528096,0.0004234267520408406
22,60,token_60,0.0002032562867720165,0.005241706017690703,0.00020226664345988666,0.0001981349537073351
22,61,token_61,0.00021570793150159416,0.01905867186525375,0.00040579198229491687,0.0003341264466225438
22,62,token_62,9.396622816115285e-05,0.007337820218905472,0.0001670903726753758,0.00014693820925278973
22,63,token_63,0.000578480722091319,0.025880803470286665,0.0008034776235636097,0.0007295166979177027
22,64,token_64,0.0002510045243881697,0.002653860746684782,0.00020595700507348665,0.00021907141626004942
22,65,token_65,1.579969319147306e-05,0.007118314091008241,0.00010999269700559458,6.67652716336904e-05
22,66,token_66,7.620700291854886e-05,0.014136690275712295,0.0002673900905556948,0.00019802989210080928
22,67,token_67,0.0001297199014654122,0.030168346974764094,0.0005864786626511557,0.0004325992472430911
22,68,token_68,0.00039183343187301745,0.024863348448301455,0.000697554876022248,0.0005124667978879454
22,69,token_69,7.437471977945106e-05,0.0036752548034141145,0.00011851235152010149,9.851076180392862e-05
22,70,token_70,0.00023634088399180562,0.003795138303498516,0.0002268436068445712,0.0002303720283917758
22,71,token_71,0.0009729756474007074,0.006992264373288394,0.0007226095997749172,0.0007896740255088615
22,72,token_72,4.287809535431824e-05,0.011702208674487716,0.00033320616726960215,0.00020838872566258351
22,73,token_73,0.0003360725370390139,0.0025550368049067932,0.0002526622025673198,0.0002700755824112965
22,74,token_74,0.0034662493735705545,0.02404699809395973,0.002659632041689955,0.0028579238469846014
22,75,token_75,0.0038219762143152395,0.026295537059156247,0.0028938526037749213,0.0031514507602746736
22,76,token_76,9.702812044274822e-05,0.004442866058382587,0.0002789335722129324,0.00022875775936339365
22,77,token_77,0.0006829401505549147,0.01662453888526918,0.0014367047304989341,0.0011025253054787014
22,78,token_78,9.114968496063512e-05,0.0012584661440507145,0.00013272215739775091,0.00012439009955563014
22,79,token_79,1.995201072000676e-05,0.0006913446084809593,0.00013084544302091445,8.641807606011991e-05
22,80,token_80,5.614434981429098e-05,0.0004497470070764115,6.288162128880062e-05,6.424957243948736e-05
22,81,token_81,0.00031627991316492355,0.0020136602530522905,0.00033000638729706745,0.00033561004217538175
22,82,token_82,0.0006108358516876807,0.003369544250238508,0.0006948127369377391,0.0006739088500477016
22,83,token_83,5.8720587813049165e-05,0.0002244157038331798,5.439505101781182e-05,5.610392595829495e-05
22,84,token_84,0.00011856736212267492,0.00037478523724279495,0.00011603388652413772,0.000124928412414265
22,85,token_85,0.00026735312142982834,0.0005528142792137801,0.0002818395505131271,0.00027640713960689007
22,86,token_86,9.927699692381819e-05,9.927699692381819e-05,9.927699692381819e-05,9.927699692381819e-05
23,0,token_0,2.065550667992667e-05,0.0039449966157483985,5.857199047186218e-05,2.3479458980396644e-05
23,1,token_1,0.00021005831175303382,0.010525904761719948,0.00026436591262518204,0.00020003046607393234
23,2,token_2,0.00010568833361745205,0.0028168037386786275,0.00010977574647069092,0.00010441139962584628
23,3,token_3,2.9181807320605116e-05,0.0066125021165831625,9.200717312915882e-05,2.905787690085699e-05
23,4,token_4,0.00013690539468697792,0.004208142590006785,0.00013630331223573306,0.00012283120053795696
23,5,token_5,0.0002841646948871262,15.303109989326538,0.16008710041453642,0.0002885383827198415
23,6,token_6,0.0003887935866775488,0.010137257507341919,0.00041767916313647103,0.0004237016428484284
23,7,token_7,0.00017643661033554572,0.005153782936902432,0.000193259040887527,0.00018947304143051728
23,8,token_8,0.0010442691263055168,0.010644921968215737,0.0009115230303252679,0.001054799877429461
23,9,token_9,0.00030179382820021735,0.024742471371770148,0.0005099031082257536,0.0003279774910273624
23,10,token_10,0.0005984232081245966,0.007624741498782871,0.0005773791527624616,0.000665243344723238
23,11,token_11,0.0006432550898529533,0.010694124806599582,0.0005593274434937234,0.0005997781494360892
23,12,token_12,0.00018711453447013918,0.014806386800097581,0.0003286794736899365,0.00023522933717564593
23,13,token_13,0.0001267702748471517,0.002446896320025387,0.00012049618017904564,0.0001231972022920448
23,14,token_14,0.00011782363804540302,0.0133341966405053,0.00022540186343103172,0.00011062670407490335
23,15,token_15,1.248183856436834e-05,0.004221952977975228,5.36623764080041e-05,1.212692831215916e-05
23,16,token_16,1.7196220621125294e-05,0.013784401427207896,0.00015918182517916083,1.8078238729067854e-05
23,17,token_17,0.00013003738213632096,0.009084493706840129,0.00018801055097885568,0.00012198057532600143
23,18,token_18,2.273626868194593e-05,0.0029801790788715403,4.7540566250800334e-05,2.281485800014493e-05
23,19,token_19,6.396976410650457e-05,0.003313651779518738,8.306815073226196e-05,6.678735169082795e-05
23,20,token_20,0.0001609724998509086,0.0030652909319612487,0.00015900617145647042,0.00017157380641533813
23,21,token_21,3.955650570170365e-05,0.0019061232132102247,5.3644296455894924e-05,4.41928395782844e-05
23,22,token_22,6.220750702653557e-05,0.0016068015788453906,7.368052533269759e-05,7.835128771853279e-05
23,23,token_23,0.9674207817741488,7.754934328795966,0.8056427740112526,0.9682734494199632
23,24,token_24,0.0011510266573309322,0.019711557150277018,0.0011435852280020412,0.0012306630859003744
23,25,token_25,0.00011939701398229019,0.0245828462588847,0.00037549430244238096,0.00015331618679886912
23,26,token_26,0.00013792736751919472,0.06463281537661275,0.0007802160594378616,0.00014095090945992622
23,27,token_27,2.7502086361389054e-05,0.01726948066351367,0.00020075124669362984,3.4339473505734016e-05
23,28,token_28,0.003289876927553789,0.05562944645091971,0.002882362659401593,0.0030647278498625533
23,29,token_29,1.1490440901586425e-05,0.012128099234915608,0.00013944133753850457,1.1358805541809113e-05
23,30,token_30,0.00022805094271201624,0.013144545468246657,0.0003107904096383417,0.0002378998252415382
23,31,token_31,1.9035008670971703e-05,0.0031415576417317017,4.77329271080818e-05,2.0532184329429795e-05
23,32,token_32,0.00043764114888380503,0.005674703988715611,0.00047035665533266986,0.0005523415798709009
23,33,token_33,3.633329382224178e-05,0.006101903286846975,9.384191023508008e-05,3.827245612277416e-05
23,34,token_34,3.649285131332763e-05,0.010496321853216983,0.00013779206494875506,3.576335575583877e-05
23,35,token_35,0.00012128725607186363,0.010875593652184077,0.00021952606731548503,0.00014047624080778533
23,36,token_36,6.187558655261847e-05,0.0019051667882613546,6.052870966497e-05,5.352543099509148e-05
23,37,token_37,0.00023265883628129482,0.002820999836219739,0.000231162931321255,0.00027482377302090645
23,38,token_38,0.0010537659098681582,0.015941761497958812,0.0009584739209080668,0.001060182175610129
23,39,token_39,0.0001266884603031003,0.0069327200175939374,0.00018267966822342428,0.0001511430271538067
23,40,token_40,0.00019546943000035502,0.004067337303049544,0.00018636137383747347,0.00018951249469554017
23,41,token_41,0.0007171563092746686,0.02040893012726177,0.0007220663320396581,0.0006757314922468632
23,42,token_42,0.00027138881373305106,0.009273457212198617,0.0003016946046087197,0.000270160020731589
23,43,token_43,6.487476253282344e-05,0.010473508467383957,0.00015719678809542954,6.129424831286754e-05
23,44,token_44,0.0001674414893920446,0.006644854463495644,0.00019445968842517214,0.0001610865579206153
23,45,token_45,0.003592835793668288,0.03711189532386245,0.0030491628347925903,0.0035644233157643597
23,46,token_46,4.172389131990515e-05,0.010158618878379292,0.00014022219954645476,4.183187709316497e-05
23,47,token_47,7.842397039486215e-05,0.0017158721254688313,7.0937625766626e-05,6.940781958524866e-05
23,48,token_48,1.775363459911623e-05,0.0054498748094119745,7.377585365147928e-05,2.5612533146400683e-05
23,49,token_49,7.32098309521427e-05,0.0106357980233344,0.00016227388784392736,6.706148742965432e-05
23,50,token_50,0.00016837550244351262,0.018240250957088037,0.0003252781837395363,0.00018391593375354664
23,51,token_51,0.00010750583497178611,0.0032993159688085205,0.00011183864144506266,0.00010170118805666561
23,52,token_52,8.801651587218604e-05,0.005557294804947866,0.00012630442808182052,9.121219919674897e-05
23,53,token_53,0.0004874884190772382,0.006088651558209315,0.00036943839350396957,0.00039393133019178264
23,54,token_54,0.0003506263277347433,0.02932036964098992,0.0005472145475323274,0.00029835083735839206
23,55,token_55,6.368295686203385e-05,0.013223536423015839,0.00018430262240366253,5.906850334065484e-05
23,56,token_56,0.00010305970315657433,0.019514786542019314,0.000277379668309938,8.69929502042982e-05
23,57,token_57,0.0002907772150100973,0.008781369057482518,0.000286900231663378,0.0002555166962796565
23,58,token_58,2.367755266189515e-05,0.009515732178482792,0.00011824759959198749,2.2809428633696385e-05
23,59,token_59,0.0003345183235503725,0.014835554605993197,0.0004219698611523222,0.00037307954854490986
23,60,token_60,0.00016820624075796522,0.005409912258448668,0.0001954545629195024,0.00018580421775059845
23,61,token_61,0.0002500952975952652,0.019308767162849017,0.0003746526453549866,0.00023262422652117355
23,62,token_62,9.078361011674578e-05,0.007428603829022218,0.0001518290201636498,0.00010051381302592536
23,63,token_63,0.0006634082270449304,0.026544211697331593,0.0007754637442598739,0.0006430860420783328
23,64,token_64,0.00019655684320832393,0.0028504175898931058,0.00020407697270045412,0.00023540892717212374
23,65,token_65,1.4934931710834186e-05,0.007133249022719074,9.098114394664252e-05,1.5975827120117255e-05
23,66,token_66,6.830206524840847e-05,0.014204992340960704,0.00022757248549423753,7.321831795324239e-05
23,67,token_67,0.00015505886470920684,0.0303234058394733,0.0005001947030627659,0.00013660441363502401
23,68,token_68,0.0003911705648366577,0.02525451901313811,0.0006362780137851299,0.0004152345032427201
23,69,token_69,7.141781160469518e-05,0.0037466726150188097,0.00010909344353702023,6.969149679251085e-05
23,70,token_70,0.00024086192530211798,0.0040360002288006335,0.00022964727053608058,0.0002279723418543594
23,71,token_71,0.0008297752518714869,0.007822039625159882,0.0007440427301942311,0.0008836613247692788
23,72,token_72,3.599368902719891e-05,0.011738202363514916,0.0002737636716211215,3.7657817177357935e-05
23,73,token_73,0.00025776426026007516,0.0028128010651668686,0.0002536826141058709,0.000294180275094045
23,74,token_74,0.0030459793381914027,0.02709297743215113,0.002736901500990245,0.0032074330172788693
23,75,token_75,0.004387150707649165,0.03068268776680541,0.0031925122245497705,0.003660743525617448
23,76,token_76,0.0001120971064794977,0.0045549631648620845,0.0002455662790662455,0.00011260533331888437
23,77,token_77,0.0005774908378278365,0.017202029723097013,0.0012648619519647147,0.0007499231806279877
23,78,token_78,9.728042349748474e-05,0.001355746567548199,0.0001256338106176977,9.89704867966112e-05
23,79,token_79,2.0247292225598572e-05,0.0007115919007065579,0.00010872581286185129,2.052587539447236e-05
23,80,token_80,5.3675898384232515e-05,0.0005034229054606441,6.1040476707887e-05,6.292786318258051e-05
23,81,token_81,0.0003229142167910145,0.002336574469843305,0.0003285879531958569,0.00033379635283475786
23,82,token_82,0.0006749656224708319,0.00404450987270934,0.0006908433140443577,0.00067408497878489
23,83,token_83,5.904301555622429e-05,0.0002834587193894041,5.5324643925494314e-05,5.669174387788082e-05
23,84,token_84,0.00012905751067396855,0.0005038427479167635,0.00011863861135410388,0.00012596068697919087
23,85,token_85,0.00025341749425330547,0.0008062317734670857,0.00027615513926116276,0.00026874392448902857
23,86,token_86,0.00012324256498173725,0.00022251956190555544,0.00010407011053540201,0.00011125978095277772
23,87,token_87,7.877861574513099e-05,7.877861574513099e-05,7.877861574513099e-05,7.877861574513099e-05
24,0,token_0,2.0442007835977976e-05,0.003965438623584377,5.094599394468534e-05,2.2836517788199076e-05
24,1,token_1,0.00022493824256663772,0.010750843004286586,0.0002564803786134732,0.00020413731700874322
24,2,token_2,9.94924475717419e-05,0.0029162961862503694,0.00010771908669090112,0.0001052262438356325
24,3,token_3,3.0192225597230223e-05,0.006642694342180393,7.964418362277311e-05,2.876105240527633e-05
24,4,token_4,0.00012136722981303094,0.004329509819819817,0.00013331609575119264,0.00012440500117989647
24,5,token_5,0.00024610835716878455,15.303356097683707,0.1281189020030629,0.00028195068960446446
24,6,token_6,0.0004187261939088179,0.010555983701250736,0.00041788856929094045,0.00041479912653032066
24,7,token_7,0.00021885188636186256,0.005372634823264295,0.00019837760998239412,0.00018770844880534323
24,8,token_8,0.0010346834472812444,0.011679605415496981,0.0009361551137164633,0.001058559837965537
24,9,token_9,0.0002870416365671304,0.02502951300833728,0.00046533081389402896,0.0003261925644853079
24,10,token_10,0.000578046514173021,0.008202788012955892,0.0005775126250445735,0.0006629683652180204
24,11,token_11,0.0006833638127340157,0.011377488619333596,0.0005841347173417818,0.000597931415212085
24,12,token_12,0.0002397254525199853,0.015046112252617566,0.0003108886694559463,0.00023507835376821782
24,13,token_13,0.00012584201591977836,0.002572738335945165,0.0001215653473271922,0.00012413276339502452
24,14,token_14,0.00011336281297950085,0.0134475594534848,0.00020299405334072557,0.00011070223806141875
24,15,token_15,1.2825586942930245e-05,0.004234778564918158,4.549501851498933e-05,1.231435159734981e-05
24,16,token_16,1.7334724676051338e-05,0.013801736151883947,0.00013081240507853894,1.80941204930582e-05
24,17,token_17,0.00012458579474763188,0.009209079501587761,0.00017532559973261092,0.00012195258228602846
24,18,token_18,2.5606073666782796e-05,0.003005785152538323,4.315366773399683e-05,2.3006363055816025e-05
24,19,token_19,6.354190348798104e-05,0.003377193683006719,7.916290128340578e-05,6.587936154819242e-05
24,20,token_20,0.0001919084433611545,0.003257199375322403,0.00016558662583740724,0.00017460940099668404
24,21,token_21,4.884663218139638e-05,0.0019549698453916213,5.268476360099522e-05,4.43737840279168e-05
24,22,token_22,7.115801679402814e-05,0.0016779595956394188,7.31760236249637e-05,7.575798775331446e-05
24,23,token_23,0.9671126055838788,8.722046934379845,0.8379367403257778,0.9681485107170187
24,24,token_24,0.0012253425150029764,0.020936899665279993,0.0011599366854022283,0.0012455427262564724
24,25,token_25,0.00016479751920735325,0.024747643778092052,0.00033335494579537546,0.00015379465935894766
24,26,token_26,0.0001473500257345025,0.06478016540234725,0.0006536428526971897,0.0001404929224205123
24,27,token_27,3.475197169973125e-05,0.017304232635213402,0.00016755139169485013,3.450752245629554e-05
24,28,token_28,0.003472260444779615,0.059101706895699324,0.0030003422164771977,0.0030925255119942994
24,29,token_29,9.6317962071137e-06,0.012137731031122721,0.0001134794292722264,1.0919207377196986e-05
24,30,token_30,0.00022489332034127157,0.013369438788587928,0.0002936109917789277,0.00023723812089386292
24,31,token_31,1.8812883160171902e-05,0.0031603705248918735,4.194891831849983e-05,2.039158796672624e-05
24,32,token_32,0.0006015434769033351,0.006276247465618946,0.000496594019646803,0.0005713094482630904
24,33,token_33,3.804840563190777e-05,0.006139951692478883,8.268320931444563e-05,3.671754845064397e-05
24,34,token_34,3.419914931087662e-05,0.01053052100252786,0.00011707348182117937,3.495082066169005e-05
24,35,token_35,0.000136034305150149,0.011011627957334225,0.00020282771488241782,0.00013378926622701365
24,36,token_36,5.0847256707077744e-05,0.0019560140449684325,5.8592419073391546e-05,5.243628962147735e-05
24,37,token_37,0.00029811243486710956,0.0031191122710868486,0.00024455283203042593,0.0002772908084520551
24,38,token_38,0.0011257984971065557,0.017067559995065366,0.0009919388361477647,0.0010478560561069737
24,39,token_39,0.00016893967043452666,0.007101659688028464,0.00017993166866564478,0.00015410635437736848
24,40,token_40,0.00021330160620710228,0.004280638909256646,0.00019174942031139925,0.0001931998998510191
24,41,token_41,0.0006645661079391829,0.021073496235200953,0.0007105662872195632,0.000666869413570613
24,42,token_42,0.00024469785561281247,0.009518155067811429,0.0002902952548095383,0.0002689837725893914
24,43,token_43,6.52649565893709e-05,0.010538773423973328,0.00013881042179421783,6.07912115220314e-05
24,44,token_44,0.0001483902056310845,0.006793244669126728,0.0001852457918663546,0.0001591320531772043
24,45,token_45,0.0039504998208443835,0.04106239514470683,0.003229430232002949,0.0035535333510967352
24,46,token_46,3.9108930291671834e-05,0.010197727808670964,0.00011999954569549818,4.1585935072328516e-05
24,47,token_47,7.79288799381536e-05,0.001793801005406985,7.233587660093152e-05,6.964809020269767e-05
24,48,token_48,3.050482438844722e-05,0.0054803796338004215,6.512164779887287e-05,2.6213459636936627e-05
24,49,token_49,4.966919916066138e-05,0.010685467222495061,0.00013975295010727417,6.276484437122767e-05
24,50,token_50,0.00020669366658935894,0.018446944623677394,0.00030156128030950087,0.000185436349067683
24,51,token_51,0.00010837849131949239,0.003407694460128013,0.00011114661141994862,0.00010056594795982903
24,52,token_52,0.00011050208499997722,0.005667796889947843,0.00012314395946545187,9.271137092932115e-05
24,53,token_53,0.00036956281367194773,0.006458214371881263,0.00036946327753756525,0.00038688081264635064
24,54,token_54,0.0002837658989384784,0.029604135539928397,0.0004945248178135576,0.0002966663528133874
24,55,token_55,5.341416429078539e-05,0.013276950587306624,0.00015812493078108713,5.830980020650624e-05
24,56,token_56,8.191147625173814e-05,0.01959669801827105,0.00023828602989829802,8.580561333035568e-05
24,57,token_57,0.00027824498892517284,0.00905961404640769,0.00028516918311573703,0.0002559765390530976
24,58,token_58,2.1831795066752034e-05,0.009537563973549544,9.896443868694041e-05,2.2256868593914847e-05
24,59,token_59,0.0004693389626020617,0.01530489356859526,0.0004314436814422701,0.00038048296754216674
24,60,token_60,0.00018146758736930542,0.0055913798458179734,0.00019265716780946302,0.00018607940935658866
24,61,token_61,0.0002291646901259041,0.01953793185297492,0.0003455550543091701,0.0002345314798500236
24,62,token_62,0.00010280281394838224,0.0075314066429706,0.00014202377892059628,9.954016399435859e-05
24,63,token_63,0.0006558927557955691,0.027200104453127164,0.000751549546567013,0.0006392396813122101
24,64,token_64,0.00023687715038853857,0.003087294740281644,0.00021063700823807102,0.00023548248543474475
24,65,token_65,1.651654259031369e-05,0.0071497655653093885,7.608822367537674e-05,1.5966809815191738e-05
24,66,token_66,6.52185080108041e-05,0.014270210848971508,0.00019510168999755086,7.215841285000169e-05
24,67,token_67,0.00012998104065035633,0.030453386880123657,0.000426151970580284,0.00013700946105075752
24,68,token_68,0.0004221328344360726,0.025676651847574183,0.0005934489779153185,0.00042214438188273453
24,69,token_69,6.21503192689631e-05,0.003808822934287773,9.97048186834088e-05,6.861958382701687e-05
24,70,token_70,0.00020790991134426255,0.004243910140144896,0.000225299798697717,0.00022424429470755696
24,71,token_71,0.0010491668992036495,0.008871206524363531,0.0008050675639961149,0.0009031564508914592
24,72,token_72,3.738305985213713e-05,0.011775585423367053,0.00022648754926732465,3.804620372718355e-05
24,73,token_73,0.0002758937114449245,0.003088694776611793,0.00025812483357368163,0.0002806089284744765
24,74,token_74,0.002978458122691251,0.03007143555484238,0.0027852128253304464,0.0031866483089417726
24,75,token_75,0.0031377378867629216,0.03382042565356833,0.0031815573569924007,0.0035752863781403385
24,76,token_76,0.00011587696157772638,0.004670840126439811,0.0002196284155685417,0.00011078677456421642
24,77,token_77,0.0006918236942685857,0.017893853417365598,0.0011502543004254888,0.0007388559478957849
24,78,token_78,0.00010353253604712246,0.0014592791035953215,0.00012121355570358266,9.641965040019446e-05
24,79,token_79,2.0284779634536865e-05,0.0007318766803410948,9.103760621638841e-05,1.9917164324578605e-05
24,80,token_80,5.698198079639383e-05,0.0005604048862570379,6.0228777525588374e-05,6.254535408450643e-05
24,81,token_81,0.00033626768743009555,0.0026728421572734004,0.00033012390004270463,0.00033410526965917505
24,82,token_82,0.0006575234308959597,0.004702033303605299,0.0006841793374146782,0.0006717190433721856
24,83,token_83,6.136197898880304e-05,0.0003448206983782072,5.653211093815606e-05,5.747011639636786e-05
24,84,token_84,0.00012783729195304754,0.000631680039869811,0.00012047834747389262,0.0001263360079739622
24,85,token_85,0.0002559093952877344,0.00106214116875482,0.0002721059904664771,0.000265535292188705
24,86,token_86,0.00010305408975841025,0.0003255736516639657,0.00010386690638000366,0.00010852455055465523
24,87,token_87,8.498561002946954e-05,0.0001637642257746005,8.002001460199871e-05,8.188211288730026e-05
24,88,token_88,0.0002662692852104515,0.0002662692852104515,0.0002662692852104515,0.0002662692852104515
25,0,token_0,2.086240723753686e-05,0.003986301030821914,4.492927660325564e-05,2.3120266944643977e-05
25,1,token_1,0.00018957714564726773,0.010940420149933855,0.00024309973202023212,0.00020090715532778555
25,2,token_2,0.00011328249887130819,0.0030295786851216775,0.00010883176912698255,0.00010690183724394961
25,3,token_3,2.6279195246687467e-05,0.00666897353742708,6.897118594755599e-05,2.836955429059421e-05
25,4,token_4,0.00012585632190233615,0.004455366141722153,0.00013182414098142136,0.00012317074908631834
25,5,token_5,0.00023646101028406398,15.30359255869399,0.10254241380450713,0.0002749006502530417
25,6,token_6,0.0003702137057729893,0.010926197407023726,0.00040835359658735024,0.0004146083802511679
25,7,token_7,0.00014964079589058115,0.005522275619154876,0.00018863024716403155,0.0001851364669126265
25,8,token_8,0.0011746957282761695,0.012854301143773152,0.0009838632366284046,0.0010728721660503747
25,9,token_9,0.0003119277367936311,0.025341440745130908,0.0004346501984739494,0.00032191811498067947
25,10,token_10,0.0006114991032631455,0.008814287116219038,0.0005843099206882878,0.0006546155457032658
25,11,token_11,0.0005387711238936219,0.011916259743227218,0.0005750619986521499,0.0005892376515952344
25,12,token_12,0.0001812861038212797,0.015227398356438845,0.00028496815632901297,0.00022946123118805235
25,13,token_13,0.00011498165562066617,0.0026877199915658315,0.000120248608985887,0.00012457263491781509
25,14,token_14,0.00011753889628207271,0.013565098349766873,0.000185903021928995,0.00011105757158218363
25,15,token_15,1.0448702920871475e-05,0.0042452272678390295,3.848575539616576e-05,1.1944778644438993e-05
25,16,token_16,1.8214580414845305e-05,0.013819950732298792,0.00010829284014580022,1.8105234173230374e-05
25,17,token_17,0.00012364683499559766,0.009332726336583358,0.0001649898467852083,0.00012309657632124415
25,18,token_18,2.1516031551595597e-05,0.0030273011840899187,3.8826140497516586e-05,2.2882724598714806e-05
25,19,token_19,5.979792562126179e-05,0.003436991608627981,7.528990615097698e-05,6.344743861669914e-05
25,20,token_20,0.0001765837851361795,0.0034337831604585823,0.0001677860576971617,0.00017364889116988167
25,21,token_21,3.308946097316229e-05,0.0019880593063647837,4.876570307542864e-05,4.355137367148923e-05
25,22,token_22,5.097491430480619e-05,0.001728934509944225,6.873580176093221e-05,7.409438474537248e-05
25,23,token_23,0.9703014350964226,9.692348369476267,0.8644096792799069,0.9682517050824949
25,24,token_24,0.0012312826715047216,0.022168182336784713,0.001174205882622727,0.0012219056586452288
25,25,token_25,0.000133045408669973,0.024880689186762027,0.000293293038370295,0.0001497075386343329
25,26,token_26,0.00014771087271775595,0.06492787627506501,0.000552456456701303,0.00014084192807429109
25,27,token_27,2.7443082734565148e-05,0.017331675717947966,0.00013952972990279313,3.33379864432591e-05
25,28,token_28,0.002743005915832334,0.06184471281153166,0.002948874956348225,0.003021357959890469
25,29,token_29,8.91980416337505e-06,0.012146650835286096,9.256750425045614e-05,1.0906435239190083e-05
25,30,token_30,0.00022879180278487175,0.0135982305913728,0.0002806471539801165,0.00023715283049656182
25,31,token_31,1.791201189676283e-05,0.0031782825367886363,3.7141537034152434e-05,2.0070909855660414e-05
25,32,token_32,0.00041717040135724656,0.006693417866976192,0.00048070929598889177,0.0005525599445253497
25,33,token_33,3.1517253288932976e-05,0.006171468945767816,7.24500181093431e-05,3.5558887481946935e-05
25,34,token_34,3.556266000461059e-05,0.01056608366253247,0.00010077131745786562,3.5076265691423026e-05
25,35,token_35,0.00011575779680179956,0.011127385754136025,0.00018541373126629418,0.0001314336684022273
25,36,token_36,4.7105872768988066e-05,0.0020031199177374206,5.629510981251085e-05,5.156734819489713e-05
25,37,token_37,0.00024688416946681325,0.0033659964405536617,0.0002450190995177034,0.00027050678865779234
25,38,token_38,0.0008682540138896455,0.01793581400895501,0.0009672018716961409,0.001026260724312331
25,39,token_39,0.00012121969058726471,0.007222879378615729,0.00016818927304996877,0.00015074641175211916
25,40,token_40,0.00016605064528891608,0.0044466895545455624,0.00018660966530690263,0.0001906317499579568
25,41,token_41,0.0005361125190275498,0.0216096087542285,0.0006756755335811605,0.0006552843771786945
25,42,token_42,0.0002785533695735639,0.009796708437384992,0.0002879468777623434,0.0002678561646950113
25,43,token_43,5.548031933424264e-05,0.010594253743307571,0.00012214440130222282,6.123986986762578e-05
25,44,token_44,0.0001426497899632244,0.006935894459089952,0.00017672659148572858,0.00015771467422585455
25,45,token_45,0.0030876642809497304,0.044150059425656564,0.003201077041792306,0.0034993122799338136
25,46,token_46,3.57838486543223e-05,0.010233511657325285,0.000103156406287263,4.0931794126908416e-05
25,47,token_47,6.259600932647653e-05,0.0018563970147334615,7.038790314604053e-05,6.862708120312795e-05
25,48,token_48,1.8816182274566847e-05,0.005499195816074988,5.586055469401167e-05,2.5141447509956662e-05
25,49,token_49,4.176856408633901e-05,0.0107272357865814,0.00012015607290308714,6.150617188464248e-05
25,50,token_50,0.00016001916649304766,0.018606963790170444,0.00027325285754621024,0.000182677902508335
25,51,token_51,8.316449004312399e-05,0.003490858950171137,0.0001055501871445837,9.860604081325676e-05
25,52,token_52,8.145515949764904e-05,0.005749252049445492,0.00011480619947189131,9.151050721149876e-05
25,53,token_53,0.0003694614136601328,0.006827675785541396,0.0003694629047620788,0.0003887089178555055
25,54,token_54,0.00023382572817506683,0.029837961268103463,0.0004423849998858595,0.0002852994192135727
25,55,token_55,5.3673655105776944e-05,0.013330624242412402,0.0001372346756460251,5.7997417616335977e-05
25,56,token_56,9.171142488848539e-05,0.019688409443159537,0.00020897110889633551,8.776459103121581e-05
25,57,token_57,0.00024623759273325387,0.009305851639140945,0.0002773828650392404,0.00025762502652164923
25,58,token_58,1.9421964827085135e-05,0.009556985938376629,8.305594391496935e-05,2.236925926516484e-05
25,59,token_59,0.00031138412795048685,0.015616277696545746,0.0004074317707439135,0.00036549829627526183
25,60,token_60,0.00014724982313845156,0.005738629668956425,0.00018357569887526073,0.00017983323040790793
25,61,token_61,0.0002043389837425852,0.019742270836717507,0.00031731184019585313,0.00022672389005228168
25,62,token_62,8.280433217562411e-05,0.007614210975146225,0.00013017988957160183,9.594620069550273e-05
25,63,token_63,0.0005052509776425085,0.02770535543076967,0.0007022898327821122,0.0006308349390407483
25,64,token_64,0.00020197787198975888,0.003289272612271403,0.00020890518098840862,0.00023394048556723562
25,65,token_65,1.4069599795102249e-05,0.00716383516510449,6.368449889932185e-05,1.552560758199583e-05
25,66,token_66,7.328089099179388e-05,0.014343491739963302,0.0001707375301963995,7.145687730044898e-05
25,67,token_67,0.0001394074692649352,0.03059279434938859,0.00036880307031721425,0.0001355427674961536
25,68,token_68,0.0003583716982518139,0.026035023545825996,0.0005464335219826176,0.0004090280433872975
25,69,token_69,5.152529969029676e-05,0.0038603482339780695,9.00689148847864e-05,6.766273499751244e-05
25,70,token_70,0.00021713117206913587,0.004461041312214031,0.00022366607337200077,0.00022440702650461592
25,71,token_71,0.0012733075774346053,0.010144514101798136,0.0008987155666838132,0.0009394785162996724
25,72,token_72,3.77619670833497e-05,0.011813347390450403,0.00018874243283052965,3.806473869976486e-05
25,73,token_73,0.00018762316447135075,0.0032763179410831436,0.00024402449975321547,0.00027281683721305794
25,74,token_74,0.0024771867623056085,0.03254862231714799,0.002723607612725479,0.003163568789307929
25,75,token_75,0.003651945691102043,0.03747237134467037,0.0032756350238143297,0.0036345961142696163
25,76,token_76,0.00010991491531669382,0.004780755041756505,0.00019768571551817213,0.00011023865411191217
25,77,token_77,0.0006380163147334789,0.01853186973209908,0.0010478067032870869,0.0007079692410063412
25,78,token_78,8.452364242121441e-05,0.001543802746016536,0.00011387557304710902,9.541548612898812e-05
25,79,token_79,1.5549607267204285e-05,0.0007474262876082991,7.594000642655159e-05,1.958179704060934e-05
25,80,token_80,5.010581557054793e-05,0.0006105107018275858,5.820418513458029e-05,5.948876061350186e-05
25,81,token_81,0.00029685717362865977,0.00296969933090206,0.00032347055475989565,0.0003314976286077981
25,82,token_82,0.0005436954744761212,0.00524572877808142,0.0006560825648269668,0.0006557160972601775
25,83,token_83,5.197040629507265e-05,0.0003967911046732798,5.561977000953938e-05,5.668444352475426e-05
25,84,token_84,0.00010217838860318641,0.0007338584284729974,0.00011681835569975137,0.0001223097380788329
25,85,token_85,0.0002478646678106469,0.0013100058365654668,0.00026725772593531107,0.0002620011673130934
25,86,token_86,9.417515760776625e-05,0.00041974880927173194,0.00010192855662555618,0.00010493720231793298
25,87,token_87,7.743275366807164e-05,0.00024119697944267215,7.95025624152133e-05,8.039899314755738e-05
25,88,token_88,0.00023448622148979466,0.0005007555067002462,0.00025991267246632015,0.0002503777533501231
25,89,token_89,0.00025400173849554625,0.00025400173849554625,0.00025400173849554625,0.00025400173849554625
26,0,token_0,2.8427308432712327e-05,0.0040147283392546265,4.162888296914698e-05,2.3362880873883504e-05
26,1,token_1,0.0002160804678380629,0.011156500617771917,0.0002376958791837983,0.00020385263748221656
26,2,token_2,9.991050767436882e-05,0.003129489192796046,0.00010704751683645981,0.0001073073979125458
26,3,token_3,3.10214051970519e-05,0.006699994942624132,6.138122979745518e-05,2.850676392165143e-05
26,4,token_4,0.00012647826983864995,0.004581844411560803,0.0001307549667528671,0.00012521736585446692
26,5,token_5,0.00031945774963589615,15.303912016443627,0.08209782259353289,0.0002810386551300636
26,6,token_6,0.00038705631083662146,0.011313253717860348,0.00040409413943720454,0.00040333467982121325
26,7,token_7,0.0002013443684931582,0.005723619987648034,0.0001911730714298569,0.0001843790805383789
26,8,token_8,0.0010769273747148964,0.013931228518488048,0.001002476064245703,0.0010780156536902225
26,9,token_9,0.0003375137004203261,0.025678954445551235,0.0004152228988632247,0.0003222805929821355
26,10,token_10,0.0008027681254428903,0.00961705524166193,0.0006280015616392083,0.0006708556592254697
26,11,token_11,0.000541057070976959,0.012457316814204178,0.0005682610131171117,0.0005852459119918514
26,12,token_12,0.0002637678575070063,0.015491166213945851,0.00028072809656461167,0.0002290649802465439
26,13,token_13,0.00014187522129887982,0.0028295952128647114,0.00012457393144848556,0.0001281402184367395
26,14,token_14,0.00011454947116378777,0.01367964782093066,0.00017163231177595356,0.00011340958141353301
26,15,token_15,1.3700395196769997e-05,0.004258927663035799,3.3528683356286604e-05,1.2277789675162296e-05
26,16,token_16,2.1559190503419732e-05,0.013841509922802211,9.094611021732414e-05,1.8570819671607288e-05
26,17,token_17,0.00012340615306393772,0.009456132489647296,0.0001566731080409542,0.0001243166130003904
26,18,token_18,2.7987294162569887e-05,0.0030552884782524886,3.665837123052725e-05,2.33544401271919e-05
26,19,token_19,6.973349223295491e-05,0.0035067251008609355,7.417862336737258e-05,6.4723550637807e-05
26,20,token_20,0.00018992132182794373,0.003623704482286526,0.00017221311052331812,0.0001742518393268029
26,21,token_21,5.344424915499384e-05,0.0020415035555197774,4.970141229134168e-05,4.4666654985831714e-05
26,22,token_22,8.56495633585601e-05,0.001814584073302785,7.211855408045779e-05,7.379588650084416e-05
26,23,token_23,0.9663868592918531,10.658735228768121,0.8848051152822962,0.9679739303297334
26,24,token_24,0.001259070823807502,0.023427253160592215,0.001191178870859682,0.0012473942081922995
26,25,token_25,0.00018657658848950326,0.02506726577525153,0.00027194974839413666,0.00015273250891047912
26,26,token_26,0.0001452465769174932,0.0650731228519825,0.00047101448074454103,0.00014219410225854403
26,27,token_27,4.1017326846917895e-05,0.017372693044794885,0.00011982724929161809,3.39594188827945e-05
26,28,token_28,0.003108050585531974,0.06495276339706363,0.002980710082184975,0.003020834234132129
26,29,token_29,1.1518544937020205e-05,0.012158169380223115,7.635771238776896e-05,1.0937904872436011e-05
26,30,token_30,0.00026353120757663926,0.01386176179894944,0.0002772239646994211,0.00023966055872888856
26,31,token_31,2.0951193905368704e-05,0.003199233730694005,3.390346840839569e-05,1.9890264982200794e-05
26,32,token_32,0.000706568752127651,0.007399986619103844,0.0005258811872166436,0.0005615881465390597
26,33,token_33,3.0805817332319366e-05,0.006202274763100135,6.412117795393836e-05,3.4618549894236746e-05
26,34,token_34,3.587858800174377e-05,0.010601962250534214,8.779277156664126e-05,3.514717766093926e-05
26,35,token_35,0.00013972467022875783,0.011267110424364783,0.0001762759190587869,0.00012997251644947418
26,36,token_36,5.1391061985730815e-05,0.0020545109797231514,5.531430024715485e-05,5.1949850799566595e-05
26,37,token_37,0.0003220806411137778,0.0036880770816674394,0.0002604314078369183,0.0002780728247284598
26,38,token_38,0.00104749809825933,0.01898331210721434,0.0009832611170087788,0.0010155147275140739
26,39,token_39,0.00019245208469277815,0.007415331463308507,0.00017304183537853067,0.00015303881916117756
26,40,token_40,0.00021506503261229745,0.00466175458715786,0.00019230073876798162,0.0001923311308440331
26,41,token_41,0.0007673401215478533,0.022376948875776355,0.0006940084511744991,0.0006662562961266097
26,42,token_42,0.0002853051128183967,0.010082013550203389,0.0002874185247735541,0.00027307470691827055
26,43,token_43,7.322222688743568e-05,0.010667475970195007,0.00011235996641926539,6.23084587297477e-05
26,44,token_44,0.00016478194148293585,0.0071006764005728884,0.00017433766148517002,0.000158197813368117
26,45,token_45,0.0027961074257511075,0.04694616685140767,0.0031200831185840662,0.0033948501751753664
26,46,token_46,5.091943005272829e-05,0.010284431087378013,9.270901104035607e-05,4.255653506015015e-05
26,47,token_47,7.634534295120325e-05,0.0019327423576846648,7.157939110707308e-05,7.004702613090635e-05
26,48,token_48,2.9456701086805276e-05,0.005528652517161794,5.057978397257039e-05,2.4876076989226728e-05
26,49,token_49,6.503075798033317e-05,0.010792266544561734,0.00010913100991853635,6.130536627058466e-05
26,50,token_50,0.00019379515232417397,0.018800758942494618,0.000257361316501803,0.00018063202047250202
26,51,token_51,9.705872720541395e-05,0.003587917677376551,0.00010385189515674977,9.833002075217731e-05
26,52,token_52,9.622904337935937e-05,0.0058454810928248516,0.00011109076825338492,9.108144817778757e-05
26,53,token_53,0.0003463566649584214,0.0071740324504998175,0.0003648416568013474,0.00038718124422186106
26,54,token_54,0.0002786926411967504,0.03011665390930021,0.00040964652814803773,0.0002888914868406851
26,55,token_55,6.097406007785428e-05,0.013391598302490256,0.00012198255253239095,5.876585111759965e-05
26,56,token_56,9.307162487662031e-05,0.019781481068036157,0.0001857912120923925,8.948483551099349e-05
26,57,token_57,0.0003047930738193744,0.009610644712960319,0.0002828649067952672,0.000261871097892493
26,58,token_58,2.068275962713403e-05,0.009577668698003763,7.058130705740228e-05,2.224288356605436e-05
26,59,token_59,0.0003912066020438883,0.016007484298589635,0.0004041867370039085,0.0003588084562097605
26,60,token_60,0.00019348675126319392,0.005932116420219619,0.00018555790935284738,0.00018003813385523694
26,61,token_61,0.0002248383569447827,0.01996710919366229,0.0002988171435456391,0.00022566735166128137
26,62,token_62,0.00010439990858882439,0.007718610883735049,0.00012502389337504634,9.531902767435382e-05
26,63,token_63,0.0008612865417994163,0.028566641972569088,0.000734089174585573,0.0006720604832559919
26,64,token_64,0.00028646900023041256,0.0035757416125018157,0.0002244179448368094,0.00023586096753416437
26,65,token_65,1.7279556330669925e-05,0.0071811147214351605,5.4403510385591464e-05,1.5784232304610464e-05
26,66,token_66,7.693235997582472e-05,0.014420424099939128,0.00015197649615228455,7.192043848977277e-05
26,67,token_67,0.00012160862459149206,0.030714402973980082,0.00031936418117206985,0.00013357642940317987
26,68,token_68,0.0004745039932632887,0.026509527539089285,0.0005320476162387519,0.00042174929362489666
26,69,token_69,7.407255773545816e-05,0.003934420791713527,8.686964345492075e-05,6.8006621938749e-05
26,70,token_70,0.00021617461652095697,0.004677215928734988,0.00022216778200179202,0.00022268377359262962
26,71,token_71,0.0008546185574421743,0.01099913265924031,0.0008898961648354854,0.0009412059435149942
26,72,token_72,3.610996078904646e-05,0.01184945735123945,0.00015821593842223303,3.76294913549688e-05
26,73,token_73,0.0002950795285485967,0.00357139746963174,0.00025423550551229176,0.000276331489766011
26,74,token_74,0.003829077911255058,0.036377700228403045,0.002944701672431395,0.0032308788485173627
26,75,token_75,0.0033596360189166044,0.040832007363586977,0.003292435222834785,0.0036587818633092755
26,76,token_76,0.0001126209504031809,0.004893375992159685,0.0001806727624951739,0.00011011240856551595
26,77,token_77,0.0008092810864252361,0.019341150818524316,0.0010001015799147167,0.0007171488108612499
26,78,token_78,8.191749407077206e-05,0.001625720240087308,0.00010748395725184164,9.214578733262594e-05
26,79,token_79,2.1704916034752637e-05,0.0007691312036430517,6.50929883481918e-05,1.955499418323573e-05
26,80,token_80,7.435966770698345e-05,0.0006848703695345693,6.143528164906092e-05,6.12008328425511e-05
26,81,token_81,0.00035373128731224434,0.0033234306182143044,0.0003295227012703654,0.00032788117455112787
26,82,token_82,0.000609386115468323,0.0058551148935497436,0.000646743274955238,0.0006376516900114845
26,83,token_83,5.6188533704833804e-05,0.0004529796383781136,5.5733522748598264e-05,5.66224547972642e-05
26,84,token_84,0.00013740048096705108,0.0008712589094400485,0.00012093478075321131,0.0001244655584914355
26,85,token_85,0.00028109018441592254,0.0015910960209813893,0.0002700242176314334,0.00026518267016356487
26,86,token_86,0.00011288428687359344,0.0005326330961453253,0.00010411970267516364,0.00010652661922906507
26,87,token_87,8.242418774890022e-05,0.0003236211671915724,8.008688748195069e-05,8.09052917978931e-05
26,88,token_88,0.00028571418922120566,0.0007864696959214519,0.0002650729758172973,0.00026215656530715063
26,89,token_89,0.00030325918030838986,0.0005572609188039361,0.00026385322685811496,0.00027863045940196805
26,90,token_90,2.3170029882526883e-05,2.3170029882526883e-05,2.3170029882526883e-05,2.3170029882526883e-05
27,0,token_0,2.315645688071068e-05,0.004037884796135338,3.793439775145972e-05,2.351490198903434e-05
27,1,token_1,0.0002124408681635826,0.011368941485935499,0.00023264487697975518,0.00020807204628864464
27,2,token_2,8.422792869131527e-05,0.0032137171214873615,0.00010248359920743092,0.00010424183062287934
27,3,token_3,2.5315729214193455e-05,0.006725310671838325,5.416812968080284e-05,2.8345484823365252e-05
27,4,token_4,0.00011775262023445499,0.004699597031795257,0.0001281544974491847,0.00012308172270850793
27,5,token_5,0.00024843279662851845,15.304160449240255,0.06572794463415202,0.000279059853274403
27,6,token_6,0.00038055190282362415,0.011693805620683973,0.0003993856921144885,0.0004014222120591418
27,7,token_7,0.00016490481249007972,0.005888524800138114,0.00018591941964190146,0.00018425014183454474
27,8,token_8,0.0008596901435349875,0.014790918662023035,0.00097391888010356,0.0010633570365877025
27,9,token_9,0.0003132277454952204,0.025992182191046456,0.00039482386818962385,0.0003142688890053476
27,10,token_10,0.0005567499587419095,0.010173805200403839,0.0006137512410597486,0.00065735528630504
27,11,token_11,0.0005146285904784604,0.012971945404682638,0.0005575345285893814,0.0005841725894604188
27,12,token_12,0.00021556881354584855,0.0157067350274917,0.00026769623996085906,0.00022742610672388524
27,13,token_13,0.00012042445376653381,0.0029500196666312453,0.00012374403591209522,0.0001269714259831593
27,14,token_14,9.223058388662891e-05,0.013771878404817289,0.00015575196619808864,0.00011094287007413487
27,15,token_15,1.0098402993524455e-05,0.004269026066029324,2.8842627283734178e-05,1.2129906359881977e-05
27,16,token_16,1.6981085357551355e-05,0.013858491008159763,7.615310524536958e-05,1.8525385837878326e-05
27,17,token_17,0.00012135063385504353,0.00957748312350234,0.00014960861320377207,0.00012401744191530782
27,18,token_18,2.253499199158976e-05,0.0030778234702440784,3.383369538273975e-05,2.3373840685619394e-05
27,19,token_19,5.2014920522239346e-05,0.003558740021383175,6.974588279834594e-05,6.281949902725463e-05
27,20,token_20,0.00016802030743702157,0.0037917247897235476,0.00017137454990605883,0.00017601857780459384
27,21,token_21,3.8535192398604375e-05,0.002080038747918382,4.7468168312794224e-05,4.422276250726203e-05
27,22,token_22,7.337409679422546e-05,0.0018879581700970104,7.236966262321133e-05,7.309729928185732e-05
27,23,token_23,0.9708736030903824,11.629608831858503,0.9020188128439135,0.9681946338696409
27,24,token_24,0.0011486138522092298,0.024575867012801445,0.0011826658671295917,0.0012463713366943244
27,25,token_25,0.00011928393664069144,0.02518654971189222,0.00024141658604344762,0.0001497155094859321
27,26,token_26,0.00011392650748223731,0.06518704935946473,0.00039959688609208035,0.00014103740742970697
27,27,token_27,2.8994467599636292e-05,0.01740168751239452,0.00010166069295322174,3.331790032948196e-05
27,28,token_28,0.002642324412626447,0.06759508780969008,0.0029130329482732697,0.0030094569032782215
27,29,token_29,9.197108554336422e-06,0.012167366488777451,6.292559162108246e-05,1.0710192100779117e-05
27,30,token_30,0.00020576172218639746,0.014067523521135838,0.0002629315161968164,0.0002325453418665006
27,31,token_31,1.50058129695753e-05,0.00321423954366358,3.0123937320631616e-05,1.923746287509924e-05
27,32,token_32,0.0005140081379591509,0.007913994757062994,0.0005235065773651451,0.0005507263517643331
27,33,token_33,2.910608244851054e-05,0.006231380845548646,5.7118158852852805e-05,3.382828625038019e-05
27,34,token_34,3.0642897344626376e-05,0.010632605147878841,7.636279672223827e-05,3.494053951140679e-05
27,35,token_35,0.00011684319471506552,0.011383953619079849,0.00016438937419004264,0.00012961705712331796
27,36,token_36,4.063380671620285e-05,0.0020951447864393544,5.237820154096445e-05,5.035520252549285e-05
27,37,token_37,0.0002797335677535403,0.00396781064942098,0.0002642918398202427,0.0002776069050603314
27,38,token_38,0.0008128295354476149,0.019796141642661955,0.0009491748006965461,0.0010039563130450346
27,39,token_39,0.00013822924368241953,0.007553560706990927,0.00016607931703930846,0.00015173250227992806
27,40,token_40,0.00018231936106897714,0.004844073948226837,0.00019030446322818072,0.0001928555349696
27,41,token_41,0.0006265720501140539,0.02300352092589041,0.0006805211709624101,0.0006681632034990048
27,42,token_42,0.00022911062439493222,0.010311124174598322,0.0002757569446978297,0.00026844948266883684
27,43,token_43,5.254721324767791e-05,0.010720023183442685,0.0001003974157849479,6.175811230291114e-05
27,44,token_44,0.0001179428581203148,0.007218619258693203,0.00016305870081219896,0.0001535337504382212
27,45,token_45,0.002668328959708776,0.049614495811116446,0.0030297322868090082,0.00334020754411114
27,46,token_46,3.686810467316634e-05,0.01032129919205118,8.154082976691813e-05,4.146723815187062e-05
27,47,token_47,6.753021902124728e-05,0.002000272576705912,7.076955668990792e-05,7.044085002898033e-05
27,48,token_48,2.2788212846821124e-05,0.005551440730008615,4.502146974742054e-05,2.4965543135852078e-05
27,49,token_49,5.7346842635488264e-05,0.010849613387197223,9.877417646192674e-05,6.0434973576940005e-05
27,50,token_50,0.00015193223611994897,0.018952691178614568,0.00023627550042543222,0.00017875694916166037
27,51,token_51,8.870532124908645e-05,0.0036766229986256375,0.00010082258037521711,9.920894563349018e-05
27,52,token_52,9.550912920587371e-05,0.0059409902220307256,0.0001079744404438827,9.303089413021917e-05
27,53,token_53,0.0003680327347203872,0.007542065185220204,0.00036547987238515537,0.0003863510065860655
27,54,token_54,0.00023343190887535858,0.03035008581817557,0.00037440360429350194,0.00028033598707047846
27,55,token_55,4.4107804168260224e-05,0.013435706106658516,0.00010640760285956481,5.707766446655935e-05
27,56,token_56,7.256613969471802e-05,0.019854047207730874,0.0001631461976128576,8.790027708899221e-05
27,57,token_57,0.00027277538851764666,0.009883420101477965,0.0002808470031397431,0.00026808281978290676
27,58,token_58,1.843054583467543e-05,0.00959609924383844,6.015115481285692e-05,2.1788441029351916e-05
27,59,token_59,0.00035708700058299054,0.016364571299172626,0.0003947667897197249,0.00036339064673568985
27,60,token_60,0.0001552372666712394,0.006087353686890859,0.0001794937808165258,0.00017628794226748912
27,61,token_61,0.00022478045762321428,0.020191889651285506,0.0002840098063611541,0.00022503607763551316
27,62,token_62,8.690340341748898e-05,0.007805514287152538,0.00011739979538353488,9.470870373274417e-05
27,63,token_63,0.000877871190632581,0.02944451316320167,0.0007628455777949747,0.0007006580161106556
27,64,token_64,0.0001972801068112903,0.003773021719313106,0.0002189903772317056,0.00023252252797300086
27,65,token_65,1.3446168577586148e-05,0.007194560890012747,4.6212042023990405e-05,1.5602470011234537e-05
27,66,token_66,5.6470644059683976e-05,0.014476894743998811,0.00013287532573376444,7.042085219403544e-05
27,67,token_67,0.00011995031584486762,0.03083435328982495,0.0002794814081066294,0.0001326194759121108
27,68,token_68,0.0004155983828731715,0.026925125921962455,0.0005087577695656358,0.00041695186059884434
27,69,token_69,4.9799635358863844e-05,0.0039842204270723915,7.945564183570937e-05,6.603765237374916e-05
27,70,token_70,0.00019196229031786605,0.004869178219052854,0.00021612668366500682,0.00022106663766669404
27,71,token_71,0.0008173466394393854,0.011816479298679695,0.0008753862597562655,0.0009327611424154134
27,72,token_72,3.2127161639836714e-05,0.011881584512879287,0.00013299818306575378,3.7476245229253426e-05
27,73,token_73,0.0002598851765938098,0.00383128264622555,0.00025536543972859535,0.00027299958930603535
27,74,token_74,0.0033563803010577885,0.039734080529460834,0.0030270373981566736,0.003212566692867908
27,75,token_75,0.002929915952402155,0.04376192331598913,0.003219931368748259,0.003510932906884022
27,76,token_76,8.953206624473199e-05,0.004982908058404417,0.0001624446232450855,0.00010879591763145493
27,77,token_77,0.0006650784220406859,0.020006229240565002,0.0009330969483399105,0.000707814118144105
27,78,token_78,6.27971909161678e-05,0.0016885174310034758,9.854660398470688e-05,8.882554113480704e-05
27,79,token_79,1.606504943235962e-05,0.0007851962530754113,5.5287400565025364e-05,1.9282956486192037e-05
27,80,token_80,6.051918590443727e-05,0.0007453895554390065,6.12520625001362e-05,6.0678925801373224e-05
27,81,token_81,0.0002834907366780136,0.003606921354892318,0.0003203163083518951,0.00032426693821689087
27,82,token_82,0.000589399550350731,0.006444514443900475,0.0006352745300343366,0.0006353538833018002
27,83,token_83,4.824091107502755e-05,0.0005012205494531411,5.423500041388412e-05,5.633829849491403e-05
27,84,token_84,0.00013888996171942573,0.0010101488711594742,0.0001245258169464542,0.00012626860889493427
27,85,token_85,0.00021311888254659309,0.0018042149035279824,0.00025864315061446537,0.0002577449862182832
27,86,token_86,9.284646263726343e-05,0.0006254795587825887,0.00010186505466758361,0.00010424659313043145
27,87,token_87,7.438429692294879e-05,0.00039800546411452117,7.894636937015031e-05,7.960109282290423e-05
27,88,token_88,0.00021701833095682317,0.001003488026878275,0.0002554620468452025,0.00025087200671956877
27,89,token_89,0.0002887578577162457,0.0008460187765201817,0.00026883415302974114,0.00028200625884006056
27,90,token_90,1.6164999953265183e-05,3.933502983579207e-05,2.1769023896674544e-05,1.9667514917896035e-05
27,91,token_91,4.385793414016356e-05,4.385793414016356e-05,4.385793414016356e-05,4.385793414016356e-05
28,0,token_0,2.8702716554554493e-05,0.004066587512689892,3.608806151207867e-05,2.4292832076652267e-05
28,1,token_1,0.00019052722915675655,0.011559468715092256,0.00022422134741515546,0.00020724176468862
28,2,token_2,0.00011888396625119911,0.0033326010877385605,0.00010576367261618456,0.0001057461495923305
28,3,token_3,2.8452458514907172e-05,0.006753763130353233,4.902499544762371e-05,2.885294918266514e-05
28,4,token_4,0.000130170218900987,0.004829767250696245,0.00012855764173954517,0.0001229288506718177
28,5,token_5,0.00029470963689191165,15.304455158877147,0.0526412976347,0.0002834962093277956
28,6,token_6,0.00042493148958394123,0.012118737110267914,0.00040449485160837906,0.00040409282587492714
28,7,token_7,0.0001727358175016973,0.006061260617639811,0.00018328269921386064,0.0001850770190930178
28,8,token_8,0.001081046676443831,0.015871965338466867,0.0009953444393716142,0.0010624013327936018
28,9,token_9,0.00035001461279664454,0.0263421968038431,0.000385862017111028,0.0003222056396301114
28,10,token_10,0.0006506583396494568,0.010824463540053295,0.0006211326607776903,0.0006513548647335258
28,11,token_11,0.0005500162265856252,0.013521961631268264,0.0005560308681886301,0.0005852072615500129
28,12,token_12,0.00020843028703944875,0.01591516531453115,0.000255843049376577,0.0002266769272948634
28,13,token_13,0.00012890965658628734,0.003078929323217533,0.00012477716004693365,0.00012858033620267396
28,14,token_14,0.00011580635294498275,0.013887684757762272,0.00014776284354746746,0.00011266126702128373
28,15,token_15,1.058839233877805e-05,0.004279614458368102,2.5191780294742953e-05,1.2093946630935593e-05
28,16,token_16,1.8954324443723334e-05,0.013877445332603487,6.471334908504034e-05,1.8580824259486676e-05
28,17,token_17,0.000129230575994989,0.009706713699497329,0.00014553300576201548,0.00012558408819180012
28,18,token_18,2.7982401301105272e-05,0.003105805871545184,3.266343656641286e-05,2.4293433586282454e-05
28,19,token_19,7.159173408317424e-05,0.0036303317554663493,7.011505305531161e-05,6.336261871131807e-05
28,20,token_20,0.00016446372556986355,0.0039561885152934115,0.00016999238503881978,0.00017508967023136196
28,21,token_21,4.459519644815663e-05,0.0021246339443665384,4.68935739398667e-05,4.513458768064326e-05
28,22,token_22,7.372186046795022e-05,0.0019616800305649607,7.264010219215911e-05,7.346727305888428e-05
28,23,token_23,0.9671822469107361,12.59679107876924,0.9150514996572781,0.9678144966304292
28,24,token_24,0.001234225032174854,0.0258100920449763,0.0011929777001386441,0.0012455364581939689
28,25,token_25,0.00014067343652549437,0.025327223148417715,0.000221267956139857,0.0001500976463267154
28,26,token_26,0.0001363787570716446,0.06532342811653638,0.00034695326028799325,0.0001398921756913389
28,27,token_27,3.225373890217924e-05,0.0174339412512967,8.777930214301325e-05,3.3158309414182234e-05
28,28,token_28,0.0029316095211010204,0.0705266973307911,0.00291674826283882,0.0030372575144533695
28,29,token_29,1.1113805213511692e-05,0.012178480293990964,5.256323433956831e-05,1.0621438332577055e-05
28,30,token_30,0.00023320557286248992,0.014300729093998328,0.00025698632752995114,0.0002330057969637797
28,31,token_31,2.266889750249859e-05,0.0032369084411660786,2.8632929357005015e-05,1.9483555743929466e-05
28,32,token_32,0.0005593684471929624,0.008473363204255957,0.0005306789513307086,0.0005565326853892073
28,33,token_33,3.553525980690975e-05,0.006266916105355556,5.28015790436642e-05,3.421531421086318e-05
28,34,token_34,3.366324764950078e-05,0.010666268395528342,6.782288690769076e-05,3.4947643871917496e-05
28,35,token_35,0.0001156308684373684,0.011499584487517218,0.0001546376730395078,0.0001281883416326516
28,36,token_36,4.949091388571727e-05,0.0021446357003250716,5.180074400991502e-05,5.004750489846475e-05
28,37,token_37,0.00026201935341195796,0.004229830002832938,0.00026383734253858577,0.00027767390596026653
28,38,token_38,0.0008625101428491286,0.020658651785511083,0.0009318418691270626,0.001002572849279764
28,39,token_39,0.00014833925330876696,0.007701899960299694,0.00016253130429320017,0.00015132586100839195
28,40,token_40,0.00020126528904165135,0.005045339237268489,0.00019249662839087485,0.00019601967421866475
28,41,token_41,0.0007072286355338921,0.023710749561424303,0.0006858626638767066,0.0006881759760082605
28,42,token_42,0.00027230476663284484,0.010583428941231167,0.00027506650908483275,0.0002667692228758654
28,43,token_43,6.59104657449231e-05,0.010785933649187607,9.350002577694294e-05,6.273449778244626e-05
28,44,token_44,0.0001636364820526,0.007382255740745803,0.00016317425706027918,0.00015561792425125315
28,45,token_45,0.003070327801828982,0.05268482361294543,0.003037851389813003,0.003304180216875366
28,46,token_46,4.3038950314611925e-05,0.010364338142365792,7.38404538764569e-05,4.191939498322282e-05
28,47,token_47,6.178811313642832e-05,0.0020620606898423405,6.8973267979212e-05,7.094529733751064e-05
28,48,token_48,2.391011944621244e-05,0.005575350849454827,4.079919968717892e-05,2.5164468751445993e-05
28,49,token_49,7.059943611305408e-05,0.010920212823310278,9.313922839215221e-05,6.240901794466937e-05
28,50,token_50,0.00017646150110590025,0.019129152679720467,0.00022431270056152584,0.00018170861528692974
28,51,token_51,9.65223462679707e-05,0.0037731453448936083,9.996253355376783e-05,0.000100386116706908
28,52,token_52,9.386149557471229e-05,0.006034851717605438,0.00010515185147004863,9.432287476237679e-05
28,53,token_53,0.00040034733048094394,0.007942412515701148,0.00037245336400431315,0.00038939161061589454
28,54,token_54,0.00026820131021189087,0.03061828712838746,0.00035316314547717976,0.0002783833819057458
28,55,token_55,6.190188205911466e-05,0.01349760798871763,9.750645869947479e-05,5.7779061166771176e-05
28,56,token_56,0.00010058927604402888,0.019954636483774903,0.00015063481329909189,8.960998938678101e-05
28,57,token_57,0.00024544030731846146,0.010128860408796427,0.0002737656639754868,0.0002677350782084608
28,58,token_58,2.2957532138092082e-05,0.009619056775976532,5.271243027790396e-05,2.16166054684681e-05
28,59,token_59,0.0003281669562085188,0.016692738255381145,0.00038144682301748367,0.00036486636395272325
28,60,token_60,0.00018090725784616866,0.006268260944737028,0.00017977647622245438,0.00017699098724470788
28,61,token_61,0.0002278264674911329,0.02041971611877664,0.0002727731385871499,0.00022454421098015029
28,62,token_62,9.544875178080507e-05,0.007900963038933343,0.00011300958666298893,9.536328115043713e-05
28,63,token_63,0.0006844462691715754,0.030128959432373245,0.0007471657160702949,0.000706017802951408
28,64,token_64,0.000227172468441466,0.004000194187754572,0.0002206267954736577,0.0002325375796482725
28,65,token_65,1.8806912519480655e-05,0.007213367802532227,4.073101612308846e-05,1.622679863003455e-05
28,66,token_66,7.824245174331974e-05,0.01455513719574213,0.0001219487509356755,7.10387014428159e-05
28,67,token_67,0.00014188434265161989,0.03097623763247657,0.00025196199501562755,0.00013425711460698966
28,68,token_68,0.00044218352047739753,0.02736730944243985,0.0004954429197479882,0.000422457327205523
28,69,token_69,6.032079927975149e-05,0.004044541226352143,7.56286733245178e-05,6.55844063781732e-05
28,70,token_70,0.0002576375013864719,0.005126815720439326,0.00022442884720929985,0.00022446708380205192
28,71,token_71,0.0010974067537612509,0.012913886052440947,0.0009197903585572625,0.0009662974077919695
28,72,token_72,3.592516093741493e-05,0.011917509673816702,0.00011358357864008601,3.7032518853794273e-05
28,73,token_73,0.00029643927995626895,0.004127721926181819,0.00026358020777413006,0.0002813903522526679
28,74,token_74,0.0036071593119459057,0.04334123984140674,0.00314306178091452,0.0032815752523862184
28,75,token_75,0.00373696037171404,0.04749888368770317,0.0033233371693414154,0.003567146439608648
28,76,token_76,0.00012830675720498357,0.0051112148156094005,0.00015561705003706513,0.00011075276618262812
28,77,token_77,0.0007160903484281185,0.02072231958899312,0.0008896956283575521,0.0007099169095483852
28,78,token_78,9.047348500092729e-05,0.001778990916004403,9.693198018795096e-05,8.774541222062238e-05
28,79,token_79,1.872752709736254e-05,0.0008039237801727738,4.79754258714928e-05,1.9316299272261052e-05
28,80,token_80,5.48428829429515e-05,0.000800232438381958,5.9970226588699264e-05,5.991500765487181e-05
28,81,token_81,0.00032313108549984564,0.0039300524403921636,0.0003208792637814852,0.00032468712354054297
28,82,token_82,0.00063531872675298,0.007079833170653455,0.0006352833693780653,0.0006291698313686229
28,83,token_83,5.571419288205888e-05,0.0005569347423352,5.4530838907519076e-05,5.689136184795773e-05
28,84,token_84,0.00010123048927925785,0.001111379360438732,0.00011986675141301495,0.0001255563903464083
28,85,token_85,0.0002476126048762951,0.0020518275084042774,0.0002564370414668313,0.0002564784385505347
28,86,token_86,9.659546769960897e-05,0.0007220750264821977,0.00010081113727398869,0.00010315357521174253
28,87,token_87,7.56897713032566e-05,0.00047369523541777777,7.829504975677157e-05,7.894920590296297e-05
28,88,token_88,0.00025978215047682416,0.0012632701773550993,0.00025632606757152685,0.00025265403547101984
28,89,token_89,0.0003041237447794545,0.001150142521299636,0.0002758920713796838,0.000287535630324909
28,90,token_90,1.966371386243387e-05,5.899874369822594e-05,2.134796188982641e-05,1.9666247899408647e-05
28,91,token_91,4.397665021981901e-05,8.783458435998256e-05,4.388167735609466e-05,4.391729217999128e-05
28,92,token_92,0.000159435728652637,0.000159435728652637,0.000159435728652637,0.000159435728652637
29,0,token_0,2.3917304126796617e-05,0.004090504816816689,3.3653910035022265e-05,2.354679568866202e-05
29,1,token_1,0.0002356577272035786,0.011795126442295835,0.0002265086233728401,0.00020777705001604531
29,2,token_2,0.00011570157182904663,0.003448302659567607,0.00010775125245875699,0.00010691148767855868
29,3,token_3,2.9593384683761082e-05,0.006783356515036994,4.513867329485119e-05,2.8431963656738302e-05
29,4,token_4,0.00015681435619467138,0.004986581606890916,0.0001342089846305704,0.00012784745008197402
29,5,token_5,0.00026320915940084174,15.304718368036548,0.04216567993964017,0.0002704544686477523
29,6,token_6,0.0004365168392422332,0.012555253949510146,0.0004108992491351499,0.00040166863502308256
29,7,token_7,0.0002208635795419093,0.006282124197181721,0.00019079887527947037,0.00018801693479242952
29,8,token_8,0.0010539497691800822,0.01692591510764695,0.0010070655053333079,0.001061375066384336
29,9,token_9,0.0002892675328959544,0.026631464336739057,0.0003665431202680133,0.0003159639198838359
29,10,token_10,0.0006847638055110702,0.011509227345564366,0.0006338588897243664,0.0006449148778009478
29,11,token_11,0.0005944228439911803,0.014116384475259444,0.0005637092633491401,0.0005753300472112233
29,12,token_12,0.00023068370247497687,0.016145849017006126,0.00025081117999625703,0.00022377287508676952
29,13,token_13,0.00012861598856707708,0.00320754531178461,0.00012554492575096233,0.00012796101257474819
29,14,token_14,0.00011170328811463425,0.013999388045876906,0.00014055093246090084,0.00011072819314328904
29,15,token_15,1.4248266511011654e-05,0.004293862724879114,2.3003077537996694e-05,1.2148794386870147e-05
29,16,token_16,2.016022011347011e-05,0.013897605552716958,5.5802723290726295e-05,1.841188316692958e-05
29,17,token_17,0.0001383370308867685,0.009845050730384098,0.00014409381078696608,0.00012718342393404017
29,18,token_18,2.5049608815182388e-05,0.003130855480360366,3.114067101616677e-05,2.4485216210742398e-05
29,19,token_19,7.4397294107616e-05,0.003704729049573965,7.09715012657725e-05,6.417740710739035e-05
29,20,token_20,0.00018853529739354987,0.0041447238126869615,0.00017370096750976582,0.0001759262252395512
29,21,token_21,4.4272430516113114e-05,0.0021689063748826514,4.636934525511599e-05,4.432664222393867e-05
29,22,token_22,8.523630229618554e-05,0.0020469163328611464,7.51593422129644e-05,7.267311549199956e-05
29,23,token_23,0.966430150150583,13.563221228919822,0.9253272297559391,0.9678867644296048
29,24,token_24,0.001214017508121981,0.02702410955309828,0.0011971856617353116,0.001227519078341017
29,25,token_25,0.00014592360388362725,0.02547314675230134,0.00020619908568861106,0.00014654291184958997
29,26,token_26,0.00014743376535070752,0.06547086188188708,0.00030704936130053614,0.000139267843790607
29,27,token_27,4.2170891870118825e-05,0.01747611214316682,7.865762008843437e-05,3.3281227100450955e-05
29,28,token_28,0.0032393993509831254,0.07376609668177422,0.002981278480467681,0.003041576535185856
29,29,token_29,1.1619287328342203e-05,0.012190099581319306,4.437444493732309e-05,1.0545560569893847e-05
29,30,token_30,0.00028348025318205227,0.01458420934718038,0.0002622851126603714,0.00023895122894774113
29,31,token_31,2.1241684662690754e-05,0.0032581501258287693,2.7154680418142166e-05,1.9518529872291326e-05
29,32,token_32,0.0005527290574139014,0.009026092261669859,0.0005350889725473472,0.0005569454600295972
29,33,token_33,3.6770525805123924e-05,0.0063036866311606795,4.9595368395956145e-05,3.396277450374768e-05
29,34,token_34,4.130466299380093e-05,0.010707573058522143,6.25192421249128e-05,3.5136019483796795e-05
29,35,token_35,0.0001554511197716974,0.011655035607288915,0.00015480036238594574,0.00012745605472314246
29,36,token_36,6.0233344312633435e-05,0.002204869044637705,5.348726407045871e-05,5.075922467737676e-05
29,37,token_37,0.00032782549802938364,0.004557655500862322,0.00027663497363674533,0.00028198739477792886
29,38,token_38,0.0010598598131311427,0.021718511598642225,0.0009574454579278787,0.000990546924830545
29,39,token_39,0.00020659807888264505,0.00790849803918234,0.00017134465921108918,0.00015695453390293096
29,40,token_40,0.0001962784028568474,0.005241617640125336,0.00019325298328406936,0.00019434031116246468
29,41,token_41,0.0006624658189673813,0.024373215380391684,0.0006811832948948416,0.0006631698261275416
29,42,token_42,0.0002651657378303843,0.010848594679061551,0.00027308635483394307,0.00026235362786226077
29,43,token_43,6.442753421925726e-05,0.010850361183406865,8.768552746540581e-05,6.229306488224466e-05
29,44,token_44,0.0001400336567163685,0.007522289397462171,0.00015854613699149705,0.00015138348692073515
29,45,token_45,0.0037350330994753217,0.05641985671242075,0.0031772877317454667,0.0033201010963015876
29,46,token_46,4.472405868129479e-05,0.010409062201047087,6.801717483742448e-05,4.175914606732647e-05
29,47,token_47,8.691340991032882e-05,0.0021489740997526693,7.256129636543537e-05,7.217195487914877e-05
29,48,token_48,2.9221926591107224e-05,0.0056045727760459345,3.848374506796459e-05,2.4851673360108798e-05
29,49,token_49,6.408577084851945e-05,0.010984298594158797,8.732853688342567e-05,5.995166535914305e-05
29,50,token_50,0.0001739536113187022,0.01930310629103917,0.00021424088271296114,0.0001793842772710728
29,51,token_51,0.0001235918430515356,0.0038967371879451438,0.0001046883954533214,0.00010133917637400461
29,52,token_52,0.00011761107339600563,0.006152462791001443,0.00010764369585524003,9.549563141782932e-05
29,53,token_53,0.0003838762692014327,0.00832628878490258,0.00037473794504373705,0.0003879147496492842
29,54,token_54,0.00026447734912958136,0.030882764477517043,0.0003354259862076601,0.0002747153471579406
29,55,token_55,6.758758355072631e-05,0.013565195572268356,9.15226836697251e-05,5.7660486793997744e-05
29,56,token_56,8.65759257777593e-05,0.020041212409552662,0.00013782303579482538,8.874232002163633e-05
29,57,token_57,0.00030439536268289663,0.010433255771479324,0.0002798916037169688,0.0002702082155719053
29,58,token_58,2.4563089537897945e-05,0.00964361986551443,4.708256212990276e-05,2.1801522906228964e-05
29,59,token_59,0.00044621702743488,0.017138955282816025,0.00039440086390096296,0.0003709617085350929
29,60,token_60,0.00017250788696774425,0.006440768831704772,0.00017832275837151236,0.00017528988759826062
29,61,token_61,0.0002647806936313332,0.02068449681240797,0.0002711746495959866,0.00023019160983197645
29,62,token_62,0.0001086883209197442,0.008009651359853088,0.00011214533351434,9.572467113859596e-05
29,63,token_63,0.0009392686013465966,0.031068228033719843,0.0007855862931255553,0.000720738160690562
29,64,token_64,0.0002616599228981096,0.004261854110652681,0.00022883342095854809,0.0002323747360445087
29,65,token_65,1.7880578495620546e-05,0.007231248381027848,3.616092859759488e-05,1.6091747901385058e-05
29,66,token_66,7.201493227649891e-05,0.01462715212801863,0.0001119619872038402,7.083360690311033e-05
29,67,token_67,0.00011889883656590785,0.03109513646904248,0.00022534936332568363,0.00013206367446797474
29,68,token_68,0.0005100907630157162,0.02787740020545557,0.0004983724884015338,0.0004257356486283919
29,69,token_69,6.821809492509905e-05,0.004112759321277242,7.414655764463406e-05,6.398490470532232e-05
29,70,token_70,0.0002655055555810416,0.005392321276020367,0.0002326441888836482,0.00022919048206420728
29,71,token_71,0.0008956140368673849,0.013809500089308332,0.0009149550942192871,0.0009737764204275805
29,72,token_72,3.694269065087868e-05,0.01195445236446758,9.825540104224455e-05,3.68902231667726e-05
29,73,token_73,0.00026481768560986894,0.004392539611791688,0.00026382770334127786,0.0002716969179904886
29,74,token_74,0.0032722055844561252,0.04661344542586286,0.0031688905416228414,0.003254087088184212
29,75,token_75,0.0026527520012665103,0.05015163568896968,0.003189220135726435,0.0034597593555160846
29,76,token_76,0.00011531802410366646,0.005226532839713067,0.00014755724485038542,0.00011008686272165363
29,77,token_77,0.0007631387617854221,0.021485458350778544,0.0008643842550431261,0.0006929824520080348
29,78,token_78,0.0001031550533661802,0.0018821459693705832,9.817659482359682e-05,8.935368878506301e-05
29,79,token_79,2.2497780793648284e-05,0.0008264215609664221,4.2879896855923905e-05,1.9378620400683697e-05
29,80,token_80,7.953914266789598e-05,0.000879771581049854,6.388400980453861e-05,6.0771115473466683e-05
29,81,token_81,0.0003382224161490008,0.004268274856541164,0.0003243478942549883,0.0003213618145817247
29,82,token_82,0.0006633003060514818,0.007743133476704937,0.0006408867567127487,0.0006230531347692636
29,83,token_83,5.219566107682974e-05,0.0006091304034120297,5.406380334138121e-05,5.542941092398739e-05
29,84,token_84,0.00012696305854747504,0.0012383424189862072,0.00012128601283990697,0.0001227655679832609
29,85,token_85,0.0002587335341995041,0.0023105610426037817,0.0002568963400133659,0.00025313748560247876
29,86,token_86,0.00012010719323156343,0.0008421822197137611,0.00010467034846550366,0.00010527277746422014
29,87,token_87,9.748994262548575e-05,0.0005711851780432635,8.213402833051442e-05,8.159788257760907e-05
29,88,token_88,0.0002866607299686009,0.0015499309073237003,0.0002623930000509417,0.0002583218178872834
29,89,token_89,0.000337407325730108,0.001487549847029744,0.00028819512224976867,0.0002975099694059488
29,90,token_90,2.032007586134306e-05,7.9318819559569e-05,2.1142384684129744e-05,1.982970488989225e-05
29,91,token_91,5.2344378325608775e-05,0.00014017896268559134,4.557421754999748e-05,4.672632089519711e-05
29,92,token_92,0.00011901741036968026,0.0002784531390223172,0.00015135206499604565,0.0001392265695111586
29,93,token_93,9.84185685904996e-05,9.84185685904996e-05,9.84185685904996e-05,9.84185685904996e-05
30,0,token_0,2.8930007633596465e-05,0.004119434824450286,3.2709129554737104e-05,2.438671442272651e-05
30,1,token_1,0.0002451836150175133,0.012040310057313349,0.00023024362170177476,0.00021555795091830412
30,2,token_2,0.00010452299462988591,0.003552825654197493,0.00010710560089298279,0.00010521378114203975
30,3,token_3,3.1282773464035824e-05,0.006814639288501029,4.236749332868812e-05,2.8914872404809033e-05
30,4,token_4,0.00012722135941717049,0.005113802966308087,0.00013281145958789044,0.00013032072137353487
30,5,token_5,0.00030252514652632644,15.305020893183075,0.0337930489810174,0.00027438356892793363
30,6,token_6,0.0004844059353665374,0.013039659884876684,0.0004256005863814274,0.0004113994955265392
30,7,token_7,0.00020353368208828236,0.006485657879270003,0.0001933458366412328,0.00018853894408788952
30,8,token_8,0.0011432856686309507,0.0180692007762779,0.0010343095379928364,0.0010585684917959598
30,9,token_9,0.0003923245764918254,0.027023788913230883,0.00037169941151277575,0.0003228889212076187
30,10,token_10,0.0006869623528548861,0.012196189698419253,0.0006444795823504704,0.0006462339259701219
30,11,token_11,0.0006348991775178354,0.014751283652777279,0.0005779472461828792,0.0005875517420038314
30,12,token_12,0.0002929358372421291,0.016438784854248253,0.0002592361114454315,0.00022743907357760174
30,13,token_13,0.00013821893863427286,0.003345764250418883,0.00012807972832762444,0.0001282047756550809
30,14,token_14,0.0001122570773447127,0.01411164512322162,0.00013489216143766321,0.00011190901509521538
30,15,token_15,1.4240910476090159e-05,0.004308103635355204,2.125064412561539e-05,1.2329061993043047e-05
30,16,token_16,2.179836666651013e-05,0.013919403919383467,4.900185196588307e-05,1.9024839099587074e-05
30,17,token_17,0.00013793110824046476,0.009982981838624562,0.00014286127027766582,0.00012856568924009425
30,18,token_18,3.0126174399716025e-05,0.0031609816547600823,3.093777169287662e-05,2.544235557131096e-05
30,19,token_19,7.751959600768707e-05,0.003782248645581652,7.228112021415541e-05,6.657082877117737e-05
30,20,token_20,0.00018954226010183954,0.004334266072788801,0.00017686922602818056,0.00017874345508480763
30,21,token_21,4.801236354867674e-05,0.0022169187384313283,4.6697948913828146e-05,4.3794003865350885e-05
30,22,token_22,9.617973758131622e-05,0.0021430960704424628,7.936342128663477e-05,7.481274982795092e-05
30,23,token_23,0.9632708231048124,14.526492052024635,0.9329159484257138,0.967372313125352
30,24,token_24,0.001519418074489548,0.028543527627587828,0.001261632144286159,0.001247874641830218
30,25,token_25,0.00018490264039054962,0.02565804939269189,0.0002019397966289988,0.0001493250184736853
30,26,token_26,0.00016439327468348357,0.06563525515657057,0.00027851814397712564,0.0001425458934346274
30,27,token_27,3.455856433801008e-05,0.01751067070750483,6.983780893834951e-05,3.358651629406847e-05
30,28,token_28,0.0032299798605268356,0.07699607654230106,0.0030310187564795118,0.0030820633773668924
30,29,token_29,1.2033920462792485e-05,0.012202133501782099,3.7906340042416966e-05,1.0690588471009773e-05
30,30,token_30,0.0002725562549690951,0.014856765602149475,0.00026433934112211617,0.00024253388457685417
30,31,token_31,2.2791851675026143e-05,0.0032809419775037952,2.6282114669518964e-05,1.980241805538324e-05
30,32,token_32,0.0006356937082059204,0.00966178596987578,0.0005552099196790618,0.0005530903912554966
30,33,token_33,4.2558286990166733e-05,0.006346244918150846,4.818795211479827e-05,3.5084365640764104e-05
30,34,token_34,4.103804121181706e-05,0.01074861109973396,5.822300194229366e-05,3.609776222878797e-05
30,35,token_35,0.00017802612931184912,0.011833061736600764,0.0001594455157711264,0.0001348444175610688
30,36,token_36,5.547338346633183e-05,0.002260342428104037,5.3884487949633337e-05,5.213140329941256e-05
30,37,token_37,0.0003600383700639425,0.004917693870926264,0.0002933156529221848,0.0002911691088734775
30,38,token_38,0.0008669781620361334,0.022585489760678357,0.0009393519987495296,0.0009621867715734636
30,39,token_39,0.00017178766049002434,0.008080285699672365,0.0001714332594668762,0.0001592817677976907
30,40,token_40,0.00024477040152448337,0.005486388041649819,0.00020355646693215215,0.00020181502107507877
30,41,token_41,0.0006668187889080928,0.025040034169299775,0.0006783103936974919,0.0006685325439140843
30,42,token_42,0.00026581898887259337,0.011114413667934146,0.00027163288164167314,0.00026404315868357235
30,43,token_43,6.39392800646242e-05,0.01091430046347149,8.293627798524949e-05,6.320834482754438e-05
30,44,token_44,0.0001705247046467676,0.007692814102108939,0.00016094185052255118,0.00015192514100066754
30,45,token_45,0.003959578436667329,0.060379435149088084,0.0033337458727298397,0.00335754695236174
30,46,token_46,4.7773207192642944e-05,0.01045683540823973,6.396838130846818e-05,4.249255264754295e-05
30,47,token_47,7.651207759460488e-05,0.002225486177347274,7.335145261126927e-05,7.350475278416311e-05
30,48,token_48,2.7987770239410106e-05,0.005632560546285344,3.6384550102253696e-05,2.5054921434060808e-05
30,49,token_49,7.209666853270898e-05,0.011056395262691506,8.428216321328233e-05,6.172588378865588e-05
30,50,token_50,0.00019717188077288326,0.019500278171812054,0.00021082708232494557,0.000178550339645941
30,51,token_51,0.00011063996558111506,0.004007377153526259,0.00010587870947888014,0.00010194587746119055
30,52,token_52,0.0001116781848077834,0.0062641409758092265,0.00010845059364574871,9.935783584169333e-05
30,53,token_53,0.00039920136129794833,0.008725490146200528,0.00037963062829457934,0.00039054087588355653
30,54,token_54,0.00033385688232104787,0.03121662135983809,0.00033511216543033765,0.0002808597558228647
30,55,token_55,7.652259287599234e-05,0.013641718165144348,8.852266551097855e-05,6.0233087373818e-05
30,56,token_56,0.00010368395107769067,0.02014489636063035,0.00013099521885139844,9.164619022095187e-05
30,57,token_57,0.00027527842527019005,0.010708534196749515,0.0002789689680276131,0.0002772427942846367
30,58,token_58,2.9577767587452196e-05,0.009673197633101883,4.3581603221412655e-05,2.2642875910123e-05
30,59,token_59,0.0004077238369900649,0.01754667911980609,0.0003970654585187834,0.00038070535467040796
30,60,token_60,0.00018789956594517413,0.006628668397649947,0.00018023811988624472,0.00017337029749490529
30,61,token_61,0.00024488499071839806,0.020929381803126368,0.0002659167178204689,0.00023383874223407693
30,62,token_62,0.000104663118025061,0.00811431447787815,0.0001106488904164842,9.706178237158448e-05
30,63,token_63,0.0008589370121349584,0.0319271650458548,0.0008002564369274359,0.000755795196946017
30,64,token_64,0.00028574524638141176,0.004547599357034093,0.00024021578604312081,0.00023671732629366394
30,65,token_65,1.759215542587563e-05,0.007248840536453724,3.2447173963251034e-05,1.6315805680685378e-05
30,66,token_66,7.424111809493486e-05,0.014701393246113564,0.00010441781338205912,7.058787130015858e-05
30,67,token_67,0.00013539351821582839,0.03123052998725831,0.0002073581943037126,0.00013277287656177677
30,68,token_68,0.0004349770526993142,0.028312377258154883,0.00048569340126108993,0.000431128601231679
30,69,token_69,8.469466079674961e-05,0.004197453982073992,7.625617827505717e-05,6.527489733248466e-05
30,70,token_70,0.0002561720783476078,0.005648493354367975,0.00023734976677644012,0.00023166938135868258
30,71,token_71,0.0008697897144819899,0.014679289803790322,0.0009059220182718277,0.000960878178812741
30,72,token_72,4.299807448921563e-05,0.011997450438956796,8.720393573163876e-05,3.6905220558634765e-05
30,73,token_73,0.00031777378138965413,0.0047103133931813415,0.00027461691895095314,0.00026940957353431864
30,74,token_74,0.0038591291172615197,0.050472574543124385,0.003306938256750577,0.0033031970561455824
30,75,token_75,0.003989168988375478,0.05414080467734516,0.003349209906256244,0.0034806584522736146
30,76,token_76,0.00010581540472151458,0.005332348244434582,0.00013920887682461125,0.0001111852732564994
30,77,token_77,0.0007266254512619993,0.022212083802040542,0.0008368324942869007,0.0006984431145964203
30,78,token_78,9.314846722656347e-05,0.0019752944365971467,9.717096930419016e-05,8.960353656830406e-05
30,79,token_79,2.0622602997548903e-05,0.000847044163963971,3.84284380842489e-05,1.9462444435376462e-05
30,80,token_80,8.221535192983163e-05,0.0009619869329796855,6.755027822959723e-05,6.402999073790925e-05
30,81,token_81,0.0004366104559564361,0.0047048853124976005,0.0003468004065952779,0.00033640313243066386
30,82,token_82,0.0007012744977100397,0.008444407974414977,0.0006529643049122069,0.0006343579655220586
30,83,token_83,6.460003228681097e-05,0.0006737304356988407,5.6171049130467166e-05,5.6164341483207616e-05
30,84,token_84,0.00011846619486593547,0.0013568086138521427,0.00012072204924511268,0.00012275292207616846
30,85,token_85,0.0002938480980926563,0.002604409140696438,0.00026428669162922397,0.0002564493576853322
30,86,token_86,0.00010353464122506442,0.0009457168609388255,0.00010444320701741581,0.00010580498300187594
30,87,token_87,8.99910288795375e-05,0.000661176206922801,8.370542844031904e-05,8.264702586535013e-05
30,88,token_88,0.00031834216652723725,0.0018682730738509375,0.0002735828333462008,0.00026689615340727676
30,89,token_89,0.00031142824498715593,0.0017989780920168999,0.0002928417467972461,0.0002998296820028166
30,90,token_90,2.309111698462405e-05,0.00010240993654419306,2.1532131144228608e-05,2.048198730883861e-05
30,91,token_91,4.486063409014628e-05,0.00018503959677573762,4.5431500858027245e-05,4.6259899193934405e-05
30,92,token_92,0.00018276255246856663,0.0004612156914908838,0.00015763416249054985,0.0001537385638302946
30,93,token_93,0.00011151901246848526,0.00020993758105898486,0.00010103865736609674,0.00010496879052949243
30,94,token_94,0.00015913773170515456,0.00015913773170515456,0.00015913773170515456,0.00015913773170515456
31,0,token_0,2.4979115907929097e-05,0.0041444139403582145,3.1163126825375505e-05,2.4927165576226812e-05
31,1,token_1,0.00021082127701849867,0.012251131334331847,0.00022635915276511954,0.00021565332157648728
31,2,token_2,0.00010218181170566516,0.003655007465903158,0.00010612084305551927,0.00010477546590306638
31,3,token_3,2.499100642646021e-05,0.00683963029492749,3.889219594824254e-05,2.8391022293040914e-05
31,4,token_4,0.0001320004836487048,0.005245803449956792,0.00013264926440005332,0.00012970760749375068
31,5,token_5,0.00029635344938733823,15.305317246632463,0.02709370987469139,0.0002759071632404601
31,6,token_6,0.0004085692253482288,0.013448229110224913,0.0004221943141747877,0.0004138714503603742
31,7,token_7,0.00018917312857075143,0.006674831007840754,0.00019251129502713654,0.00019013100886729027
31,8,token_8,0.0009633791391807779,0.01903257991545868,0.0010201234582304247,0.0010484572434053675
31,9,token_9,0.00028302203345849803,0.02730681094668938,0.00035396393590192025,0.00032054244686490385
31,10,token_10,0.0006123007509047627,0.012808490449324016,0.0006380438160613289,0.0006479686188176427
31,11,token_11,0.0005830094794585944,0.015334293132235874,0.0005789596928380223,0.0005800210407045364
31,12,token_12,0.00021519380599681847,0.01665397866024507,0.0002504276503557089,0.00023094898251843664
31,13,token_13,0.0001227394139401448,0.003468503664359028,0.00012701166545012852,0.00012770091804170503
31,14,token_14,0.00010324565443743425,0.014214890777659054,0.00012856286003761744,0.00011008676714421927
31,15,token_15,1.0738409867063765e-05,0.004318842045222268,1.9148197273905067e-05,1.2111133405879976e-05
31,16,token_16,1.889867437652707e-05,0.013938302593759994,4.298121644801187e-05,1.9237645819012298e-05
31,17,token_17,0.00011531627731943553,0.010098298115943998,0.00013735227168601977,0.00012672555113798356
31,18,token_18,2.1772083873521495e-05,0.003182753738633604,2.9104634129005597e-05,2.53218324702579e-05
31,19,token_19,6.0968623029875964e-05,0.0038432172686115283,7.001862077729953e-05,6.619568613659879e-05
31,20,token_20,0.00017302158186687763,0.004507287654655678,0.00017609969719591998,0.00018024959033680375
31,21,token_21,4.020977793540385e-05,0.002257128516366732,4.540031471814329e-05,4.38756628945634e-05
31,22,token_22,7.643046431843437e-05,0.0022195265347608973,7.87768298929947e-05,7.659061948943827e-05
31,23,token_23,0.9684912706889562,15.49498332271359,0.9400310128783623,0.967506124239703
31,24,token_24,0.0011684115949168337,0.02971193922250466,0.0012429880344122938,0.0012500477590284558
31,25,token_25,0.00014614038319248619,0.02580418977588438,0.00019077991394169627,0.00015266793962495978
31,26,token_26,0.00014459373249150394,0.06577984888906208,0.0002517332616800013,0.00014337918905616608
31,27,token_27,3.8640174462402616e-05,0.017549310881967234,6.359828204316013e-05,3.4978777306695175e-05
31,28,token_28,0.0026707832277120297,0.07966685977001309,0.0029589716507260155,0.003004676664886672
31,29,token_29,1.1474753834313134e-05,0.012213608255616413,3.26200228007962e-05,1.0688627587600613e-05
31,30,token_30,0.000258611620652025,0.0151153772228015,0.0002631937970280979,0.0002463539693193553
31,31,token_31,2.0149269342005882e-05,0.003301091246845801,2.505554560401635e-05,1.9941700639262514e-05
31,32,token_32,0.0004538564160513593,0.010115642385927139,0.0005349392189535213,0.0005551172996514409
31,33,token_33,3.842191504396717e-05,0.006384666833194813,4.623474470063205e-05,3.534544329347978e-05
31,34,token_34,3.720630101088282e-05,0.010785817400744843,5.401966175601149e-05,3.618694344098237e-05
31,35,token_35,0.00014220177000784357,0.011975263506608607,0.00015599676661846987,0.00013745873180306628
31,36,token_36,4.855758783185969e-05,0.0023089000159358967,5.281910792607861e-05,5.046665345931772e-05
31,37,token_37,0.00025311803462231916,0.005170811905548583,0.00028527612926221166,0.0002937265086661055
31,38,token_38,0.0010109306002310328,0.02359642036090939,0.0009536677190458303,0.0009568323578688229
31,39,token_39,0.00014505285301898664,0.008225338552691351,0.0001661571781772983,0.0001615773168871765
31,40,token_40,0.00016443651302513508,0.005650824554674954,0.00019573247615074877,0.0001979359064531763
31,41,token_41,0.0005830506226470949,0.02562308479194687,0.0006592584394874125,0.0006517693330856376
31,42,token_42,0.00030471989859075216,0.011419133566524898,0.000278250285031489,0.000268209544290785
31,43,token_43,5.74391680038277e-05,0.010971739631475318,7.783685598896514e-05,6.227889551141992e-05
31,44,token_44,0.0001433311696276933,0.007836145271736632,0.0001574197143435796,0.00014891135103012364
31,45,token_45,0.003637206059335171,0.06401664120842325,0.0033944379100509063,0.0033630932355701
31,46,token_46,3.6416737662372454e-05,0.010493252145902103,5.8458052579249035e-05,4.1829158440351356e-05
31,47,token_47,6.481470169492374e-05,0.002290300879042198,7.164410242800017e-05,7.180359419667079e-05
31,48,token_48,2.2913257336019697e-05,0.005655473803621364,3.36902915490069e-05,2.569987427617374e-05
31,49,token_49,6.053296289727371e-05,0.01111692822558878,7.953232315008061e-05,6.014127528179725e-05
31,50,token_50,0.00016234972530384376,0.019662627897115897,0.0002011316109207252,0.00017779711750348236
31,51,token_51,0.00010451495956183122,0.00411189211308809,0.00010560595949547036,0.00010157201803494617
31,52,token_52,8.71473712111668e-05,0.006351288347020393,0.00010418994915883233,9.924919275906594e-05
31,53,token_53,0.00037711908169590387,0.009102609227896432,0.00037912831897484427,0.00037674470871088976
31,54,token_54,0.00026929343878881674,0.031485914798626904,0.00032194842010203347,0.00027069314470462384
31,55,token_55,5.4320555396994876e-05,0.013696038720541343,8.168224348818181e-05,5.906278719068813e-05
31,56,token_56,7.97631345981022e-05,0.020224659495228454,0.00012074880200073919,8.873411915114287e-05
31,57,token_57,0.00026847868725781316,0.010977012884007329,0.0002768709118736531,0.00027445547831560116
31,58,token_58,2.24585727950822e-05,0.009695656205896965,3.935699713614656e-05,2.2490503426771376e-05
31,59,token_59,0.00035518647464937933,0.01790186559445547,0.0003886896617449026,0.0003832888735577838
31,60,token_60,0.0001778048217638966,0.006806473219413843,0.0001797514602617751,0.00017457012012064675
31,61,token_61,0.00023492026729504418,0.02116430207042141,0.00025971742771538396,0.0002319418634465493
31,62,token_62,9.605816249515119e-05,0.0082103726403733,0.0001077307448322176,9.772110141888515e-05
31,63,token_63,0.0006270486430998812,0.032554213688954683,0.000765614878161925,0.0007512502489528858
31,64,token_64,0.00020584749291737068,0.004753446849951463,0.0002333421274179708,0.00023787865750729477
31,65,token_65,1.4782545899256324e-05,0.00726362308235298,2.8914248350452092e-05,1.6296757454238144e-05
31,66,token_66,7.368772788621795e-05,0.014775080973999781,9.82717962828909e-05,7.126107912988475e-05
31,67,token_67,0.00013455307953581005,0.03136508306679412,0.0001927971713501321,0.0001302096534151022
31,68,token_68,0.00039541048618970797,0.02870778774434459,0.0004676368182468136,0.0004316585914008103
31,69,token_69,5.690858471143068e-05,0.004254362566785423,7.238665956233188e-05,6.34612439708266e-05
31,70,token_70,0.00018591162064134694,0.005834404975009322,0.0002270621375494215,0.00022480059327608618
31,71,token_71,0.0009392274410746988,0.01561851724486502,0.000912583102832402,0.0009745597024631424
31,72,token_72,3.626528813773151e-05,0.012033715727094527,7.70162062128573e-05,3.6939170447451346e-05
31,73,token_73,0.0002517572446256863,0.0049620706378070275,0.0002700449840858998,0.00026865869658002
31,74,token_74,0.0030218886776810254,0.05349446322080541,0.003249928340936667,0.0033001857235817854
31,75,token_75,0.0030112253587101243,0.05715203003605528,0.00328161299674702,0.003308667783656234
31,76,token_76,0.00012416450741278476,0.005456512751847367,0.00013620000294224595,0.0001126936983731603
31,77,token_77,0.0006877956365089083,0.02289987943854945,0.0008070251227313024,0.0007122312144315543
31,78,token_78,9.924366771785728e-05,0.002074538104315004,9.758550898692358e-05,8.984894209585063e-05
31,79,token_79,1.9311511310015173e-05,0.0008663556752739862,3.460505272940216e-05,1.934547182092854e-05
31,80,token_80,5.765432454965188e-05,0.0010196412575293374,6.557108749360816e-05,6.452729400858668e-05
31,81,token_81,0.0003316397502797025,0.005036525062777303,0.0003437682753321629,0.0003374938241167498
31,82,token_82,0.0006958630159743123,0.009140270990389289,0.000661544047124628,0.0006369701397099935
31,83,token_83,5.429924488514641e-05,0.0007280296805839871,5.5796688281403015e-05,5.5571370149322875e-05
31,84,token_84,0.00011626457579919844,0.0014730731896513412,0.00011983055455592983,0.00012115380521682219
31,85,token_85,0.00024513606217194844,0.0028495452028683864,0.00026045656573776886,0.0002554141786751626
31,86,token_86,0.00010591314528546932,0.001051630006224295,0.00010473719467102652,0.00010363880553984243
31,87,token_87,7.702182899587026e-05,0.0007381980359186713,8.236870855142929e-05,8.242742752169253e-05
31,88,token_88,0.00025280469428079846,0.002121077768131736,0.00026942720553312034,0.000265134721016467
31,89,token_89,0.0003250564282678692,0.002124034520284769,0.0002992846830913707,0.00030343350289782417
31,90,token_90,1.7985762081804195e-05,0.00012039569862599725,2.0822857331743726e-05,2.006594977099954e-05
31,91,token_91,4.510008797210831e-05,0.00023013968474784594,4.536521828084346e-05,4.6027936949569184e-05
31,92,token_92,0.00013351167936893316,0.000594727370859817,0.00015280966586622653,0.00014868184271495425
31,93,token_93,9.062899903119734e-05,0.0003005665800901822,9.895672569911687e-05,0.00010018886003006074
31,94,token_94,0.00012754857855220013,0.0002866863102573547,0.00015281990107456368,0.00014334315512867736
31,95,token_95,0.0002055293734544935,0.0002055293734544935,0.0002055293734544935,0.0002055293734544935
32,0,token_0,0.0003463470103206012,0.004490760950678816,9.419990352442064e-05,6.566529088680472e-05
32,1,token_1,0.00046155107399479004,0.012712682408326638,0.00027339753701105367,0.0002452299255050063
32,2,token_2,0.0003286562403633294,0.003983663706266487,0.0001506279225170813,0.00013342094000201482
32,3,token_3,0.0017258757208208292,0.00856550601574832,0.0003762889009227599,0.00024035145919599078
32,4,token_4,0.00019979103691822032,0.005445594486875012,0.00014607761890368673,0.00013951058338189937
32,5,token_5,5.1663147499167424e-05,15.305368909779961,0.021685300529252945,0.000251601512031758
32,6,token_6,7.385651554887965e-05,0.013522085625773794,0.0003525267544496062,0.000370762740565382
32,7,token_7,0.0007860773525420831,0.007460908360382837,0.0003112245065301259,0.00026103419213981783
32,8,token_8,0.0004084284566507908,0.01944100837210947,0.000897784457914498,0.0009701753695765607
32,9,token_9,0.000367345867242304,0.027674156813931684,0.00035664032216999703,0.0003305804756993005
32,10,token_10,0.0005923645874256136,0.013400855036749629,0.0006289079703341859,0.0006497583779742169
32,11,token_11,0.0006957332195946849,0.01603002635183056,0.0006023143981893548,0.0005815672165621202
32,12,token_12,4.4508232638706145e-05,0.016698486892883776,0.00020924376681230835,0.00020654683003327673
32,13,token_13,0.0004736188204512136,0.003942122484810242,0.00019633309645034557,0.00017117301860813445
32,14,token_14,0.0002642309328464728,0.014479121710505527,0.00015569647459938852,0.00012894528212759076
32,15,token_15,0.0022746519671473977,0.006593494012369665,0.00047024895124860364,0.0002948394309314384
32,16,token_16,0.00017561925774847205,0.014113921851508466,6.95088247081039e-05,3.902321245306489e-05
32,17,token_17,0.0004996386969221576,0.010597936812866155,0.00020980955673324738,0.0001736071639097993
32,18,token_18,3.3591811941401954e-05,0.003216345550575006,3.0002069691484868e-05,2.6320049754585297e-05
32,19,token_19,9.483793640491281e-06,0.0038527010622520196,5.791165534993788e-05,5.9438422405662574e-05
32,20,token_20,0.0014280480625273031,0.005935335717182981,0.0004264893702621966,0.0003347670427325723
32,21,token_21,0.00010959578254407824,0.0023667242989108103,5.823940828333028e-05,5.1469306689898634e-05
32,22,token_22,0.0002797056862871707,0.002499232221048068,0.00011896260117182992,0.0001026590781760811
32,23,token_23,0.00014871040911498508,15.495132033122706,0.7520545523845129,0.8466356373428575
32,24,token_24,0.0001814187964686818,0.029893358018973342,0.0010306741868235715,0.001119557294211669
32,25,token_25,0.00011925399727659231,0.02592344377316097,0.0001764747306086755,0.00014697499938361467
32,26,token_26,9.487240967366281e-05,0.06587472129873574,0.00022036109127873362,0.00013681948704856112
32,27,token_27,0.00011783300416783061,0.017667143886135064,7.444522646809423e-05,4.536390636520759e-05
32,28,token_28,0.0005576197509836917,0.08022447952099677,0.002478701270777551,0.0026403465781621818
32,29,token_29,1.9976971773389415e-05,0.012233585227389801,3.0091412595314848e-05,1.1981774533385076e-05
32,30,token_30,0.00021621386704948707,0.015331591089850988,0.00025379781103237575,0.0002452690376578822
32,31,token_31,0.00016961881690748983,0.003470710063753291,5.3968199864711053e-05,3.879244235767725e-05
32,32,token_32,1.770222975559036e-05,0.01013334461568273,0.00043149182111393514,0.00048213714375797286
32,33,token_33,0.0003617663972316321,0.006746433230426446,0.00010934107520683206,7.581019224344532e-05
32,34,token_34,0.0009211044152080525,0.011706921815952896,0.0002274366124464197,0.00014705010167812935
32,35,token_35,0.00033893684130861725,0.012314200347917225,0.00019258478155649935,0.0001628215488228748
32,36,token_36,0.0063138522183304084,0.008622752234266305,0.0013050257300069447,0.0008333422736622341
32,37,token_37,0.0006576369870170809,0.005828448892565664,0.0003597483008131855,0.00033866707768485195
32,38,token_38,0.0005267206312561067,0.024123140992165497,0.0008682783014878857,0.0008819476246375168
32,39,token_39,0.00022829514592687355,0.008453633698618224,0.00017858477172721335,0.00016899675132371988
32,40,token_40,5.5480014905251435e-05,0.005706304569580206,0.00016768198390164932,0.00017820820754044494
32,41,token_41,0.002549555218174229,0.028172640010121097,0.0010373177952247758,0.0008873929718650185
32,42,token_42,3.870365790783464e-05,0.011457837224432733,0.00023034095960675812,0.00024246026957766274
32,43,token_43,0.00029140487504877014,0.011263144506524088,0.00012055045980092615,9.054638531884483e-05
32,44,token_44,5.1471584983739166e-05,0.007887616856720372,0.0001362300884716115,0.00013679652344920546
32,45,token_45,0.00014074935129200023,0.06415739055971525,0.0027437001982991253,0.0028868744268760525
32,46,token_46,0.000885547421612987,0.011378799567515089,0.00022387592638599665,0.00014763396985551576
32,47,token_47,0.9353186967816303,0.9376089976606725,0.18712105463826845,0.11697689958190818
32,48,token_48,6.531532622702428e-05,0.0057207891298483885,4.0015298484610376e-05,3.0051187005995874e-05
32,49,token_49,5.850036709516195e-05,0.011175428592683941,7.532593193909689e-05,6.124517127360982e-05
32,50,token_50,0.00013826160911521748,0.019800889506231115,0.00018855761055962367,0.0001692431103192147
32,51,token_51,0.000776756916501033,0.004888649029589123,0.0002398361508965829,0.00018511932118263875
32,52,token_52,7.249387753454674e-05,0.00642378222455494,9.785073483397522e-05,9.449816682588712e-05
32,53,token_53,0.008503624672231537,0.01760623390012797,0.0020040275896261828,0.0013935024410308384
32,54,token_54,0.0003710137909631022,0.03185692858959001,0.0003317614942742472,0.0002815991312077018
32,55,token_55,0.0005514941102913799,0.014247532830832722,0.00017564461684882145,0.00012132278044076246
32,56,token_56,0.001089244579977893,0.021313904075206346,0.00031444795759617,0.00021465075711691223
32,57,token_57,0.0011866870258037563,0.012163699909811084,0.0004588341346596738,0.00038801073292542407
32,58,token_58,7.515334018449585e-05,0.009770809546081461,4.6516265745816425e-05,2.915569656648936e-05
32,59,token_59,0.0003966395021359284,0.018298505096591398,0.0003902796298231078,0.0003742014409995171
32,60,token_60,4.336992553905757e-05,0.006849843144952901,0.0001524751533172316,0.00015730791239186578
32,61,token_61,0.0001156967227069182,0.021279998793128328,0.0002309132867136908,0.0002177583675191761
32,62,token_62,0.0005655891368261809,0.00877596177719948,0.0001993024232310103,0.00015556939177860998
32,63,token_63,0.0013647633586278526,0.03391897704758254,0.0008854445742551105,0.0008398590743069214
32,64,token_64,4.0026138365995994e-05,0.004793472988317459,0.00019467892960757586,0.00021327228100447696
32,65,token_65,0.0002713213458848018,0.007534944428237781,7.739566785732204e-05,4.814735786604916e-05
32,66,token_66,5.984492465321909e-05,0.014834925898653,9.058642195695653e-05,7.058938121018665e-05
32,67,token_67,6.948547856725732e-05,0.03143456854536138,0.00016813483279355716,0.0001226477081547148
32,68,token_68,0.0003838721854969803,0.02909165992984157,0.00045088389169684696,0.00042687601028342377
32,69,token_69,7.021433171884276e-05,0.004324576898504265,7.195219399363406e-05,6.446924552706155e-05
32,70,token_70,0.0013307073021440522,0.007165112277153374,0.00044779117046834767,0.0003651502671260599
32,71,token_71,4.326937958334989e-05,0.015661786624448372,0.0007387203581825917,0.000848822512510605
32,72,token_72,0.00025625092470631713,0.012289966651800845,0.00011286314991154929,6.429765355422384e-05
32,73,token_73,0.0011203611091150682,0.0060824317469220955,0.0004401082090917335,0.00037421712128878797
32,74,token_74,5.7145214459852244e-05,0.05355160843526526,0.0026113717156413044,0.00293502161005286
32,75,token_75,0.0019583558459249258,0.05911038588198021,0.0030169615665826014,0.0031612450285514846
32,76,token_76,1.0875153115250635e-05,0.005467387904962618,0.00011113503297684689,9.956847231535084e-05
32,77,token_77,4.033411155338982e-05,0.022940213550102843,0.0006536869204957199,0.0006307950165921549
32,78,token_78,0.0004116506023695729,0.002486188706684577,0.00016039852766345345,0.00012836370038615694
32,79,token_79,0.00026381234554799835,0.0011301680208219845,8.04465112931214e-05,4.9786417560111224e-05
32,80,token_80,9.634651009068859e-05,0.001115987767620026,7.172617201302425e-05,6.944786017037353e-05
32,81,token_81,3.832181797434996e-05,0.005074846880751653,0.00028267898386060027,0.0003002505904347816
32,82,token_82,5.5984507653120114e-05,0.009196255498042408,0.0005404321392303265,0.0005617777743046387
32,83,token_83,6.33308525839906e-05,0.0007913605331679777,5.7303521141920535e-05,5.5817479348721324e-05
32,84,token_84,0.007309804247582602,0.008782877437233943,0.0015578252931612645,0.0010188996746705165
32,85,token_85,0.00029697371405191923,0.0031465189169203054,0.0002677599954005989,0.0002605472185206857
32,86,token_86,0.0002305815519333256,0.0012822115581576205,0.00012990606612348635,0.00011957973831170686
32,87,token_87,0.004426657155342152,0.0051648551912608235,0.0009512263979095739,0.0006251363706857778
32,88,token_88,9.046796626419818e-05,0.0022115457343959343,0.0002336353576793359,0.00024315955614818532
32,89,token_89,0.001872078884976971,0.00399611340526174,0.0006138435234684908,0.0004995141756577175
32,90,token_90,1.1285470187109278e-05,0.00013168116881310653,1.8915379902816837e-05,1.8811595544729505e-05
32,91,token_91,0.0014205192158383301,0.001650658900586176,0.00032039601779234076,0.0002751098167643627
32,92,token_92,1.634945906248292e-05,0.0006110768299222999,0.00012551762450547783,0.00012221536598445998
32,93,token_93,1.3915598805684033e-05,0.00031448217889586626,8.19485003204303e-05,7.862054472396657e-05
32,94,token_94,7.24069325219259e-05,0.0003590932427792806,0.00013673730736403613,0.00011969774759309354
32,95,token_95,0.0002555933114989406,0.0004611226849534341,0.00021554216106338292,0.00023056134247671705
32,96,token_96,1.3727080042846553e-05,1.3727080042846553e-05,1.3727080042846553e-05,1.3727080042846553e-05
33,0,token_0,0.00032343533833012266,0.004814196289008939,0.00014004699048556104,0.00010348690727337795
33,1,token_1,0.00043070490284329157,0.01314338731116993,0.0003048590101775013,0.00027537089515450926
33,2,token_2,0.000377054164983254,0.004360717871249741,0.00019591317101031586,0.00016639239826600805
33,3,token_3,0.0021519796739006085,0.010717485689648929,0.0007314270555183297,0.0005060640190277309
33,4,token_4,0.00016289314158829418,0.005608487628463306,0.00014944072344060823,0.00014414018584264413
33,5,token_5,5.905692752747222e-05,15.305427966707489,0.017360051808907852,0.00022942600168718402
33,6,token_6,7.784052768743562e-05,0.01359992615346123,0.00029758950909717204,0.00033421609330468773
33,7,token_7,0.0007621969864572144,0.008223105346840051,0.00040141900251554363,0.000337603715960647
33,8,token_8,0.00047969803393415076,0.019920706406043622,0.0008141671731184286,0.0008833006577838083
33,9,token_9,0.00039427837419567257,0.028068435188127357,0.0003641679325751322,0.00034087430537455574
33,10,token_10,0.0006200795180924353,0.014020934554842065,0.0006271422798858359,0.0006508309298278781
33,11,token_11,0.0007814293624980895,0.01681145571432865,0.0006381373910511018,0.0006118994963876786
33,12,token_12,4.708160048320012e-05,0.016745568493366975,0.0001768113335464867,0.00018977126711601682
33,13,token_13,0.00044098572680524237,0.004383108211615484,0.000245263622521325,0.00021192352750620648
33,14,token_14,0.00026311914609720755,0.014742240856602735,0.00017718100889895232,0.00014714281335448262
33,15,token_15,0.0020735029594155883,0.008666996971785253,0.0007908997528820005,0.000552721212993278
33,16,token_16,0.00017081510594057567,0.014284736957449041,8.977008095459827e-05,5.8098278143781185e-05
33,17,token_17,0.0003662982163489697,0.010964235029215124,0.00024110728865639187,0.0002039385865789708
33,18,token_18,3.194970473385341e-05,0.0032482952553088596,3.0391596699958576e-05,2.7624258902367524e-05
33,19,token_19,9.730741630427463e-06,0.003862431803882447,4.82754726060358e-05,5.318002440680828e-05
33,20,token_20,0.001404170941078728,0.007339506658261709,0.0006220256844255029,0.00048821543722539083
33,21,token_21,0.00011655397494459766,0.002483278273855408,6.990232161558377e-05,6.190237093632806e-05
33,22,token_22,0.0002345816931151073,0.002733813914163175,0.0001420864195604854,0.00012560992552736874
33,23,token_23,0.00015796886672636708,15.495290001989433,0.6016752356809556,0.7253677040641455
33,24,token_24,0.00017865018777674064,0.030072008206750083,0.0008602693870142054,0.0009879782337456715
33,25,token_25,0.00012426404595186952,0.02604770781911284,0.0001660325936773143,0.00014587732904385175
33,26,token_26,9.837285242622794e-05,0.06597309415116197,0.0001959634435082325,0.0001306522345121201
33,27,token_27,0.00013004568046156556,0.01779718956659663,8.556531726678851e-05,5.818923108108265e-05
33,28,token_28,0.0005663826240956833,0.08079086214509246,0.0020962375414411774,0.0023682686666951004
33,29,token_29,2.039373593563789e-05,0.012253978963325439,2.8151877263379455e-05,1.341601600491793e-05
33,30,token_30,0.00023372355136954092,0.015565314641220528,0.0002497829590998088,0.0002458855062309659
33,31,token_31,0.00018250729059530782,0.003653217354348599,7.967601801083042e-05,5.9366852194995385e-05
33,32,token_32,1.4829598396788814e-05,0.010148174214079519,0.00034815937657050586,0.00043184454338791563
33,33,token_33,0.00041508674389931623,0.007161519974325762,0.0001704902089453289,0.00012375637856974325
33,34,token_34,0.0009745953658004838,0.01268151718175338,0.00037686836311723256,0.00026442918990261354
33,35,token_35,0.00039656075501873233,0.012710761102935958,0.00023337997624894597,0.00019792191859999142
33,36,token_36,0.007549905143661934,0.016172657377928237,0.0025540016127379426,0.0017711921825238524
33,37,token_37,0.0005723791691863646,0.006400828061752028,0.00040227447448782137,0.0003793539526497959
33,38,token_38,0.0006738723942277628,0.02479701338639326,0.0008293971200358611,0.0008576499221797816
33,39,token_39,0.00019011517088560176,0.008643748869503826,0.00018089085155889104,0.000177608686361012
33,40,token_40,4.3230120370517344e-05,0.005749534689950723,0.00014279161119542294,0.0001628556419256451
33,41,token_41,0.0025912647067484816,0.03076390471686958,0.001348107177529517,0.001144286995330135
33,42,token_42,4.745216136613001e-05,0.011505289385798863,0.0001937631999586325,0.0002135726185517335
33,43,token_43,0.0003245764818757373,0.011587720988399825,0.00016135566421588842,0.00012418340563653167
33,44,token_44,6.402526977495738e-05,0.00795164212649533,0.00012178912473228068,0.00012696845842567208
33,45,token_45,0.00017048427400244868,0.0643278748337177,0.00222905701343979,0.002522226926007642
33,46,token_46,0.0008771284519135247,0.012255928019428614,0.00035452643149150233,0.0002528020452629161
33,47,token_47,0.9331521951261326,1.870761192786805,0.3363272827358413,0.23361309947150893
33,48,token_48,5.520356575801503e-05,0.005775992695606404,4.305295193929131e-05,3.459960994142689e-05
33,49,token_49,6.24705883432432e-05,0.011237899181027184,7.275486321992615e-05,6.383292430572286e-05
33,50,token_50,0.00016115373554875605,0.01996204324177987,0.00018307683555745017,0.00016938493145117822
33,51,token_51,0.0008109714048581476,0.0056996204344472706,0.0003540632016888959,0.0002760951855345167
33,52,token_52,5.7980994319614516e-05,0.0064817632188745545,8.98767867311031e-05,9.156389617863281e-05
33,53,token_53,0.007774821685232649,0.02538105558536062,0.0031581864087474763,0.002319172474977403
33,54,token_54,0.00041640598619230014,0.03227333457578231,0.0003486903926578578,0.00030442166345985604
33,55,token_55,0.0005806573072902314,0.014828190138122954,0.00025664715493710344,0.00018719573696381926
33,56,token_56,0.0010834082713785703,0.022397312346584916,0.0004682400203526501,0.00033861286292817284
33,57,token_57,0.0011518906962520801,0.013315590606063164,0.0005974454469781551,0.0005012173708652774
33,58,token_58,7.338813655086473e-05,0.009844197682632326,5.189063990682609e-05,3.5901468031961807e-05
33,59,token_59,0.0004333009119003918,0.01873180600849179,0.00039888388623856457,0.0003894410389932552
33,60,token_60,3.86051533996494e-05,0.00688844829835255,0.00012970115333371516,0.00014372732867451552
33,61,token_61,0.00011169601220580482,0.021391694805334132,0.00020706983181211362,0.00020617799607707855
33,62,token_62,0.0005583849871472539,0.009334346764346734,0.00027111893601425904,0.00021501697365006373
33,63,token_63,0.001056759223479788,0.034975736271062326,0.0009197075041000461,0.0009087976050365812
33,64,token_64,4.2472065429484445e-05,0.004835945053746944,0.0001642375567719576,0.00019333405518444268
33,65,token_65,0.00024993401887936205,0.007784878447117143,0.00011190333806173006,7.763041025158164e-05
33,66,token_66,7.86412020185839e-05,0.014913567100671583,8.819737796928202e-05,7.125942008853539e-05
33,67,token_67,7.050154260700499e-05,0.03150507008796838,0.00014860817475624672,0.00011403446732247351
33,68,token_68,0.00035424268409038677,0.029445902613931957,0.0004315556501755549,0.00042635988351324533
33,69,token_69,7.538720367082513e-05,0.004399964102175091,7.263919592907228e-05,6.74519835246276e-05
33,70,token_70,0.0015786645738840666,0.00874377685103744,0.0006739658511514914,0.0005353419423529262
33,71,token_71,3.4896643413874364e-05,0.015696683267862246,0.0005979556152288482,0.0006940211457580137
33,72,token_72,0.0002988150033617561,0.012588781655162602,0.00015005352060159065,9.692928308902464e-05
33,73,token_73,0.001190261114383486,0.007272692861305581,0.0005901387901500841,0.0004995468650278048
33,74,token_74,5.683881530725142e-05,0.05360844725057251,0.002100465135574494,0.002632478116678066
33,75,token_75,0.001939512989666794,0.06104989887164701,0.00280147185119944,0.0029471909408720787
33,76,token_76,1.1797188395966178e-05,0.005479185093358584,9.126746406067076e-05,8.730375645025987e-05
33,77,token_77,3.849400031831574e-05,0.022978707550421158,0.000530648336460239,0.0005558547272902595
33,78,token_78,0.0005012219794509272,0.002987410686135504,0.0002285632180209482,0.00018045099251487104
33,79,token_79,0.00034479696536344014,0.0014749649861854246,0.00013331660210718515,9.09423373221407e-05
33,80,token_80,9.383351275548764e-05,0.0012098212803755136,7.614764016151694e-05,7.4913822318491e-05
33,81,token_81,4.271951127529681e-05,0.00511756639202695,0.0002346870893435396,0.0002684833826406113
33,82,token_82,5.1604761764005806e-05,0.009247860259806414,0.00044266666373706236,0.0005002664352156241
33,83,token_83,7.504631599508744e-05,0.0008664068491630652,6.085208011255392e-05,5.8701968061223176e-05
33,84,token_84,0.007021115365593337,0.01580399280282728,0.0026504833076476794,0.0018837667967942853
33,85,token_85,0.00036728554233518497,0.00351380445925549,0.0002876651047875161,0.00027547482783625294
33,86,token_86,0.0002456305348383569,0.0015278420929959774,0.00015305095986646046,0.0001385116604655307
33,87,token_87,0.005144538933244911,0.010309394124505735,0.0017898889049766413,0.0012585246431328827
33,88,token_88,8.751160835260413e-05,0.0022990573427485385,0.00020441060781398957,0.0002247877295060365
33,89,token_89,0.0019678595012579923,0.005963972906519732,0.0008846467190263912,0.0007137463960030233
33,90,token_90,9.78788110392959e-06,0.00014146904991703613,1.7089880143039388e-05,1.7683631239629516e-05
33,91,token_91,0.0013663587813670102,0.003017017681953186,0.0005295885705072747,0.0004310025259933123
33,92,token_92,1.412933170974639e-05,0.0006252061616320463,0.00010323996594633155,0.00010420102693867438
33,93,token_93,1.21254441790155e-05,0.00032660762307488175,6.798388909214735e-05,6.532152461497635e-05
33,94,token_94,8.380157393221552e-05,0.00044289481671149617,0.00012615016067767202,0.00011072370417787404
33,95,token_95,0.00024152205155745013,0.0007026447365108843,0.00022073813916219636,0.00023421491217029476
33,96,token_96,1.5268625825238112e-05,2.8995705868084665e-05,1.4035389199324865e-05,1.4497852934042332e-05
33,97,token_97,0.0003368375415824384,0.0003368375415824384,0.0003368375415824384,0.0003368375415824384
34,0,token_0,0.00023284893076107487,0.005047045219770014,0.00015860737854066383,0.00012903961006442325
34,1,token_1,0.00036744629709096886,0.013510833608260898,0.00031737646756019484,0.00029429162381112257
34,2,token_2,0.00032063820662641063,0.004681356077876151,0.00022085817813353482,0.00019398336063501326
34,3,token_3,0.001532169218393644,0.012249654908042572,0.0008915754880933927,0.000693707495677305
34,4,token_4,0.00014508791656568168,0.005753575545028988,0.00014857016206562293,0.00014646639168352312
34,5,token_5,3.787924556476686e-05,15.305465845953053,0.013895617296239235,0.00019422868867829284
34,6,token_6,5.653805525036587e-05,0.013656464208711595,0.0002493792183278108,0.00029290131135640575
34,7,token_7,0.0006636428014074521,0.008886748148247503,0.00045386376229392534,0.00039539102007493367
34,8,token_8,0.0003188037523217983,0.02023951015836542,0.0007150944889591026,0.000788535204984671
34,9,token_9,0.00029607767498443966,0.028364512863111795,0.00035054988105699366,0.0003356948021950699
34,10,token_10,0.0003937797535398232,0.014414714308381888,0.0005804697746166333,0.0005997073833399947
34,11,token_11,0.0005074409389865388,0.01731889665331519,0.0006119981006381893,0.0006076974798888762
34,12,token_12,3.637332093715553e-05,0.01678194181430413,0.0001487237310246205,0.00016134695004478542
34,13,token_13,0.0004126581991298812,0.004795766410745365,0.00027874253784303623,0.0002457713997350816
34,14,token_14,0.00022639123718043344,0.014968632093783168,0.00018702305455524856,0.00016112303410656333
34,15,token_15,0.0019350076989490435,0.010602004670734296,0.0010197213420954092,0.0007928846259623121
34,16,token_16,0.0001356681789263309,0.014420405136375372,9.894970054894479e-05,7.236190169664508e-05
34,17,token_17,0.00047744929892167476,0.0114416843281368,0.00028837569070944846,0.00024819397981118793
34,18,token_18,2.7475924778631718e-05,0.003275771180087491,2.9808462315693205e-05,2.7560337729375252e-05
34,19,token_19,9.225697828754414e-06,0.0038716575017112014,4.0465517650579526e-05,4.5616550106283224e-05
34,20,token_20,0.0012406447720159327,0.008580151430277641,0.0007457495019435889,0.0006195558684988895
34,21,token_21,9.50846033922366e-05,0.0025783628772476446,7.493877797091434e-05,6.71074152159834e-05
34,22,token_22,0.0002144915991989862,0.0029483055133621614,0.00015656745548818556,0.000141715180007422
34,23,token_23,9.880525078377627e-05,15.495388807240218,0.4813599495949213,0.6045816973090118
34,24,token_24,0.0001381451529023185,0.0302101533596524,0.000715844540191828,0.0008478625248825235
34,25,token_25,9.81875174030117e-05,0.026145895336515852,0.0001524635784224538,0.0001348286951580403
34,26,token_26,8.898908147154433e-05,0.06606208323263352,0.0001745685711008949,0.0001236200475813765
34,27,token_27,9.106149941012679e-05,0.017888251066006756,8.666455369545617e-05,6.444475265148375e-05
34,28,token_28,0.0004899555344471041,0.08128081767953955,0.0017749811400423628,0.0020410067853094925
34,29,token_29,1.368771249401849e-05,0.012267666675819458,2.5259044309507266e-05,1.3687161949542716e-05
34,30,token_30,0.00017339462465961215,0.01573870926588014,0.00023450529221176946,0.0002346184333663375
34,31,token_31,0.00013417256666046644,0.0037873899210090654,9.057532774075762e-05,7.351952378938261e-05
34,32,token_32,1.2644945364364178e-05,0.010160819159443883,0.0002810564903292775,0.00034510406754250473
34,33,token_33,0.00029301715979456204,0.007454537134120324,0.00019499559911517555,0.00015653279637752358
34,34,token_34,0.000870493060211891,0.01355201024196527,0.00047559330253616426,0.0003687559989288819
34,35,token_35,0.0002554224106428308,0.012966183513578788,0.00023778846312772295,0.00021238413615175055
34,36,token_36,0.006047665167953156,0.022220322545881393,0.0032527343237809857,0.0025207264457697805
34,37,token_37,0.0005412667746157723,0.0069420948363678,0.0004300729345134116,0.00040675221933754517
34,38,token_38,0.0005016326404253535,0.025298646026818614,0.0007638442241137595,0.0007894167399505345
34,39,token_39,0.00012608378350512437,0.00876983265300895,0.0001699294379481377,0.0001693126487125553
34,40,token_40,4.000197909651647e-05,0.005789536669047239,0.00012223368477564165,0.00014097276023617244
34,41,token_41,0.002182901191064876,0.03294680590793445,0.0015150659802365888,0.0013212321290197626
34,42,token_42,3.25144764711082e-05,0.011537803862269972,0.00016151345526112766,0.00018197378900832248
34,43,token_43,0.00022970949638305657,0.01181743048478288,0.00017502643064932206,0.00014374431432348427
34,44,token_44,3.744431693884524e-05,0.007989086443434176,0.0001049201631735936,0.00011105125535766075
34,45,token_45,0.00012107733978520742,0.06444895217350291,0.0018074610787088736,0.0021878481652619045
34,46,token_46,0.0008232436134011762,0.01307917163282979,0.0004482698678734371,0.0003493425681814721
34,47,token_47,0.9431282076125508,2.813889400399356,0.4576874677111832,0.3514945822552089
34,48,token_48,5.8224016721289606e-05,0.005834216712327693,4.6087164895690975e-05,3.8195524395737435e-05
34,49,token_49,4.453507735738477e-05,0.011282434258384568,6.711090604741788e-05,6.12709642278543e-05
34,50,token_50,0.0001259137530707567,0.020087956994850626,0.00017164421906011148,0.00016089975654450108
34,51,token_51,0.000660747113120883,0.006360367547568154,0.00041539998397529333,0.0003465562337739503
34,52,token_52,5.1878967402848415e-05,0.006533642186277403,8.227722286545217e-05,8.602013668156894e-05
34,53,token_53,0.0065700468212723205,0.031951102406632945,0.003840558491252445,0.0030971337445166404
34,54,token_54,0.0002997462889359073,0.03257308086471822,0.0003389015719134677,0.0003070533694272506
34,55,token_55,0.0004233651279150654,0.01525155526603802,0.00028999074953269584,0.00023249462044347066
34,56,token_56,0.0008602453352560966,0.023257557681841012,0.0005466410833333394,0.0004345095767256074
34,57,token_57,0.0009883778997982812,0.014303968505861445,0.0006756319375421803,0.0005866654741126407
34,58,token_58,5.6892644291007905e-05,0.009901090326923333,5.289104078366246e-05,4.042770361494604e-05
34,59,token_59,0.00032763819447072473,0.019059444202962517,0.0003846347478849966,0.0003814949880466098
34,60,token_60,3.4925556698397906e-05,0.0069233738550509485,0.00011074603400665172,0.00012390717935391597
34,61,token_61,0.00010563729119802443,0.021497332096532155,0.0001867833236892958,0.00019127786285873374
34,62,token_62,0.0004425271382934606,0.009776873902640194,0.00030540057647009935,0.00025728287736314324
34,63,token_63,0.001077391196371598,0.03605312746743392,0.0009512442425543566,0.0009358106868581041
34,64,token_64,3.5558312238722664e-05,0.004871503365985666,0.0001385017078653106,0.00016197021918548145
34,65,token_65,0.00019818225355206789,0.00798306070066921,0.00012915912115979764,0.00010024324740425638
34,66,token_66,4.750028371211323e-05,0.014961067384383697,8.005795911784828e-05,6.758041055557147e-05
34,67,token_67,6.767163777798241e-05,0.03157274172574636,0.00013242086736059387,0.0001072923439707848
34,68,token_68,0.00029530962162477184,0.02974121223555673,0.0004043064444653983,0.0004039605870584307
34,69,token_69,6.222805840731508e-05,0.004462192160582405,7.055696842472083e-05,6.597142110860972e-05
34,70,token_70,0.0011172145675165726,0.009860991418554012,0.0007626155944245077,0.0006479719362273783
34,71,token_71,3.227531334127678e-05,0.015728958581203524,0.0004848195548513339,0.0005912282402454014
34,72,token_72,0.00029043595743153447,0.012879217612594135,0.00017813000796757943,0.00012872003266933563
34,73,token_73,0.0009572376397696239,0.008229930501075206,0.000663558560073992,0.0005823166289304333
34,74,token_74,4.001060608613097e-05,0.05364845785665864,0.0016883742296768215,0.0021588447035319498
34,75,token_75,0.001532225496227747,0.06258212436787476,0.0025476225802051017,0.002718764625535972
34,76,token_76,8.262460234856583e-06,0.0054874475535934405,7.466646329550792e-05,7.425894517921935e-05
34,77,token_77,3.279821938678443e-05,0.02301150576980794,0.0004310783130455481,0.000458794368910453
34,78,token_78,0.00032636474527219183,0.0033137754314076957,0.00024812352347119694,0.0002110068989150485
34,79,token_79,0.00024717818722720355,0.0017221431734126282,0.00015608891913118883,0.00011912649622119708
34,80,token_80,7.744154300574945e-05,0.001287262823381263,7.640642073036344e-05,7.529905673083674e-05
34,81,token_81,2.7965729584405654e-05,0.005145532121611355,0.00019334281739171282,0.00022776268792463135
34,82,token_82,3.913627696401492e-05,0.009286996536770429,0.00036196058638245294,0.0004289852054025858
34,83,token_83,5.066004276160534e-05,0.0009170668919246705,5.8813672642364206e-05,5.801090669331962e-05
34,84,token_84,0.007898474319415217,0.0237024671222425,0.003700081510001187,0.002853901026600306
34,85,token_85,0.0002346459299321005,0.0037484503891875905,0.00027706126981643297,0.00026966929602577523
34,86,token_86,0.00022729591107225182,0.0017551380040682293,0.00016789995010761875,0.000152813113490363
34,87,token_87,0.0041818968844307015,0.014491291008936437,0.0022682905008674535,0.001770958730218108
34,88,token_88,8.080838905263557e-05,0.002379865731801174,0.00017969016406171878,0.0001991745044849652
34,89,token_89,0.0015372908568711792,0.0075012637633909115,0.0010151755465953487,0.000868000355573372
34,90,token_90,9.585370794522701e-06,0.00015105442071155882,1.558897827333605e-05,1.5985548853628992e-05
34,91,token_91,0.0013960714905985677,0.0044130891725517535,0.0007028851545255333,0.0005516361465689692
34,92,token_92,1.2094742105407432e-05,0.0006373009037374537,8.501092117814673e-05,9.104298624820768e-05
34,93,token_93,1.2180377093314401e-05,0.00033878800016819616,5.682318669238076e-05,5.646466669469936e-05
34,94,token_94,6.301581867963958e-05,0.0005059106353911358,0.00011352329227806554,0.00010118212707822715
34,95,token_95,0.0002093957654587737,0.0009120405019696579,0.00021846966442151184,0.00022801012549241448
34,96,token_96,1.3358143355239341e-05,4.2353849223324006e-05,1.389994003050776e-05,1.4117949741108003e-05
34,97,token_97,0.0002189511363014282,0.0005557886778838666,0.0003132602605262364,0.0002778943389419333
34,98,token_98,3.863725935374087e-05,3.863725935374087e-05,3.863725935374087e-05,3.863725935374087e-05
35,0,token_0,0.00027836774132584903,0.0053254129610958625,0.00018255945109770089,0.00016094102062006555
35,1,token_1,0.0005115550103368599,0.014022388618597758,0.0003562121761155279,0.00033168089158278215
35,2,token_2,0.00033335073240700435,0.0050147068102831555,0.00024335668898822874,0.00022512371109947442
35,3,token_3,0.0019865436136315842,0.014236198521674157,0.001110569113201031,0.0009388609812294789
35,4,token_4,0.00019175805331763318,0.005945333598346621,0.00015720774031602498,0.00015571707081892038
35,5,token_5,4.9588015717510965e-05,15.30551543396877,0.011126411440134891,0.00016937309106441695
35,6,token_6,8.072387925133879e-05,0.013737188087962933,0.0002156481505125164,0.0002554228084098701
35,7,token_7,0.0007197296788140059,0.009606477827061508,0.0005070369455979415,0.0004647441283654245
35,8,token_8,0.00043823705985680334,0.020677747218222225,0.0006597230031386429,0.000735853569524898
35,9,token_9,0.00043802392482452285,0.028802536787936317,0.0003680446898104995,0.0003512943246112327
35,10,token_10,0.0005468365280319213,0.01496155083641381,0.0005737431252996909,0.0005984682045012461
35,11,token_11,0.0006917173854369213,0.01801061403875211,0.0006279419575979358,0.0006298335792586838
35,12,token_12,4.7473467516207826e-05,0.016829415281820338,0.00012847367832293795,0.00014033503179108032
35,13,token_13,0.0005187750652441665,0.0053145414759895315,0.0003267490433232623,0.0002955652261697857
35,14,token_14,0.0002649086674561676,0.015233540761239336,0.0002026001771354324,0.00018270779455275567
35,15,token_15,0.0023190519700244856,0.012921056640758781,0.0012795874676812245,0.0010815038218411823
35,16,token_16,0.00017117868177091795,0.01459158381814629,0.00011339549679333942,9.16366012483159e-05
35,17,token_17,0.000457728586122404,0.011899412914259203,0.0003222462697920396,0.000290241223844608
35,18,token_18,2.7942816385599372e-05,0.0033037139964730905,2.943533312967444e-05,2.823631577862646e-05
35,19,token_19,9.241421151082756e-06,0.0038808989228622842,3.4220698350680175e-05,4.026986268488866e-05
35,20,token_20,0.001309073260028963,0.009889224690306604,0.0008584142535606638,0.0007621874875728821
35,21,token_21,9.49246165229254e-05,0.00267328749377057,7.893594568131656e-05,7.415609323152353e-05
35,22,token_22,0.0002476072024920951,0.0031959127158542565,0.00017477540488896747,0.0001634943182196557
35,23,token_23,0.00015725667698646977,15.495546063917205,0.38511941101133434,0.48324215400733744
35,24,token_24,0.0002141703627112128,0.030424323722363613,0.000615509704695705,0.0007310570886952714
35,25,token_25,0.00010708039744528869,0.02625297573396114,0.00014338694222702078,0.00013330325275861496
35,26,token_26,9.577901643761501e-05,0.06615786224907114,0.00015881066016823893,0.0001213516112007987
35,27,token_27,0.00010410070088581801,0.017992351766892574,9.015178313352854e-05,7.383303181225647e-05
35,28,token_28,0.0005795885757054716,0.08186040625524503,0.0015359026271749845,0.0017831648056943704
35,29,token_29,2.0193905610914744e-05,0.012287860581430372,2.4246016569788762e-05,1.5061761581615006e-05
35,30,token_30,0.00020792981638311484,0.015946639082263257,0.00022919019704603855,0.00023488944514092716
35,31,token_31,0.00014298437802040147,0.0039303742990294665,0.00010105713779668639,8.951684442073588e-05
35,32,token_32,1.7647314409587997e-05,0.010178466473853471,0.00022837465514533964,0.0002830589645988094
35,33,token_33,0.00041655232399846797,0.007871089458118792,0.00023930694409183404,0.00020496357657126822
35,34,token_34,0.0008977912027606358,0.014449801444725907,0.0005600328825810586,0.00047714953710588305
35,35,token_35,0.00037254048807844277,0.013338724001657231,0.0002647388681178669,0.00024434629782217273
35,36,token_36,0.0062251683019331,0.028445490847814493,0.0038472211194114088,0.0032937932576718927
35,37,token_37,0.0006379088276487112,0.007580003664016511,0.00047164011314047155,0.00045152412682444154
35,38,token_38,0.0005919232348046762,0.02589056926162329,0.0007294600262519429,0.0007618034523701671
35,39,token_39,0.00018526982507859204,0.008955102478087543,0.00017299751537422857,0.00017519272138707685
35,40,token_40,5.360803715414484e-05,0.005843144706201384,0.00010850855525134229,0.00012488384474681842
35,41,token_41,0.002273104827366561,0.035219910735301015,0.0016666737496625833,0.001527048726176326
35,42,token_42,4.1300748235522655e-05,0.011579104610505495,0.00013747091385600665,0.00015849755448839626
35,43,token_43,0.0002642576104520889,0.01208168809523497,0.00019287266660987542,0.00017020811397403565
35,44,token_44,4.7415334526189673e-05,0.008036501777960366,9.341919744411283e-05,0.00010223531490839511
35,45,token_45,0.00014104517302346658,0.06458999734652637,0.0014741778975717924,0.0018719376919262409
35,46,token_46,0.0008727136432032528,0.013951885276033044,0.0005331586229394003,0.0004538232604977329
35,47,token_47,0.9333583474835658,3.7472477478829216,0.5528216436656598,0.46815593441327696
35,48,token_48,5.7189367635056374e-05,0.005891406079962749,4.830760544356406e-05,4.2495668744266844e-05
35,49,token_49,5.0090369517577225e-05,0.011332524627902145,6.370679874144976e-05,6.0363905088115415e-05
35,50,token_50,0.00015055336799122172,0.020238510362841848,0.00016742604884633353,0.0001607273980284102
35,51,token_51,0.0007037618175955644,0.0070641293651637176,0.00047307235069934755,0.0004234382958172601
35,52,token_52,6.487379051731789e-05,0.006598515976794722,7.879653639582531e-05,8.219071934549945e-05
35,53,token_53,0.007763245187837697,0.03971434759447064,0.004625095830569496,0.0040215353011563044
35,54,token_54,0.00041687295176533103,0.03298995381648355,0.0003544958478838404,0.0003299834997884972
35,55,token_55,0.00046873681078303574,0.015720292076821057,0.0003257399617827638,0.00028557324627031757
35,56,token_56,0.0012000608808571,0.02445761856269811,0.0006773250428380916,0.0005754464193709052
35,57,token_57,0.000951557174245894,0.01525552568010734,0.0007308169848829231,0.0006715131973286716
35,58,token_58,7.293126814110677e-05,0.00997402159506444,5.689908625515132e-05,4.7240293903249965e-05
35,59,token_59,0.0004931363664847611,0.019552580569447277,0.0004063350716049496,0.00039850115878433117
35,60,token_60,4.3216368121698625e-05,0.006966590223172647,9.72401008296611e-05,0.00010990456703522336
35,61,token_61,0.00010841466860629125,0.021605746765138448,0.00017110959267269487,0.0001767321392316184
35,62,token_62,0.0005436192082652123,0.010320493110905406,0.00035304430282912197,0.0003143723529691087
35,63,token_63,0.0016014334780253747,0.0376545609454593,0.0010812820896485603,0.001026255972782203
35,64,token_64,3.906561900720608e-05,0.0049105689849928726,0.0001186144900936897,0.0001421934082099709
35,65,token_65,0.00023893111097872532,0.008221991811647936,0.00015111351912358318,0.00012842886520439878
35,66,token_66,6.686120581226783e-05,0.015027928590195964,7.741860845673219e-05,6.887923077464445e-05
35,67,token_67,7.941383452900384e-05,0.03165215556027536,0.00012181946079427587,0.00010222528380630183
35,68,token_68,0.000416934145442417,0.030158146380999146,0.0004068319846608021,0.00040412755737958644
35,69,token_69,6.872105138964813e-05,0.004530913211972054,7.018978501770629e-05,6.833659811245773e-05
35,70,token_70,0.0012294461073679118,0.011090437525921924,0.0008559816970131885,0.000777657413358634
35,71,token_71,3.632395940175655e-05,0.01576528254060528,0.0003951204357614185,0.0004936004052406977
35,72,token_72,0.00024404412078792487,0.01312326173338206,0.00019131283053164851,0.00015520965256284665
35,73,token_73,0.001272686154846515,0.00950261665592172,0.0007853840790284967,0.0007089167512120215
35,74,token_74,5.2529200264889685e-05,0.053700987056923534,0.0013612052237944353,0.0017458633159328375
35,75,token_75,0.002196434983407936,0.0647785593512827,0.0024773850608456687,0.0026270795044116943
35,76,token_76,9.441600739479697e-06,0.00549688915433292,6.162149078430228e-05,6.424763699106281e-05
35,77,token_77,3.528035314250614e-05,0.023046786122950448,0.0003519187210649397,0.0003800696102981805
35,78,token_78,0.0003601640389486157,0.0036739394703563114,0.0002705316265666807,0.00024817775491910453
35,79,token_79,0.00027354645902767785,0.001995689632440306,0.00017958042711048664,0.00015131167242061184
35,80,token_80,9.192981991565442e-05,0.0013791926432969175,7.951110056742165e-05,7.922538598223889e-05
35,81,token_81,3.63933115769531e-05,0.0051819254331883086,0.0001619529162287609,0.00019687550978699883
35,82,token_82,5.11782606927906e-05,0.00933817479746322,0.0002998041212445205,0.0003617075441953432
35,83,token_83,6.992643151127332e-05,0.0009869933234359439,6.103622441614603e-05,6.072159674785034e-05
35,84,token_84,0.008518726426064572,0.03222119354830707,0.004663810493213865,0.0039013805846434494
35,85,token_85,0.00033524772687171787,0.004083698116059308,0.00028869856122748993,0.0002849354015664158
35,86,token_86,0.00021157248035052855,0.0019667104844187577,0.0001766344561562007,0.00016765386570452115
35,87,token_87,0.0047109516698760545,0.01920224267881249,0.002756822734669174,0.002350529651837246
35,88,token_88,8.273576430829971e-05,0.002462601496109474,0.00016029928411103497,0.0001823891836538998
35,89,token_89,0.0019035518680359474,0.009404815631426859,0.0011928508108834685,0.0010698496068633346
35,90,token_90,9.693700741573232e-06,0.00016074812145313206,1.4409922766983488e-05,1.5176636452167498e-05
35,91,token_91,0.001143402987197438,0.005556492159749191,0.0007909887210599143,0.0006890792782011286
35,92,token_92,1.7497794863518208e-05,0.0006547986986009719,7.150829591522103e-05,8.184983732512149e-05
35,93,token_93,1.2216983653277934e-05,0.0003510049838214741,4.7901946084560196e-05,5.014356911735344e-05
35,94,token_94,7.513544701838195e-05,0.0005810460824095178,0.00010584572322612882,9.684101373491963e-05
35,95,token_95,0.0002478950979710592,0.001159935599940717,0.00022435475113142132,0.0002319871199881434
35,96,token_96,1.3789015358092193e-05,5.61428645814162e-05,1.3877755096024647e-05,1.403571614535405e-05
35,97,token_97,0.00034365025743416294,0.0008994389353180296,0.0003193382599078217,0.0002998129784393432
35,98,token_98,5.283932611045057e-05,9.147658546419144e-05,4.147767270508282e-05,4.573829273209572e-05
35,99,token_99,0.00100213302487075,0.00100213302487075,0.00100213302487075,0.00100213302487075
36,0,token_0,0.0004183161888214887,0.0057437291499173515,0.00022971079864245845,0.00020964270465343235
36,1,token_1,0.00048595364674941635,0.014508342265347175,0.0003821604702423056,0.0003686091937818647
36,2,token_2,0.0004397124445319421,0.005454419254815097,0.00028262784009697146,0.0002652272708845673
36,3,token_3,0.001797970189793368,0.016034168711467525,0.0012480493285194985,0.0011600506976392863
36,4,token_4,0.00023169022290403163,0.006177023821250653,0.00017210423683362632,0.00016840707131930097
36,5,token_5,5.752876940097391e-05,15.305572962738172,0.008912634905988108,0.00013972548262804972
36,6,token_6,7.780566696553147e-05,0.013814993754928465,0.00018807965380311943,0.00021203208058256885
36,7,token_7,0.0009309895155003374,0.010537467342561845,0.0005918274595784207,0.0005595258406152544
36,8,token_8,0.0005084530231017135,0.02118620024132394,0.000629469007131257,0.0006642793628571335
36,9,token_9,0.0004772771710319229,0.02927981395896824,0.0003898911860547842,0.0003672021443906425
36,10,token_10,0.0006053955479704703,0.015566946384384281,0.0005800736098338468,0.0005928103555413729
36,11,token_11,0.0006729172186896899,0.0186835312574418,0.0006369370098162866,0.0006451962032716918
36,12,token_12,4.9135890208083894e-05,0.01687855117202842,0.00011260612069996715,0.00012042323218715974
36,13,token_13,0.0005461963086231623,0.005860737784612694,0.0003706384963832423,0.00034772605767439507
36,14,token_14,0.0002685725642813273,0.015502113325520664,0.0002157946545646114,0.0002018035709697987
36,15,token_15,0.0020024515227719413,0.014923508163530722,0.0014241602786993679,0.0013304867131453276
36,16,token_16,0.00018723485598863578,0.014778818674134926,0.0001281633686323987,0.00011267166769142996
36,17,token_17,0.0006403397788346251,0.012539752693093828,0.0003858649716005567,0.0003541298741995625
36,18,token_18,4.9265595744129657e-05,0.00335297959221722,3.3401385652565486e-05,3.0896715084004506e-05
36,19,token_19,1.1028781593003584e-05,0.003891927704455288,2.958231499914486e-05,3.2699493623617316e-05
36,20,token_20,0.0017704507900071923,0.011659675480313797,0.0010408215608499697,0.0009629358706275483
36,21,token_21,0.00011076527142052695,0.0027840527651910967,8.530181082915865e-05,8.242735260306983e-05
36,22,token_22,0.00030821866910465945,0.003504131384958916,0.00020146405773210587,0.00019280641929924437
36,23,token_23,0.00017164827191411944,15.49571771218912,0.3081298584634503,0.3623658291774847
36,24,token_24,0.0002086133819823438,0.030632937104345958,0.0005341304401530328,0.0006028556324212076
36,25,token_25,0.0001319194253219537,0.026384895159283092,0.00014109343884600737,0.00013220900135817236
36,26,token_26,9.425878592204097e-05,0.06625212103499317,0.00014590028531899935,0.00011608661480709824
36,27,token_27,0.00011655652404641354,0.018108908290938988,9.543273131610554e-05,8.437087995528575e-05
36,28,token_28,0.0006979005559407993,0.08255830681118582,0.0013683022129281476,0.001503951185049343
36,29,token_29,2.4401797071554283e-05,0.012312262378501927,2.4277172670141868e-05,1.672276056387033e-05
36,30,token_30,0.00026584983257549327,0.01621248891483875,0.0002365221241519295,0.00023896997760505258
36,31,token_31,0.0002446698147304947,0.004175044113759961,0.00012977967318344806,0.00011726695907423538
36,32,token_32,1.8991882822626693e-05,0.010197458356676098,0.00018649810068079706,0.00021551189405251737
36,33,token_33,0.0003604528672902081,0.008231542325409,0.00026353612873150883,0.00024557827750668054
36,34,token_34,0.00098025253943659,0.015430053984162497,0.0006440768139521649,0.0005954731985792692
36,35,token_35,0.00032636808706851234,0.013665092088725744,0.00027706471190799603,0.0002706884501510657
36,36,token_36,0.006912499299020689,0.03535799014683518,0.0044602767553332655,0.004151669305813763
36,37,token_37,0.0005746431832797652,0.008154646847296276,0.0004922407271683302,0.0004906021055579175
36,38,token_38,0.0005539575056617905,0.026444526767285082,0.0006943595221339125,0.0007232343727217498
36,39,token_39,0.00026410976428109745,0.00921921224236864,0.00019121996515560237,0.00018966403525861816
36,40,token_40,5.511172517524612e-05,0.00589825643137663,9.782918923612306e-05,0.00010661464926351774
36,41,token_41,0.003014033409022001,0.03823394414432302,0.0019361456815344671,0.0018153993228623398
36,42,token_42,3.41106029476444e-05,0.011613215213453138,0.00011679885167433421,0.00012872328402774622
36,43,token_43,0.0003783404439819249,0.012460028539216895,0.00022996622208428533,0.00020926186125366092
36,44,token_44,6.856384493339021e-05,0.008105065622893756,8.844812694196831e-05,9.035123526849388e-05
36,45,token_45,0.00018026626910143756,0.06477026361562781,0.0012153955718777216,0.0015106800003352977
36,46,token_46,0.0010746184308187857,0.01502650370685183,0.0006414505845152774,0.0005827706955607545
36,47,token_47,0.9293076916316039,4.676555439514526,0.6281188532588486,0.5843116723530855
36,48,token_48,7.478794251927935e-05,0.005966194022482029,5.360367285870712e-05,4.885539662840021e-05
36,49,token_49,6.047375994563325e-05,0.011392998387847778,6.306019098228647e-05,5.909819556718781e-05
36,50,token_50,0.00016118066148291168,0.02039969102432476,0.0001661769713736492,0.0001588172930755366
36,51,token_51,0.0007636733617413971,0.007827802726905114,0.0005311925529077575,0.0005068321727514384
36,52,token_52,8.594148902479815e-05,0.00668445746581952,8.022552692161989e-05,8.120071852676018e-05
36,53,token_53,0.009116345765767225,0.04883069336023787,0.005523345817609042,0.00511103510556709
36,54,token_54,0.00034160441143228827,0.033331558227915836,0.00035191756059353,0.00033915888744104686
36,55,token_55,0.0006512587478619215,0.016371550824682977,0.00039084371899859535,0.0003592428544956684
36,56,token_56,0.0013825767945618516,0.02584019535725996,0.0008183753931828436,0.0007356948591856329
36,57,token_57,0.00161312496924103,0.01686865064934837,0.0009072785817545446,0.0008424737800689927
36,58,token_58,8.59024468418972e-05,0.010059924041906337,6.26997583725005e-05,5.5108408241225596e-05
36,59,token_59,0.00041736832045804133,0.019969948889905317,0.00040854172137556795,0.00040965132931552144
36,60,token_60,4.996864970747057e-05,0.007016558872880117,8.7785810605223e-05,9.353724101788612e-05
36,61,token_61,0.000137838897547204,0.021743585662685652,0.00016445545364759668,0.00016548369298862727
36,62,token_62,0.0005840895841944129,0.01090458269509982,0.0003992533591021802,0.0003754524570208096
36,63,token_63,0.0012925625339862143,0.03894712347944551,0.0011235381785160911,0.001102270505884033
36,64,token_64,4.583973036623738e-05,0.00495640871535911,0.00010405953814819925,0.00011952681595056733
36,65,token_65,0.0002832716482574986,0.008505263459905434,0.00017754514495036628,0.000161486957171651
36,66,token_66,7.675504938148784e-05,0.015104683639577452,7.728589664168332e-05,6.869330547941545e-05
36,67,token_67,7.638984218955158e-05,0.03172854540246491,0.00011273353707333102,9.403847124854329e-05
36,68,token_68,0.0003739718327908641,0.03053211821379001,0.00040025995428681453,0.00039560109641876976
36,69,token_69,6.576476360070563e-05,0.004596677975572759,6.930478073430616e-05,6.9017093652577e-05
36,70,token_70,0.0013037894081907424,0.012394226934112667,0.0009455432392486993,0.0009084264017091677
36,71,token_71,4.935232187262686e-05,0.01581463486247791,0.00032596681298366017,0.00036259360125461974
36,72,token_72,0.00031632144629659814,0.013439583179678659,0.00021631455368463845,0.00019025918823274457
36,73,token_73,0.0010738973326093583,0.010576513988531079,0.0008430867297446692,0.0008060990077936577
36,74,token_74,6.46135036828858e-05,0.05376560056060642,0.0011018868797721254,0.00130304508989996
36,75,token_75,0.0020447131274929546,0.06682327247877565,0.0023908506741751262,0.0024155485988840587
36,76,token_76,1.3520062273301332e-05,0.005510409216606222,5.200120508210209e-05,4.989930012460253e-05
36,77,token_77,4.0799747880859435e-05,0.023087585870831307,0.0002896949264281237,0.00029565828522977314
36,78,token_78,0.000571307252864981,0.004245246723221292,0.0003306867518263408,0.00030828197590211117
36,79,token_79,0.00032695123521746586,0.002322640867657772,0.0002090545887318825,0.00018983963593562477
36,80,token_80,9.148357632119745e-05,0.001470676219618115,8.190559571817682e-05,8.380547265451962e-05
36,81,token_81,3.8650961565742806e-05,0.005220576394754052,0.00013729252529615728,0.00016131549429523594
36,82,token_82,6.628157526122028e-05,0.00940445637272444,0.00025309961204786043,0.00029057790025887323
36,83,token_83,6.749627831615505e-05,0.001054489601752099,6.232823519614784e-05,6.219435742711237e-05
36,84,token_84,0.00696419332061184,0.03918538686891891,0.0051238870586934595,0.004759250938560023
36,85,token_85,0.00027906542184623806,0.004362763537905546,0.00028677193335123957,0.00028886700368765863
36,86,token_86,0.0002631521940958352,0.002229862678514593,0.00019393800374412762,0.00018847345650404944
36,87,token_87,0.003842365519209218,0.023044608198021708,0.002973931291577183,0.002821364120325491
36,88,token_88,0.00011434653665197093,0.002576948032761445,0.00015110873461922217,0.00016420973192579313
36,89,token_89,0.001998581479909364,0.011403397111336224,0.0013539969446886477,0.0012816568237545736
36,90,token_90,1.273635499723663e-05,0.0001734844764503687,1.4075209213034117e-05,1.4310716594017842e-05
36,91,token_91,0.0016743093600248495,0.00723080151977404,0.0009676528488529014,0.0008928708669267572
36,92,token_92,1.8706465138240885e-05,0.0006735051637392129,6.0947929759825e-05,6.4258679385822e-05
36,93,token_93,1.873542266712646e-05,0.00036974040648860056,4.206864140107345e-05,4.621755081107507e-05
36,94,token_94,7.242302229426521e-05,0.000653469104703783,9.91611830397561e-05,9.335272924339757e-05
36,95,token_95,0.0002701125297040424,0.0014300481296447595,0.00023350630684594554,0.00023834135494079324
36,96,token_96,1.4809787810783064e-05,7.095265239219926e-05,1.406416163897633e-05,1.4190530478439851e-05
36,97,token_97,0.00034837650965397176,0.0012478154449720013,0.00032514590985705167,0.0003119538612430003
36,98,token_98,6.347679769128225e-05,0.0001549533831554737,4.587749770232271e-05,5.165112771849124e-05
36,99,token_99,0.0014720675319665009,0.002474200556837251,0.0010961199262899003,0.0012371002784186255
36,100,token_100,5.517320299214689e-05,5.517320299214689e-05,5.517320299214689e-05,5.517320299214689e-05
37,0,token_0,0.0002642611630681573,0.0060079903129855085,0.00023662087152759824,0.00023968568702110242
37,1,token_1,0.00038949471164521514,0.014897836976992391,0.00038362731852288753,0.0003878388168370692
37,2,token_2,0.0003944190835281056,0.005848838338343203,0.0003049860887831983,0.0003000669598469496
37,3,token_3,0.0013590062795132362,0.01739317499098076,0.0012702407187182461,0.0013262273094929709
37,4,token_4,0.00016293608835085872,0.006339959909601511,0.00017027060713707283,0.00016917228783882438
37,5,token_5,4.7404157842095814e-05,15.305620366896013,0.007139588756358907,0.0001127498574332065
37,6,token_6,5.488326547814264e-05,0.013869877020406608,0.00016144037613812406,0.00016432788386205752
37,7,token_7,0.0007130049352594353,0.01125047227782128,0.0006160629547146237,0.0006210435100799452
37,8,token_8,0.0003201140531268508,0.02150631429445079,0.0005675980163303757,0.0005725498983504795
37,9,token_9,0.00031061611313211955,0.029590430072100358,0.0003740361714702513,0.00036987071692016316
37,10,token_10,0.0003833379635845122,0.015950284347968795,0.0005407264805839799,0.0005551321253005532
37,11,token_11,0.0005157228765421931,0.019199254133983993,0.000612694183161468,0.0006353587073405684
37,12,token_12,3.772293413988804e-05,0.01691627410616831,9.762948338795133e-05,9.630313614527363e-05
37,13,token_13,0.0004503848511734144,0.006311122635786108,0.00038658776734127676,0.00038794716550018726
37,14,token_14,0.00024458019120476284,0.015746693516725425,0.00022155176189264168,0.0002184131838560648
37,15,token_15,0.0019513521023372638,0.016874860265867986,0.0015295986434269472,0.0015726246926236092
37,16,token_16,0.00015099345008602225,0.014929812124220948,0.00013272938492312343,0.00012902582143799898
37,17,token_17,0.0003400172382858775,0.012879769931379705,0.0003766954249376209,0.0003793399001244511
37,18,token_18,2.5399952340065937e-05,0.003378379544557286,3.180109899006558e-05,3.094050802461494e-05
37,19,token_19,8.181090346047972e-06,0.0039001087948013356,2.5302070068525485e-05,2.4422468153421314e-05
37,20,token_20,0.001423380732345252,0.01308305621265905,0.0011173333951490262,0.001117291549996511
37,21,token_21,0.00010844314967661643,0.002892495914867713,8.993007859865021e-05,9.044869249813274e-05
37,22,token_22,0.0002178927875460142,0.0037220241725049305,0.00020474980369488755,0.00020938847995547293
37,23,token_23,8.896286612334497e-05,15.495806675055242,0.24652167934398495,0.24157318076692721
37,24,token_24,0.00013915110204477726,0.030772088206390734,0.00045513457253138173,0.00046849733166155706
37,25,token_25,0.00011400148646882343,0.026498896645751915,0.00013567504837057057,0.00012821873668132189
37,26,token_26,9.640041107987049e-05,0.06634852144607305,0.0001360003104711736,0.00010970744552324362
37,27,token_27,9.59836210902716e-05,0.01820489191202926,9.554290927093876e-05,9.109747110780485e-05
37,28,token_28,0.0004561728120643803,0.0830144796232502,0.0011858763327553942,0.0011560478676844994
37,29,token_29,1.887085410305525e-05,0.012331133232604981,2.319590895672455e-05,1.762920641070946e-05
37,30,token_30,0.00016142067527108325,0.016373909590109835,0.00022150183437576028,0.00022371253036618144
37,31,token_31,0.00014644542067753543,0.004321489534437496,0.00013311282268226555,0.00013291742607609097
37,32,token_32,1.1281015357611935e-05,0.010208739372033709,0.00015145468361616005,0.0001478308887954812
37,33,token_33,0.0003500387675629295,0.00858158109297193,0.000280836656497793,0.0002847368077264062
37,34,token_34,0.000962866030449487,0.016392920014611984,0.0007078346572516293,0.00071066836951123
37,35,token_35,0.00031150233648660135,0.013976594425212345,0.00028395223682371707,0.00029019485224042864
37,36,token_36,0.005458576642926491,0.04081656678976167,0.004659936732851911,0.004826462218140496
37,37,token_37,0.0004455710825838055,0.008600217929880081,0.0004829067982514253,0.0005053203036272202
37,38,token_38,0.0005821060928959924,0.027026632860181074,0.0006719088362863285,0.0006635151576923562
37,39,token_39,0.00012756247563090457,0.009346774717999544,0.0001784884672506628,0.0001797845848521506
37,40,token_40,4.418832481735338e-05,0.005942444756193983,8.710101635236913e-05,8.7603389508581e-05
37,41,token_41,0.0019539379796552838,0.0401878821239783,0.0019397041411586306,0.0019768333429483276
37,42,token_42,4.4646523631383255e-05,0.011657861737084522,0.00010236838606574402,0.00010115838225287108
37,43,token_43,0.00026026557505012056,0.012720294114267016,0.00023602609267745238,0.0002337416163575188
37,44,token_44,4.942106277277716e-05,0.008154486685666533,8.064271410813008e-05,7.902466102554496e-05
37,45,token_45,0.00012125656420571045,0.06489152017983352,0.0009965677703433194,0.0010589579334265963
37,46,token_46,0.0008565213039505644,0.015883025010802396,0.0006844647284023348,0.0006842453512194132
37,47,token_47,0.9404691410054735,5.617024580519999,0.6905889108081738,0.7018594508025308
37,48,token_48,5.8520854541035456e-05,0.006024714877023064,5.458710919517279e-05,5.2517762622141244e-05
37,49,token_49,5.1617883785837696e-05,0.011444616271633616,6.0771729542996724e-05,5.75397096843526e-05
37,50,token_50,0.00011475635192284226,0.0205144473762476,0.0001558928474834878,0.0001514176356510541
37,51,token_51,0.0006473254383961585,0.008475128165301273,0.0005544191300054378,0.0005722988721695162
37,52,token_52,6.349599297281358e-05,0.006747953458792333,7.687962013185863e-05,7.443633347386119e-05
37,53,token_53,0.006515153722597295,0.055345847082835166,0.005721707398606693,0.005877444787241572
37,54,token_54,0.00030943403143152235,0.03364099225934736,0.0003434208547611285,0.00034477847272878945
37,55,token_55,0.0004928489307530103,0.016864399755435987,0.0004112447613494783,0.00041240052289595396
37,56,token_56,0.0008780563211902153,0.026718251678450176,0.000830311578784318,0.00083462990861219
37,57,token_57,0.000985809008168198,0.01785445965751657,0.0009229846670372753,0.0009276504857546554
37,58,token_58,6.29548986545852e-05,0.010122878940560923,6.275078642891744e-05,5.99073843808115e-05
37,59,token_59,0.00039546679025781554,0.020365415680163132,0.0004059267351520175,0.0004033075496683883
37,60,token_60,3.521062240935339e-05,0.00705176949528947,7.727077296604907e-05,7.637508294808727e-05
37,61,token_61,9.38757580576733e-05,0.021837461420743325,0.00015033951452961202,0.00014412057604191978
37,62,token_62,0.00045749275535621783,0.011362075450456036,0.00041090123835298777,0.0004190530113253688
37,63,token_63,0.0011096254617598488,0.04005674894120536,0.0011207556351648428,0.0011235651134356896
37,64,token_64,4.222881689378781e-05,0.004998637532252898,9.169339389731696e-05,9.209792770002712e-05
37,65,token_65,0.00023471864328020598,0.00873998210318564,0.0001889798446163342,0.0001885917152697242
37,66,token_66,6.59624180960121e-05,0.015170646057673464,7.50212009325491e-05,6.79367412068546e-05
37,67,token_67,7.404617074234188e-05,0.03180259157320726,0.0001049960638071332,8.843188802059755e-05
37,68,token_68,0.00027282928151988335,0.030804947495309893,0.00037477381973342834,0.0003659434112317907
37,69,token_69,7.129844218760262e-05,0.004667976417760362,6.970351302496545e-05,6.940213706038996e-05
37,70,token_70,0.0012526572967299662,0.013646884230842633,0.0010069660507449527,0.0010318203693527833
37,71,token_71,3.2544629718913494e-05,0.015847179492196824,0.0002672823763307109,0.0002547099253610608
37,72,token_72,0.0003343510074248528,0.013773934187103511,0.00023992184443268134,0.00022743522782949134
37,73,token_73,0.0009902324832678792,0.011566746471798959,0.0008725158804493113,0.000896775857500909
37,74,token_74,4.3571521670368924e-05,0.053809172082276785,0.0008902238081517742,0.0008994658320517407
37,75,token_75,0.001263828842791734,0.06808710132156738,0.0021654463078984477,0.0022419332040747118
37,76,token_76,7.615189758116718e-06,0.005518024406364339,4.312400201730502e-05,3.6436445831408813e-05
37,77,token_77,2.843924521005462e-05,0.023116025116041362,0.00023744379018450986,0.0002038208456578522
37,78,token_78,0.0002747065666321028,0.004519953289853395,0.0003194907147874932,0.0003297259150603515
37,79,token_79,0.0002127917982923521,0.0025354326659501243,0.00020980203064397643,0.00021362638812296274
37,80,token_80,8.022941723478682e-05,0.0015509056368529018,8.157036002149883e-05,8.389175697538098e-05
37,81,token_81,2.897253766318662e-05,0.005249548932417239,0.00011562852776956316,0.0001226592594845092
37,82,token_82,4.2496364571345194e-05,0.009446952737295785,0.0002109789625525574,0.0002129774075738561
37,83,token_83,5.759186653342634e-05,0.0011120814682855252,6.138096146360354e-05,6.286888310918694e-05
37,84,token_84,0.007536506827643385,0.046721893696562294,0.005606411012483445,0.0056854439096970105
37,85,token_85,0.00031593399014373584,0.004678697528049282,0.00029260434470973885,0.0002960170606806876
37,86,token_86,0.00021815747322904747,0.0024480201517436406,0.00019878189764111162,0.00020072974150373487
37,87,token_87,0.005258963827877536,0.028303572025899244,0.003430937798837254,0.0034665483559819976
37,88,token_88,7.929780821267299e-05,0.002656245840974118,0.00013674654933791235,0.0001382893667063022
37,89,token_89,0.001709281752543125,0.01311267886387935,0.0014250539062595434,0.0014531411271062004
37,90,token_90,1.0134913353687808e-05,0.0001836193898040565,1.3287150041164856e-05,1.3037571280560937e-05
37,91,token_91,0.0015438205269468306,0.008774622046720871,0.0010828863844716873,0.00107930538550441
37,92,token_92,1.2230385287353777e-05,0.0006857355490265666,5.1204420865330765e-05,5.091030125053118e-05
37,93,token_93,1.1295006687316053e-05,0.0003810354131759166,3.591391445832197e-05,3.532710557317712e-05
37,94,token_94,6.142608132017879e-05,0.0007148951860239618,9.161416269584064e-05,8.936189825299522e-05
37,95,token_95,0.0001998851338467393,0.0016299332634914989,0.0002267820722461043,0.00023284760907021413
37,96,token_96,1.4849699930991527e-05,8.580235232319078e-05,1.422126929737937e-05,1.430039205386513e-05
37,97,token_97,0.0003165694982086577,0.001564384943180659,0.00032343062752737293,0.0003128769886361318
37,98,token_98,3.673821019617176e-05,0.00019169159335164545,4.404964020109252e-05,4.792289833791136e-05
37,99,token_99,0.0007717608968044561,0.003245961453641707,0.0010312481203928114,0.0010819871512139023
37,100,token_100,3.616883655070665e-05,9.134203954285354e-05,5.137232970385885e-05,4.567101977142677e-05
37,101,token_101,0.0009443805658182078,0.0009443805658182078,0.0009443805658182078,0.0009443805658182078
38,0,token_0,0.0002144458295652794,0.006222436142550788,0.0002321858631351345,0.0002628751647625628
38,1,token_1,0.0004540400724538321,0.015351877049446223,0.0003977098693090765,0.0004139458740166091
38,2,token_2,0.0003319391767272712,0.006180777515070474,0.00031037670637201287,0.00032849398260912277
38,3,token_3,0.0017691851922522477,0.01916236018323301,0.0013700296134250465,0.0015434651118414974
38,4,token_4,0.00018158694431890185,0.006521546853920413,0.00017253387457343865,0.0001759679859515408
38,5,token_5,6.206669436089534e-05,15.305682433590373,0.0057240843439593046,8.269255091252759e-05
38,6,token_6,4.925043742630646e-05,0.013919127457832914,0.00013900238839576056,0.00010993344661952867
38,7,token_7,0.0006533315771285357,0.011903803854949817,0.0006235166791974061,0.000677268246959977
38,8,token_8,0.00031820849047884043,0.02182452278492963,0.0005177201111600687,0.00046941525108146567
38,9,token_9,0.00035281555392512243,0.02994324562602548,0.00036979204796122557,0.0003649320890993253
38,10,token_10,0.0004693884072478632,0.016419672755216656,0.0005264588659167566,0.0005279353820996752
38,11,token_11,0.0005854257012749039,0.019784679835258896,0.0006072404867841552,0.0006291745228102021
38,12,token_12,4.06286598220004e-05,0.01695690276599031,8.622931867476114e-05,6.476473896775756e-05
38,13,token_13,0.0004217112511229052,0.006732833886909014,0.00039361246409760247,0.00042338370456126626
38,14,token_14,0.00025882132817908147,0.016005514844904506,0.00022900567514992962,0.00023673371521036092
38,15,token_15,0.0021090339510208118,0.018983894216888796,0.0016454857049457202,0.0018344738226916994
38,16,token_16,0.0001522924291973758,0.015082104553418324,0.00013664199377797393,0.00014533757925435718
38,17,token_17,0.00038157740147630383,0.01326134733285601,0.0003776718202453575,0.000409795686778931
38,18,token_18,3.066141779734483e-05,0.0034090409623546308,3.157316275152143e-05,3.100741344931855e-05
38,19,token_19,8.16886133798409e-06,0.00390827765613932,2.1875428322417207e-05,1.5753626319708438e-05
38,20,token_20,0.0012978216388628383,0.014380877851521888,0.0011534310438917885,0.0012558264723416359
38,21,token_21,0.00010506454999969867,0.0029975604648674117,9.29569728788599e-05,9.758021580451048e-05
38,22,token_22,0.000232553618967174,0.003954577791472105,0.00021031056674934484,0.0002264352151287052
38,23,token_23,0.00013312674100353765,15.495939801796245,0.19724396882338868,0.12118096872145111
38,24,token_24,0.00016696971536650916,0.030939057921757242,0.00039750160109840724,0.0002994412867711772
38,25,token_25,0.00010416202885136177,0.026603058674603275,0.00012937244446672882,0.0001181261602389234
38,26,token_26,9.338596337182321e-05,0.06644190740944488,0.00012747744105130352,0.00010083153160928609
38,27,token_27,0.000124800877415881,0.01832969278944514,0.00010139450289992721,0.00010237776024253872
38,28,token_28,0.0005696330117767082,0.08358411263502691,0.001062627668559657,0.0008235045115907335
38,29,token_29,1.9132384583786684e-05,0.012350265617188768,2.238320408213698e-05,1.8516514425833735e-05
38,30,token_30,0.00018329391624608002,0.016557203506355915,0.00021386025074982424,0.00021255473802580456
38,31,token_31,0.00014241669416685076,0.004463906228604347,0.0001349735969791826,0.00014787053138756904
38,32,token_32,1.3500712716833198e-05,0.010222240084750542,0.00012386388943629468,7.00567643593453e-05
38,33,token_33,0.0003084890949308941,0.008890070187902823,0.0002863671441844132,0.00031797815871899716
38,34,token_34,0.0008684274611248623,0.017261347475736846,0.000739953218026276,0.0008140920470003606
38,35,token_35,0.0002680751465227316,0.014244669571735076,0.00028077681876352,0.000301450979391789
38,36,token_36,0.006080082878920599,0.04689664966868227,0.004943965962065649,0.00557953840507228
38,37,token_37,0.0005178307009075612,0.009118048630787643,0.0004898915787826526,0.0005250443449826725
38,38,token_38,0.0005428840646117181,0.027569516924792793,0.0006461038819514065,0.0006230033955143042
38,39,token_39,0.00022370390305414392,0.009570478621053688,0.00018753155441135903,0.00018627411517266554
38,40,token_40,4.7599769313148175e-05,0.005990044525507132,7.920076694452494e-05,6.29570604821641e-05
38,41,token_41,0.002502809698645182,0.042690691822623486,0.002052325252655941,0.0022063322066654635
38,42,token_42,3.331795402762564e-05,0.011691179691112148,8.855829965812034e-05,7.209575289725011e-05
38,43,token_43,0.00029793589671386276,0.013018230010980878,0.0002484080534847345,0.0002629911934386736
38,44,token_44,5.02276070134684e-05,0.008204714292680002,7.455969268919775e-05,6.398752382138257e-05
38,45,token_45,0.00013038040255548353,0.065021900582389,0.0008233302967857523,0.0005803081791626156
38,46,token_46,0.000858892886164335,0.016741917896966732,0.0007193503599547349,0.0007856353110908747
38,47,token_47,0.9366901198911508,6.55371470041115,0.7398091526247692,0.8189361517792253
38,48,token_48,6.174554060183635e-05,0.0060864604176249,5.601879547650551e-05,5.6737483917444516e-05
38,49,token_49,6.162963995075381e-05,0.01150624591158437,6.094331162454814e-05,5.62313311116082e-05
38,50,token_50,0.00010908668236511204,0.020623534058612714,0.00014653161445981266,0.00014040698585008273
38,51,token_51,0.0006881107690055644,0.009163238934306837,0.0005811574578054631,0.0006444827225975724
38,52,token_52,7.405398457871186e-05,0.006822007443371045,7.631449302122927e-05,6.973330844522725e-05
38,53,token_53,0.0067020244222505436,0.06204787150508571,0.005917770803335463,0.006665297669860647
38,54,token_54,0.00036941643852890315,0.03401040869787626,0.00034861997151468347,0.0003492234172547714
38,55,token_55,0.0004516237274267561,0.017316023482862743,0.0004193205545649339,0.00045928816471479944
38,56,token_56,0.0010571338327372616,0.02777538551118744,0.0008756760295749067,0.0009538111438196363
38,57,token_57,0.001236299810089734,0.019090759467606303,0.0009856476956477671,0.0010477781588570983
38,58,token_58,6.442928792980343e-05,0.010187308228490725,6.308648672909464e-05,6.426382442360541e-05
38,59,token_59,0.00042026421189663126,0.020785679892059764,0.0004087942305009403,0.0004048750965317092
38,60,token_60,4.1320949312708145e-05,0.007093090444602179,7.008080823538089e-05,5.8052755869029015e-05
38,61,token_61,0.00011948150847454153,0.021956942929217866,0.00014416791331859792,0.00012844514076143772
38,62,token_62,0.0005359491275783595,0.011898024578034396,0.00043591081619806217,0.0004729637625195312
38,63,token_63,0.001577267308629705,0.041634016249835065,0.0012120579698578153,0.001213356400497533
38,64,token_64,3.7624416595717576e-05,0.005036261948848616,8.08795984369971e-05,6.108282397681532e-05
38,65,token_65,0.0002749967887624974,0.009014978891948137,0.00020618323344556683,0.00022076729443680192
38,66,token_66,6.917082930348368e-05,0.015239816886976948,7.385112660673602e-05,6.73029551079232e-05
38,67,token_67,6.72503068494928e-05,0.03186984188005675,9.744691241560512e-05,7.99139865998056e-05
38,68,token_68,0.00041102124544801973,0.031215968740757914,0.0003820233048763466,0.00036294893532537887
38,69,token_69,5.296602325452426e-05,0.004720942441014886,6.635601507087722e-05,6.543605736761179e-05
38,70,token_70,0.0011795470461091187,0.01482643127695175,0.001041482249817786,0.0011472422403229722
38,71,token_71,3.023626110379395e-05,0.01587741575330062,0.0002198731532853275,0.00014976574368878633
38,72,token_72,0.00026944559434271544,0.014043379781446227,0.0002458265944146882,0.00025574116781117883
38,73,token_73,0.0011043722025279418,0.0126711186743269,0.0009188871448650375,0.000995100660143195
38,74,token_74,5.286995736154873e-05,0.05386204203963833,0.0007227530379937292,0.0004236834370642442
38,75,token_75,0.0014741140814405263,0.0695612154030079,0.0020271798626068636,0.0019275513407078426
38,76,token_76,9.220639662120835e-06,0.00552724504602646,3.6343329546268184e-05,2.436210019898459e-05
38,77,token_77,3.306351540520189e-05,0.023149088631446563,0.00019656773522864828,0.00011712560367575256
38,78,token_78,0.00031074177887129993,0.004830695068724695,0.00031774092760425453,0.00035692507901594354
38,79,token_79,0.00024294375115534807,0.0027783764171054725,0.00021643037474625078,0.0002414165316426876
38,80,token_80,9.109624229039585e-05,0.0016420018791432976,8.347553647527823e-05,8.500186827045149e-05
38,81,token_81,3.2176162702158426e-05,0.005281725095119397,9.893805475608222e-05,7.210497282772449e-05
38,82,token_82,4.513125674411101e-05,0.009492083994039896,0.00017780942139086813,0.00013095950245311502
38,83,token_83,5.3943640935463206e-05,0.0011660251092209884,5.989349735797548e-05,6.153683419026846e-05
38,84,token_84,0.007389059429635041,0.054110953126197334,0.005962940695913764,0.006594268064043148
38,85,token_85,0.00020364816651499717,0.004882345694564279,0.00027481310907079054,0.0002847420692334802
38,86,token_86,0.0002570824484322246,0.002705102600175865,0.00021044200779933423,0.00021992321740462993
38,87,token_87,0.004620093286167294,0.03292366531206654,0.0036687688963032623,0.004032811138142967
38,88,token_88,7.674333882569564e-05,0.0027329891797998134,0.000124745907235469,0.00010808951324360945
38,89,token_89,0.0017608358924071459,0.014873514756286494,0.001492210303489064,0.0016343170830336992
38,90,token_90,1.0212436429827368e-05,0.00019383182623388388,1.267220731889736e-05,1.142773621121135e-05
38,91,token_91,0.001516955377256426,0.010291577423977297,0.001169700183028635,0.0012633172284001952
38,92,token_92,1.3008684573261855e-05,0.0006987442335998286,4.356527360691698e-05,2.969106776361808e-05
38,93,token_93,1.1159482907235776e-05,0.0003921948960831524,3.096302814810473e-05,2.2782164378020933e-05
38,94,token_94,6.189407247197486e-05,0.0007767892584959366,8.56701446510675e-05,7.720644084884774e-05
38,95,token_95,0.00022303426960709679,0.0018529675330985957,0.0002260325117183028,0.00023162094163732446
38,96,token_96,1.0858836196878484e-05,9.666118852006927e-05,1.3548782677279193e-05,1.3808741217152752e-05
38,97,token_97,0.0002934295653981025,0.0018578145085787615,0.00031743041510151886,0.0003096357514297936
38,98,token_98,3.946513170417787e-05,0.00023115672505582332,4.3132738501709594e-05,4.623134501116466e-05
38,99,token_99,0.0007691767015376124,0.00401513815517932,0.0009788338366217718,0.00100378453879483
38,100,token_100,3.682653121872963e-05,0.00012816857076158316,4.8463170006833006e-05,4.272285692052772e-05
38,101,token_101,0.0011098594860176562,0.002054240051835864,0.0009774763498580975,0.001027120025917932
38,102,token_102,0.0007336692943769952,0.0007336692943769952,0.0007336692943769952,0.0007336692943769952
39,0,token_0,0.0002655639957940772,0.006488000138344865,0.00023886148966692307,0.0002929482747483313
39,1,token_1,0.00046935696000827224,0.015821234009454496,0.0004120392874489157,0.0004462628343903308
39,2,token_2,0.0003956894974852029,0.006576467012555677,0.0003274392645946509,0.000365182443331565
39,3,token_3,0.001831168997598734,0.020993529180831742,0.001462257490259784,0.0017692373607380316
39,4,token_4,0.00017481809946020356,0.006696364953380616,0.00017299071955079165,0.00018132018792797812
39,5,token_5,6.215228949230751e-05,15.305744585879866,0.004591697933065905,5.341740592564875e-05
39,6,token_6,6.253687388914917e-05,0.013981664331722063,0.0001237092854944383,6.667940268714371e-05
39,7,token_7,0.0007618847920121648,0.012665688646961982,0.0006511903017603579,0.0007488572048901537
39,8,token_8,0.00039182391177872687,0.02221634669670836,0.0004925408712838004,0.0003979708476562093
39,9,token_9,0.00037377611579277547,0.030317021741818256,0.00037058886152753555,0.00037627634939110994
39,10,token_10,0.0005354509392788143,0.01695512369449547,0.0005282572805891682,0.0005183291556464316
39,11,token_11,0.000608809391459483,0.02039348922671838,0.0006075542677192208,0.0006323995118103131
39,12,token_12,4.583780122347104e-05,0.017002740567213778,7.815101518450313e-05,4.359523837108912e-05
39,13,token_13,0.000481059271253113,0.0072138931581621265,0.0004111018255287046,0.00046817368672538734
39,14,token_14,0.0002817920580056466,0.01628730690291015,0.00023956295172107304,0.00025905201565638744
39,15,token_15,0.0020625067634415357,0.02104640098033033,0.0017288899166448834,0.0020909448668885084
39,16,token_16,0.00018452266037762696,0.015266627213795951,0.00014621812709790454,0.00016604057750449467
39,17,token_17,0.0004902074352026486,0.01375155476805866,0.0004001789432368158,0.0004566570815143326
39,18,token_18,3.6953984033413846e-05,0.0034459949463880447,3.264932700789992e-05,3.290515096930509e-05
39,19,token_19,1.0774962846671478e-05,0.003919052618985991,1.9655335227268064e-05,9.47941879680788e-06
39,20,token_20,0.0013702184214185406,0.01575109627294043,0.0011967885193971389,0.0014054760772855936
39,21,token_21,0.00013265332975316056,0.003130213794620572,0.00010089624425372005,0.00010913565978173007
39,22,token_22,0.00025920154336099696,0.004213779334833101,0.00022008876207167528,0.0002492816000090255
39,23,token_23,0.00013166722558474172,15.49607146902183,0.15782150850382792,0.00013601828852966775
39,24,token_24,0.00018030559258072303,0.031119363514337965,0.0003540623993948704,0.00017592803647916339
39,25,token_25,0.00012935955170249825,0.026732418226305774,0.00012936986591388273,0.00011602855630267491
39,26,token_26,0.0001118812024813052,0.06655378861192618,0.00012435819333730388,9.674246535801124e-05
39,27,token_27,0.00013043636244025402,0.018460129151885392,0.00010720287480799259,0.00011385228373977013
39,28,token_28,0.0005364062977916737,0.08412051893281858,0.0009573833944060605,0.000556707395350689
39,29,token_29,2.0745434435756753e-05,0.012371011051624525,2.2055650152860935e-05,1.967534950101419e-05
39,30,token_30,0.00019793043285807756,0.016755133939213993,0.0002106742871714749,0.00020496958955156113
39,31,token_31,0.0001840853515250498,0.004647991580129397,0.00014479594788835605,0.00016836254166044954
39,32,token_32,1.7349798254015568e-05,0.010239589883004557,0.00010256107119983885,1.5493437134677345e-05
39,33,token_33,0.00036496766560262635,0.00925503785350545,0.00030208724846805585,0.00035879637753882956
39,34,token_34,0.0009223666382161434,0.01818371411395299,0.0007764359020642496,0.0009247370891510182
39,35,token_35,0.0003029755925381906,0.014547645164273267,0.0002852165735184541,0.00032154770720808234
39,36,token_36,0.006398096643155876,0.05329474631183814,0.005234792098283695,0.006373230786987781
39,37,token_37,0.000600070267737443,0.009718118898525085,0.0005119273165736107,0.000568413374122063
39,38,token_38,0.0005308872152341007,0.028100404140026895,0.0006230605486079455,0.0005629979723896876
39,39,token_39,0.0002124597818791429,0.009782938402932831,0.00019251719990491582,0.00019469998128018507
39,40,token_40,5.521227601710604e-05,0.006045256801524237,7.440306875904117e-05,4.9304030856160476e-05
39,41,token_41,0.0025308543275194577,0.04522154615014294,0.0021480310676286443,0.0024498076697745093
39,42,token_42,4.060535211140537e-05,0.011731785043223553,7.896771014877734e-05,3.908143458733177e-05
39,43,token_43,0.00031930917762215677,0.013337539188603035,0.00026258827831221893,0.00029572494464096476
39,44,token_44,5.421023355016238e-05,0.008258924526230164,7.048980086139068e-05,5.284740681169121e-05
39,45,token_45,0.00012475826363955668,0.06514665884602856,0.0006836158901565132,0.00014125220470066389
39,46,token_46,0.0010133821076053068,0.01775530000457204,0.0007781567094848492,0.0009077559823337416
39,47,token_47,0.9301626224118626,7.483877322823012,0.7778798465821879,0.9351983777429963
39,48,token_48,6.736312111483578e-05,0.006153823538739736,5.828766060417157e-05,6.229371688979652e-05
39,49,token_49,5.7414738706924945e-05,0.011563660650291295,6.0237597041023506e-05,5.5841553087814605e-05
39,50,token_50,0.00013370738543796139,0.020757241444050677,0.00014396676865544242,0.0001368266933668474
39,51,token_51,0.0007653890891549775,0.009928628023461814,0.000618003784075366,0.0007270919887967158
39,52,token_52,7.261367800899899e-05,0.006894621121380044,7.557433001878322e-05,6.791659679495627e-05
39,53,token_53,0.0073731511373220345,0.06942102264240774,0.006208846870132778,0.007539801676813913
39,54,token_54,0.00042198177367966,0.03443239047155592,0.0003632923319476788,0.00036830945911612683
39,55,token_55,0.0004883572915590458,0.01780438077442179,0.0004331279019637563,0.0005135427567350558
39,56,token_56,0.001084094123922379,0.02885947963510982,0.0009173596484444011,0.0010793525174851708
39,57,token_57,0.0011210001618582896,0.020211759629464594,0.0010127181888898718,0.001154343343182158
39,58,token_58,7.473678568873938e-05,0.010262045014179464,6.541654652102358e-05,7.079860103531255e-05
39,59,token_59,0.0004179058580671333,0.0212035857501269,0.0004106165560141789,0.0004127150194589284
39,60,token_60,4.560378622978716e-05,0.007138694230831966,6.518540383426215e-05,4.152762642726535e-05
39,61,token_61,0.00012003812497749162,0.02207698105419536,0.00013934195565037667,0.00011408487297174363
39,62,token_62,0.0005841548741320785,0.012482179452166476,0.0004655596277848655,0.0005339758514741471
39,63,token_63,0.0014615485454719365,0.043095564795307004,0.0012619560849806396,0.0013176688882940398
39,64,token_64,4.059112773040132e-05,0.0050768530765790175,7.282190429567794e-05,4.0425778328444156e-05
39,65,token_65,0.00033643453189762765,0.009351413423845765,0.000232233493135979,0.00026097379268659834
39,66,token_66,7.271581788422225e-05,0.01531253270486117,7.362406486223327e-05,6.718146635767374e-05
39,67,token_67,6.729996254530074e-05,0.03193714184260205,9.141752244154425e-05,7.150734697599196e-05
39,68,token_68,0.000444150825964561,0.031660119566722475,0.00039444880909398955,0.0003690414777972355
39,69,token_69,6.556795618997547e-05,0.004786510397204861,6.619840329469688e-05,6.651847880242989e-05
39,70,token_70,0.0013825250698186685,0.016208956346770418,0.0011096908138179627,0.0012968189214701373
39,71,token_71,4.678539103812794e-05,0.015924201144338748,0.0001852556008358876,3.821048743421498e-05
39,72,token_72,0.0003112863796774444,0.014354666161123672,0.00025891855146723946,0.0002901188042536429
39,73,token_73,0.0012792937775066237,0.013950412451833524,0.0009909684713933547,0.001123542726753312
39,74,token_74,6.26546893798087e-05,0.05392469672901814,0.0005907333682709451,5.377918852659206e-05
39,75,token_75,0.0017182992950734238,0.07127951469808133,0.0019654037491001757,0.001765935582753255
39,76,token_76,1.185189968011566e-05,0.005539096945706575,3.144504357303768e-05,1.0323024232400955e-05
39,77,token_77,3.94891042854381e-05,0.023188577735732,0.00016515200904000627,3.6087287147818776e-05
39,78,token_78,0.00035990397677851746,0.005190599045503212,0.00032617353743910713,0.00038950761764852606
39,79,token_79,0.0002968475269522243,0.003075223944057697,0.0002325138051874455,0.0002761085335979638
39,80,token_80,9.611147740128988e-05,0.0017381133565445874,8.600272466048057e-05,8.980901237690626e-05
39,81,token_81,3.512488012180313e-05,0.0053168499752412,8.61754198292264e-05,3.5040614057987065e-05
39,82,token_82,4.811353547279117e-05,0.009540197529512687,0.00015187024420725275,4.9990817390424884e-05
39,83,token_83,6.46977329634765e-05,0.0012307228421844648,6.085434447907569e-05,6.283664520005973e-05
39,84,token_84,0.0073427779996443525,0.06145373112584169,0.006238908156659882,0.007497582242023793
39,85,token_85,0.00024235179299272977,0.005124697487557009,0.0002683208458551784,0.0002843940355860779
39,86,token_86,0.00025872280441493567,0.0029638254045908008,0.00022009816712245453,0.00023902442479581322
39,87,token_87,0.00528894784870474,0.03821261316077128,0.003992804686783558,0.0046843018906065756
39,88,token_88,8.720499666428047e-05,0.002820194176464094,0.00011723772512123132,8.738955104154472e-05
39,89,token_89,0.0019331591155867054,0.0168066738718732,0.0015804000659085924,0.0018353299189485537
39,90,token_90,1.1921257914628722e-05,0.0002057530841485126,1.2522017438043634e-05,1.0669673190314415e-05
39,91,token_91,0.0015074174720937968,0.011798994896071094,0.0012372436408416673,0.001446106901415406
39,92,token_92,1.6845494184553948e-05,0.0007155897277843825,3.822131772244438e-05,1.5107794615570676e-05
39,93,token_93,1.433334813154415e-05,0.00040652824421469656,2.7637092144792617e-05,1.3245208015564288e-05
39,94,token_94,7.850469158412184e-05,0.0008552939500800585,8.423705403767838e-05,7.107595497783796e-05
39,95,token_95,0.00025640015545473545,0.002109367688553331,0.00023210604046558937,0.0002379797893873547
39,96,token_96,1.5858320058352488e-05,0.00011251950857842175,1.4010690153493853e-05,1.4064938572302719e-05
39,97,token_97,0.0003206990377060426,0.0021785135462848043,0.0003180841396224236,0.00031121622089782917
39,98,token_98,4.525194271848786e-05,0.0002764086677743112,4.355657934506525e-05,4.606811129571853e-05
39,99,token_99,0.0009496734315487314,0.004964811586728051,0.0009730017556071637,0.0009929623173456103
39,100,token_100,4.065469887628201e-05,0.00016882326963786517,4.690147578072281e-05,4.220581740946629e-05
39,101,token_101,0.0011194049982510613,0.003173645050086925,0.0010058620795366903,0.0010578816833623085
39,102,token_102,0.0009322880602438956,0.0016659573546208908,0.0007733930475503754,0.0008329786773104454
39,103,token_103,0.0019070718006201067,0.0019070718006201067,0.0019070718006201067,0.0019070718006201067
40,0,token_0,0.00035924263760492146,0.006847242775949786,0.0002629377192545228,0.0002945602281588713
40,1,token_1,0.0003724330745039095,0.016193667083958405,0.00040411804485991447,0.00043512308445397066
40,2,token_2,0.00033450520309553114,0.006910972215651208,0.00032885245229482695,0.0003659135636730903
40,3,token_3,0.0017069480435869448,0.02270047722441869,0.0015111956009252162,0.0017668714010837959
40,4,token_4,0.0001695666539012127,0.0068659316072818295,0.00017230590642087587,0.00017754214005085214
40,5,token_5,4.936254453068779e-05,15.305793948424396,0.003683230855358862,5.31298305545888e-05
40,6,token_6,6.225987362205682e-05,0.01404392420534412,0.000111419403119962,6.522982244629086e-05
40,7,token_7,0.0008035827065174757,0.013469271353479457,0.0006816687827117815,0.0007510453741370776
40,8,token_8,0.0003611931972983218,0.022577539894006682,0.0004662713364867047,0.0003920664402371507
40,9,token_9,0.0003435332145102591,0.030660554956328516,0.0003651777321240803,0.00037329976779960434
40,10,token_10,0.00046605238946248885,0.01742117608395796,0.0005158163023638323,0.0005025401309010411
40,11,token_11,0.000509441043369514,0.020902930270087897,0.0005879316228492794,0.0006091129897821667
40,12,token_12,4.2195524917394373e-05,0.017044936092131174,7.095991713108139e-05,4.330614990592515e-05
40,13,token_13,0.00042364464904836023,0.007637537807210487,0.0004136103902326357,0.0004619269153000307
40,14,token_14,0.00023115326675025107,0.016518460169660402,0.00023788101472690867,0.00025491730739435976
40,15,token_15,0.0017547059770908174,0.022801106957421147,0.0017340531287340702,0.002025951618131436
40,16,token_16,0.00016558660375965396,0.015432213817555605,0.00015009182243025442,0.0001647864957558924
40,17,token_17,0.0004821829832594341,0.014233737751318093,0.0004165797512413395,0.0004544751173064922
40,18,token_18,3.343557542109157e-05,0.003479430521809136,3.280657669053825e-05,3.2885621404266294e-05
40,19,token_19,9.399331075539172e-06,0.003928451950061531,1.7604134396922288e-05,9.468860976188867e-06
40,20,token_20,0.0013935679655400963,0.017144664238480527,0.0012361444086257303,0.0014011660651621928
40,21,token_21,0.00010670309592699698,0.003236916890547569,0.00010205761458837545,0.00010877407395459492
40,22,token_22,0.00026325183221695533,0.004477031167050056,0.0002287213761007313,0.0002472248682502486
40,23,token_23,0.00011272040115658513,15.496184189422987,0.12627975088329366,0.00013151953753486774
40,24,token_24,0.00014923614776575183,0.03126859966210372,0.0003130971490690467,0.0001719052053912971
40,25,token_25,0.00010976406007872737,0.026842182286384502,0.00012544870474685165,0.00011484231415294182
40,26,token_26,8.537388010092509e-05,0.0666391624920271,0.00011656133069002813,9.555514916141903e-05
40,27,token_27,0.00010374309065591809,0.01856387224254131,0.0001065109179775777,0.00011209104455078108
40,28,token_28,0.00047211600206659724,0.08459263493488517,0.0008603299159381678,0.0005460194267360522
40,29,token_29,1.804802857569423e-05,0.012389059080200219,2.1254125837427596e-05,1.9434231601302288e-05
40,30,token_30,0.000217019197062729,0.016972153136276723,0.00021194326914972575,0.00020507025580321635
40,31,token_31,0.00017640110611949833,0.004824392686248896,0.00015111697953458452,0.00016921032781195059
40,32,token_32,1.3100023278613076e-05,0.01025268990628317,8.46688616155937e-05,1.4918161325055184e-05
40,33,token_33,0.0003386754516883273,0.009593713305193777,0.00030940488911211016,0.0003559100093459165
40,34,token_34,0.0008802678789107062,0.019063981992863695,0.000797202297433541,0.0009196325221138499
40,35,token_35,0.000333534781695462,0.014881179945968728,0.0002948802151538557,0.000320872449756438
40,36,token_36,0.005290734715292476,0.05858548102713062,0.005245980621685451,0.00624534109910804
40,37,token_37,0.0005113759489811398,0.010229494847506225,0.0005118170430551165,0.0005501307443675703
40,38,token_38,0.00044983688310846115,0.028550241023135355,0.0005884158155080486,0.0005533875038712318
40,39,token_39,0.0001816917024169241,0.009964630105349755,0.0001903521004073175,0.00018887455084144137
40,40,token_40,4.5742911589692604e-05,0.00609099971311393,6.867103732517146e-05,4.8086892941715625e-05
40,41,token_41,0.002383422274607268,0.04760496842475021,0.0021951093090243692,0.0024290410518286384
40,42,token_42,3.196274638835326e-05,0.011763747789611907,6.956671739669252e-05,3.82388206473966e-05
40,43,token_43,0.00026223243034691467,0.01359977161894995,0.0002625171087191581,0.0002920783890532328
40,44,token_44,4.4363346290749265e-05,0.008303287872520914,6.52645099472624e-05,5.195887697506746e-05
40,45,token_45,0.0001072892536283684,0.06525394809965693,0.0005683505628508843,0.0001370696924927099
40,46,token_46,0.0008443085260468288,0.01859960853061887,0.0007913870727972453,0.0009026011203879717
40,47,token_47,0.9357825735308372,8.41965989635385,0.8094603919719178,0.9352563623366472
40,48,token_48,6.125643432817999e-05,0.006215079973067916,5.8881415348973254e-05,6.178635540244099e-05
40,49,token_49,5.1052736125688046e-05,0.011614713386416982,5.8400624857956416e-05,5.491059921663036e-05
40,50,token_50,0.00012803653237939767,0.020885277976430076,0.00014078072140023346,0.00013554855877486995
40,51,token_51,0.0007699836867222057,0.01069861171018402,0.000648399764604734,0.0007262453350743623
40,52,token_52,6.81141333998886e-05,0.006962735254779933,7.408229069500431e-05,6.7369128778124e-05
40,53,token_53,0.00801131740951875,0.07743234005192648,0.006569340978009972,0.007478263268974814
40,54,token_54,0.00028504172191142987,0.03471743219346735,0.00034764220994042903,0.00035756295048466777
40,55,token_55,0.0005171642697622045,0.018321545044183995,0.000449935175523446,0.0005092515266689088
40,56,token_56,0.0010365541944337177,0.029896033829543537,0.0009411985576422645,0.0010727662192921488
40,57,token_57,0.0009788946368839931,0.02119065426634859,0.0010059534784886961,0.0011283692945671874
40,58,token_58,6.407914519099174e-05,0.010326124159370455,6.514906625501722e-05,6.941432666112454e-05
40,59,token_59,0.0003828944933666582,0.021586480243493557,0.0004050721434846748,0.00041099689336276967
40,60,token_60,3.686738998286186e-05,0.007175561620814827,5.9521801063982103e-05,4.071480948274088e-05
40,61,token_61,0.00010145741876488037,0.02217843847296024,0.0001317650482732774,0.00011230495997898891
40,62,token_62,0.0005357636582927883,0.013017943110459264,0.00047960043388645005,0.000530247666657473
40,63,token_63,0.0012354553605272872,0.04433102015583429,0.0012566559400899692,0.001301505388531469
40,64,token_64,3.9328846792688365e-05,0.0051161819233717055,6.612329279508003e-05,4.03386168817807e-05
40,65,token_65,0.0002881319656914918,0.009639545389537258,0.00024341318764708157,0.00026307512016243457
40,66,token_66,5.771465618084472e-05,0.015370247361042014,7.044218312595556e-05,6.691518279862695e-05
40,67,token_67,5.92880886280887e-05,0.03199642993123014,8.499163567885314e-05,7.023267323359587e-05
40,68,token_68,0.000371539980450569,0.03203165954717305,0.00038986704336530545,0.0003674999521664341
40,69,token_69,6.238325854271691e-05,0.004848893655747578,6.543537434430089e-05,6.553959465541415e-05
40,70,token_70,0.0010955813380221647,0.017304537684792582,0.0011068689186588031,0.0012674281759549014
40,71,token_71,4.359693138665011e-05,0.0159677980757254,0.00015692386694604013,3.82514314096275e-05
40,72,token_72,0.0002632763045758482,0.01461794246569952,0.00025979010208896123,0.0002909969767373343
40,73,token_73,0.0010873760604922715,0.015037788512325796,0.001010249989213138,0.0011194195956754625
40,74,token_74,5.109493666293442e-05,0.053975791665681075,0.00048280568194934297,5.302290380197733e-05
40,75,token_75,0.0014329701950944686,0.0727124848931758,0.0018589170382990344,0.0017002623763994482
40,76,token_76,9.023208364189141e-06,0.005548120154070764,2.6960676531267977e-05,1.0091531138518269e-05
40,77,token_77,3.6471862762105475e-05,0.023225049598494106,0.0001394159797844261,3.560450604890823e-05
40,78,token_78,0.0003299180022286773,0.00552051704773189,0.0003269224303970212,0.0003792910426309141
40,79,token_79,0.00026464905744471386,0.0033398730015024108,0.00023894085563889918,0.0002762131225850532
40,80,token_80,8.467491803282556e-05,0.001822788274577413,8.573716333494958e-05,8.835006336967339e-05
40,81,token_81,3.371531272168991e-05,0.0053505652879628895,7.56833984077191e-05,3.446480090140456e-05
40,82,token_82,4.359657579367005e-05,0.009583794105306357,0.0001302155105245362,4.844232590799363e-05
40,83,token_83,6.0009001902089666e-05,0.0012907318440865544,6.068527596367848e-05,6.242141386482211e-05
40,84,token_84,0.007186929342192124,0.06864066046803381,0.00642851239376633,0.007482222878849983
40,85,token_85,0.0002809992037766359,0.005405696691333645,0.0002708565174394699,0.0002823972218016675
40,86,token_86,0.00018517427686608564,0.0031489996814568866,0.00021311338907118075,0.00023334851541240823
40,87,token_87,0.00443343989394588,0.04264605305471716,0.0040809317282160225,0.004685149732932042
40,88,token_88,8.015559596214493e-05,0.002900349772426239,0.00010982129928941404,8.610050475378805e-05
40,89,token_89,0.0018638459817864764,0.018670519853659678,0.0016370892490841693,0.001834300806049742
40,90,token_90,9.072289991417266e-06,0.00021482537413992987,1.183207194871836e-05,1.0393025665852915e-05
40,91,token_91,0.0014745137052512827,0.013273508601322377,0.0012846976537235905,0.0014528562125920251
40,92,token_92,1.3596512388520895e-05,0.0007291862401729034,3.3296356655659685e-05,1.4763676281325424e-05
40,93,token_93,1.286675373078726e-05,0.0004193949979454838,2.468302446199155e-05,1.3114102381202191e-05
40,94,token_94,6.833386743864927e-05,0.0009236278175187078,8.105641671787256e-05,7.056682184242838e-05
40,95,token_95,0.00021718018471563304,0.002326547873268964,0.0002291208693155981,0.00023317814853944125
40,96,token_96,1.3587216282538725e-05,0.00012610672486096047,1.3925995379302829e-05,1.4047455602264242e-05
40,97,token_97,0.0003078871124185424,0.002486400658703347,0.00031604473418164736,0.00031080008233791835
40,98,token_98,4.359582938455237e-05,0.00032000449715886354,4.356442935296268e-05,4.5714928165551934e-05
40,99,token_99,0.0010306821738697573,0.005995493760597808,0.0009845378392596825,0.0009992489600996347
40,100,token_100,4.531417646329643e-05,0.00021413744610116159,4.658401591723754e-05,4.282748922023232e-05
40,101,token_101,0.0008359141585969523,0.004009559208683878,0.0009718724953487429,0.0010023898021709694
40,102,token_102,0.0008625742805459442,0.002528531635166835,0.0007912292941494892,0.000842843878388945
40,103,token_103,0.0016161017627206627,0.003523173563340769,0.001848877793040218,0.0017615867816703846
40,104,token_104,5.048025261086752e-05,5.048025261086752e-05,5.048025261086752e-05,5.048025261086752e-05
41,0,token_0,0.000256068245199959,0.007103311021149745,0.00026156382444361004,0.0002861393415176009
41,1,token_1,0.0004592774945449062,0.01665294457850331,0.00041514993479691286,0.0004386946584166725
41,2,token_2,0.00030589961369339563,0.007216871829344604,0.00032426188457454074,0.00035701924476185795
41,3,token_3,0.0017050327253097927,0.024405509949728482,0.0015499630258021316,0.001711003032509944
41,4,token_4,0.00017941097840548856,0.007045342585687318,0.0001737269208177984,0.00017960686965300148
41,5,token_5,5.666653182234749e-05,15.305850614956219,0.002957917990651559,5.283103109144821e-05
41,6,token_6,5.30600164514346e-05,0.014096984221795554,9.974752578625653e-05,6.213225854179073e-05
41,7,token_7,0.0006346975387927446,0.014103968892272202,0.0006722745339279741,0.0007351079431790189
41,8,token_8,0.00032328030910715324,0.022900820203113834,0.0004376731310107944,0.00037251422463377605
41,9,token_9,0.00037055054504581705,0.031031105501374334,0.00036625229470842765,0.00037033378915587236
41,10,token_10,0.0005002788868553914,0.01792145497081335,0.0005127088192621442,0.0004875650519964106
41,11,token_11,0.0005155617211061028,0.021418491991194,0.0005734576425006441,0.0005758795346081683
41,12,token_12,4.258445888202033e-05,0.017087520551013195,6.528482548126918e-05,4.2744007205777685e-05
41,13,token_13,0.00047015871646402204,0.00810769652367451,0.00042492005547891304,0.00046557353900737806
41,14,token_14,0.0002516410396648551,0.016770101209325258,0.00024063301971449796,0.00025348254409031563
41,15,token_15,0.0020337918885444087,0.024834898845965556,0.001794000880696138,0.0020209877342725383
41,16,token_16,0.0001846494778895918,0.015616863295445196,0.0001570033535221219,0.00016651579224951943
41,17,token_17,0.00045420386980427144,0.014687941621122365,0.00042410457495392596,0.00046546332398840495
41,18,token_18,3.2610958528142724e-05,0.003512041480337279,3.276745305805915e-05,3.2968278128552456e-05
41,19,token_19,1.0229173587825591e-05,0.003938681123649356,1.612914223510295e-05,9.531164970863632e-06
41,20,token_20,0.0012929396384309094,0.018437603876911436,0.0012475034545867663,0.0013872621523312154
41,21,token_21,9.849090097623085e-05,0.0033354077915238,0.00010134427186594654,0.00010651618970854906
41,22,token_22,0.0002328504714872647,0.004709881638537321,0.000229547195178038,0.00024700846554676824
41,23,token_23,0.00011711508306727018,15.496301304506055,0.10104722372324838,0.00012641281457748064
41,24,token_24,0.0001839949690312769,0.031452594631135,0.00028727671306149276,0.00017257330304811417
41,25,token_25,0.00010777146795783505,0.026949953754342337,0.00012191325738904833,0.00011278074190368749
41,26,token_26,9.241837787589921e-05,0.066731580869903,0.00011173274012720236,9.481083984262795e-05
41,27,token_27,0.00010982711839843963,0.01867369936093975,0.00010717415806175009,0.00010956372429289033
41,28,token_28,0.0005214346021796844,0.08511406953706485,0.0007925508531864712,0.0005404009239965524
41,29,token_29,1.987865653193265e-05,0.012408937736732151,2.0979031976328608e-05,1.9369846675839137e-05
41,30,token_30,0.00019755750084506245,0.017169710637121784,0.0002090661154887931,0.00020054949948765654
41,31,token_31,0.0001445502718367854,0.004968942958085681,0.0001498036379950247,0.00016446570046713528
41,32,token_32,1.2239843220204524e-05,0.010264929749503375,7.018305793651586e-05,1.4594441927982145e-05
41,33,token_33,0.0003043051045771453,0.009898018409770922,0.00030838493220511717,0.00034206230443064505
41,34,token_34,0.0008705080205513045,0.019934490013414997,0.0008118634420570937,0.0009066216039577025
41,35,token_35,0.0003027198063361937,0.015183899752304922,0.0002964481333903233,0.0003091423311711207
41,36,token_36,0.0068032130808351535,0.06538869410796577,0.005557427113515393,0.006152004591254693
41,37,token_37,0.0005660407640927712,0.010795535611598997,0.0005226617872626474,0.0005493384437308712
41,38,token_38,0.00045746216196110913,0.029007703185096465,0.0005622250847986607,0.0005263362248379002
41,39,token_39,0.00016450009070808263,0.010129130196057838,0.00018518169846747055,0.00018567266581925152
41,40,token_40,4.29831284010196e-05,0.006133982841514949,6.353345554034109e-05,4.80560189455284e-05
41,41,token_41,0.0023812573578826626,0.04998622578263288,0.002232338918796028,0.0024027901332204114
41,42,token_42,3.696951170090516e-05,0.011800717301312812,6.304727625753504e-05,3.692848943924349e-05
41,43,token_43,0.00028337493363410387,0.013883146552584054,0.0002666886737021473,0.00028692819552302864
41,44,token_44,5.020864266658266e-05,0.008353496515187497,6.225333649112645e-05,5.023179858652063e-05
41,45,token_45,0.00011615461041779681,0.06537010271007472,0.00047791137236426683,0.00013027848454462844
41,46,token_46,0.00100513197064519,0.019604740501264057,0.0008341360523668343,0.0009186015602294299
41,47,token_47,0.9322052513428876,9.351865147696737,0.8340093638461118,0.9351379943637415
41,48,token_48,6.119004471352965e-05,0.006276270017781446,5.934314122188454e-05,6.253466527188033e-05
41,49,token_49,5.0386127519327754e-05,0.01166509951393631,5.679772539023069e-05,5.3400041613640936e-05
41,50,token_50,0.00011666287795017841,0.021001940854380254,0.00013595715271022245,0.00012998720157504775
41,51,token_51,0.0007133182957710728,0.011411930005955093,0.0006613834708380018,0.0007140386964384779
41,52,token_52,6.735460549743304e-05,0.007030089860277366,7.273675365549006e-05,6.854083017535132e-05
41,53,token_53,0.006678006875058084,0.08411034692698456,0.006591074157419595,0.007341161417702993
41,54,token_54,0.00040141182806722314,0.035118844021534576,0.00035839613356578785,0.00035568868071903317
41,55,token_55,0.0004940276900645577,0.018815572734248553,0.0004587536784316684,0.0004984228245156996
41,56,token_56,0.0010571728857752727,0.030953206715318808,0.0009643934232688662,0.0010694867960917367
41,57,token_57,0.0012525885886473542,0.022443242854995944,0.0010552805005204279,0.0011409565311165967
41,58,token_58,7.204499927945063e-05,0.010398169158649906,6.65282528599039e-05,6.924643450219778e-05
41,59,token_59,0.00037074072874020337,0.021957220972233762,0.00039820586053578055,0.00040317687046774605
41,60,token_60,3.853370141307853e-05,0.007214095322227905,5.532418113380139e-05,4.0705877984419526e-05
41,61,token_61,0.00012254547065995128,0.02230098394362019,0.0001299211327506122,0.00011366114228575723
41,62,token_62,0.0005074396889950378,0.013525382799454302,0.0004851682849081676,0.000523879504388446
41,63,token_63,0.0014958071706559829,0.04582682732649027,0.001304486186203172,0.0013563863819284934
41,64,token_64,3.951466844981553e-05,0.005155696591821521,6.080156792602713e-05,3.996894225932209e-05
41,65,token_65,0.0002408546404622742,0.009880400029999532,0.00024290147821012011,0.00026194019786029857
41,66,token_66,6.552273607829107e-05,0.015435770097120305,6.945829371642267e-05,6.527537455609034e-05
41,67,token_67,7.185125555494301e-05,0.032068281186785084,8.236355965407112e-05,7.040138735208811e-05
41,68,token_68,0.0004014539181603784,0.032433113465333424,0.0003921844183243201,0.0003734013564251831
41,69,token_69,6.0842778596160104e-05,0.004909736434343738,6.451685519467273e-05,6.372154152108102e-05
41,70,token_70,0.0010775550288288434,0.018382092713621425,0.0011010061406928112,0.0012047894828229983
41,71,token_71,3.8411064145554627e-05,0.016006209139870956,0.00013322130638594303,3.8690734001087534e-05
41,72,token_72,0.000312636594524855,0.014930579060224375,0.00027035940057614,0.00029272467563272166
41,73,token_73,0.0010098441498718874,0.016047632662197685,0.001010168821344888,0.0010968674751115125
41,74,token_74,5.1323079774161306e-05,0.05402711474545523,0.00039650916151430667,5.233343686034107e-05
41,75,token_75,0.0015545432207672535,0.07426702811394306,0.0017980422747926783,0.0016521411552870055
41,76,token_76,8.632313547399341e-06,0.005556752467618164,2.3295003934494254e-05,9.695921782447414e-06
41,77,token_77,3.8316300929241084e-05,0.023263365899423346,0.00011919604401338911,3.5582293625273895e-05
41,78,token_78,0.00030948149920427884,0.0058299985469361685,0.00032343424415847273,0.0003553234826000831
41,79,token_79,0.0002917023353030193,0.00363157533680543,0.0002494931515717232,0.00026957629382750063
41,80,token_80,0.00010494359048585718,0.0019277318650632702,8.957844876513111e-05,8.973882308596957e-05
41,81,token_81,2.993718810841616e-05,0.005380502476071305,6.653415634785851e-05,3.2867010505544475e-05
41,82,token_82,4.456757283645026e-05,0.009628361678142808,0.00011308592298691902,4.756267729204918e-05
41,83,token_83,6.146380312306201e-05,0.0013521956472096165,6.0840981395555195e-05,6.072359975581893e-05
41,84,token_84,0.009153098058084709,0.07779375852611853,0.006973429526630007,0.007748720715411405
41,85,token_85,0.00022295703203955655,0.005628653723373202,0.00026127662035948726,0.00026435615801471393
41,86,token_86,0.00024966603602394154,0.003398665717480828,0.00022042391846173294,0.00023385295306060632
41,87,token_87,0.004465600610820092,0.04711165366553725,0.004157865504736837,0.004600282442628939
41,88,token_88,8.799345927914564e-05,0.0029883432317053846,0.00010545573128736036,8.616073611960573e-05
41,89,token_89,0.00194705620049425,0.020617576054153926,0.0016990826393661854,0.0018317003934542743
41,90,token_90,1.058677238661725e-05,0.0002254121465265471,1.158301203629814e-05,1.0492887076188872e-05
41,91,token_91,0.001414797476605869,0.014688306077928245,0.0013107176183000462,0.0014589110494968823
41,92,token_92,1.4086385375826547e-05,0.00074327262554873,2.945436239969306e-05,1.4758307989585443e-05
41,93,token_93,1.2508762100968749e-05,0.00043190376004645256,2.224817198978699e-05,1.316201712144635e-05
41,94,token_94,6.688367659364678e-05,0.0009905114941123547,7.82218686930274e-05,6.845208467510729e-05
41,95,token_95,0.0002092518468253561,0.00253579972009432,0.00022514706481754972,0.00022914437294792946
41,96,token_96,1.2537871372341992e-05,0.00013864459623330247,1.3648370577910664e-05,1.3706111295652226e-05
41,97,token_97,0.0002893091155856085,0.0027757097742889553,0.0003106976104624396,0.0003048590290883146
41,98,token_98,4.375794047359072e-05,0.00036376243763245426,4.360313157708829e-05,4.547030470405678e-05
41,99,token_99,0.0009775402841728396,0.006973034044770648,0.0009831383282423141,0.0009961477206815211
41,100,token_100,3.644734101254401e-05,0.0002505847871137056,4.455668093629884e-05,4.1764131185617594e-05
41,101,token_101,0.0008359084922816988,0.004845467700965576,0.0009446796947353341,0.0009690935401931153
41,102,token_102,0.0007592336645919216,0.0032877652997587567,0.0007848301682379758,0.0008219413249396892
41,103,token_103,0.001927872296846196,0.005451045860186965,0.001864676693801414,0.0018170152867289884
41,104,token_104,4.8036643554295214e-05,9.851689616516274e-05,4.9991530799553064e-05,4.925844808258137e-05
41,105,token_105,0.00034143709708284295,0.00034143709708284295,0.00034143709708284295,0.00034143709708284295
42,0,token_0,0.00022750623400786917,0.0073308172551576145,0.00025475230635646186,0.00028547150442345014
42,1,token_1,0.0004962125300150651,0.017149157108518377,0.00043136245384054335,0.0004547904375321846
42,2,token_2,0.00030264947243789615,0.0075195213017825,0.00031993940214721184,0.0003547706529882936
42,3,token_3,0.0016613657054882047,0.026066875655216686,0.0015722435617393465,0.001727152593396764
42,4,token_4,0.000207960253893351,0.0072533028395806685,0.00018057358743290894,0.00018746591181896015
42,5,token_5,5.704753269103582e-05,15.30590766248891,0.002377743899059455,5.522706698223183e-05
42,6,token_6,5.6465985614599304e-05,0.014153450207410153,9.109121775192509e-05,6.21232498373199e-05
42,7,token_7,0.0006952329648141217,0.014799201857086323,0.0006768662201052036,0.0007390567136048526
42,8,token_8,0.00032303874448051347,0.023223858947594347,0.0004147462537047382,0.00037304359865361544
42,9,token_9,0.0004006958430132576,0.03143180134438759,0.00037314100436939364,0.0003834110601594746
42,10,token_10,0.00042350789499388797,0.018344962865807238,0.000494868634408493,0.0004912810696781687
42,11,token_11,0.000575484590671532,0.021993976581865533,0.0005738630321348217,0.0005843849910687925
42,12,token_12,5.0838124599351416e-05,0.017138358675612548,6.239548530488562e-05,4.455210766355216e-05
42,13,token_13,0.0004470695814167111,0.00855476610509122,0.0004293499606664727,0.00046987496179323187
42,14,token_14,0.00025669415756724676,0.017026795366892503,0.00024384524728504774,0.0002572704091386673
42,15,token_15,0.0022820761896315826,0.027116975035597138,0.001891615942483227,0.0020643712956078556
42,16,token_16,0.00016445226601568126,0.01578131556146088,0.00015849313602083379,0.00017011380313568825
42,17,token_17,0.00043160284832473886,0.015119544469447103,0.00042560422962808857,0.00045973251766378794
42,18,token_18,3.552531623136091e-05,0.00354756679656864,3.33190256927195e-05,3.397445206014361e-05
42,19,token_19,9.42249020277307e-06,0.0039481036138521285,1.4787811828636973e-05,9.555764017615965e-06
42,20,token_20,0.0015709265431106537,0.02000853042002209,0.0013121880722915438,0.0014285473737180555
42,21,token_21,9.023844675410605e-05,0.003425646238277906,9.912310684357845e-05,0.00010591042012878274
42,22,token_22,0.000246632530308953,0.004956514168846274,0.000232964262204221,0.0002510260819355141
42,23,token_23,0.00012011537442402027,15.496421419880479,0.08086180205348352,0.00012907658003251114
42,24,token_24,0.00018481483145372526,0.03163740946258872,0.00026678433673993926,0.00017840701286704
42,25,token_25,0.00011448369625258557,0.027064437450594923,0.00012042734516175579,0.00011481776425988424
42,26,token_26,9.743515976873836e-05,0.06682901602967173,0.00010887322405550956,9.58665996297772e-05
42,27,token_27,0.0001090695974103734,0.018782768958350123,0.00010755324593147476,0.00011181473654292117
42,28,token_28,0.0005537965769356012,0.08566786611400046,0.0007447999979362973,0.0005483810543076145
42,29,token_29,2.1535394798559238e-05,0.01243047313153071,2.1090304540774736e-05,2.0350806963906728e-05
42,30,token_30,0.00021749003747824252,0.017387200674600027,0.00021075089988668302,0.00020606142608998535
42,31,token_31,0.0001737553104363258,0.005142698268522007,0.00015459397248328494,0.0001694135434391177
42,32,token_32,1.4671867402395452e-05,0.01027960161690577,5.908081982969178e-05,1.4847807182736055e-05
42,33,token_33,0.0003313723607564287,0.01022939077052735,0.0003129824179153795,0.0003468567045508784
42,34,token_34,0.000960217249547351,0.02089470726296235,0.0008415342035551452,0.0009178371276246349
42,35,token_35,0.00033677055505168996,0.015520670307356613,0.00030451261772259665,0.000319310849222228
42,36,token_36,0.006572530737746691,0.07196122484571246,0.005760447838361653,0.006217612787478884
42,37,token_37,0.0005667301656980914,0.01136226577729709,0.0005314754629497363,0.0005525213676161611
42,38,token_38,0.0005251427244717634,0.02953284590956823,0.0005548086127332813,0.0005292749853437014
42,39,token_39,0.00019795693342826418,0.010327087129486103,0.00018773674545962928,0.00019465680955964399
42,40,token_40,5.604154587686348e-05,0.006190024387391813,6.203507360764557e-05,5.0060964793071774e-05
42,41,token_41,0.0019989194986969215,0.051985145281329796,0.002185655034776207,0.002379792421674417
42,42,token_42,3.884420655071439e-05,0.011839561507863526,5.820666231617092e-05,3.771970569919426e-05
42,43,token_43,0.0002877006480930626,0.014170847200677116,0.00027089106858033037,0.0002941770894867794
42,44,token_44,5.363542976709732e-05,0.008407131944954594,6.052975514632063e-05,5.2255687690052134e-05
42,45,token_45,0.0001431959998431915,0.06551329870991791,0.0004109682978600518,0.00013304331705187646
42,46,token_46,0.0009490128870883869,0.020553753388352445,0.0008571114193111448,0.0009343227194403312
42,47,token_47,0.9322126737340662,10.284077821430802,0.8536500258237028,0.9337735526289309
42,48,token_48,6.534498224343977e-05,0.006341615000024886,6.054350942619559e-05,6.342478596214909e-05
42,49,token_49,5.290828847740752e-05,0.011718007802413718,5.601983800766606e-05,5.444669300364378e-05
42,50,token_50,0.000118856948042448,0.0211207978024227,0.00013253711177666757,0.00012910510094650915
42,51,token_51,0.0006398745254528441,0.012051804531407938,0.0006570816817609703,0.0007114296229799731
42,52,token_52,8.59933139911882e-05,0.007116083174268554,7.53880657226297e-05,7.280512349889379e-05
42,53,token_53,0.007620840641640086,0.09173118756862465,0.006797027454263693,0.007472510645248964
42,54,token_54,0.0004117045977517987,0.035530548619286374,0.00036905782640299,0.0003696834693210196
42,55,token_55,0.0006011884652612466,0.0194167611995098,0.00048724063579758407,0.0005206507416839723
42,56,token_56,0.0010510688583253783,0.032004275573644186,0.0009817285102801687,0.0010933397364753972
42,57,token_57,0.0013522953156843607,0.023795538170680305,0.0011146834635532145,0.0011864462081023566
42,58,token_58,7.002774819349239e-05,0.010468196906843398,6.722815192662161e-05,7.088832249000833e-05
42,59,token_59,0.0004586426886007667,0.022415863660834527,0.0004102932261487778,0.00041955243223400137
42,60,token_60,4.2246915245904417e-05,0.0072563422374738095,5.2708727956222e-05,4.1621047802857837e-05
42,61,token_61,0.00012945823441049706,0.022430442178030686,0.00012982855308258919,0.00011663876018731631
42,62,token_62,0.0005191436098751166,0.01404452640932942,0.0004919633499015574,0.000533456563336153
42,63,token_63,0.0012561533312497955,0.04708298065774007,0.0012948196152124966,0.0013787316487882681
42,64,token_64,3.989758126253845e-05,0.00519559417308406,5.66207705933294e-05,4.0511350887299053e-05
42,65,token_65,0.00023599267279694454,0.010116392702796476,0.00024151971712748502,0.00026666650026590816
42,66,token_66,6.757882777132168e-05,0.015503348924891627,6.908240052740248e-05,6.77851925634914e-05
42,67,token_67,7.003404505170592e-05,0.03213831523183679,7.989765673359808e-05,7.069668826130356e-05
42,68,token_68,0.0003290536700373027,0.03276216713537072,0.0003795582686669166,0.0003776193624767494
42,69,token_69,7.052055577587695e-05,0.0049802569901196145,6.571759531091358e-05,6.475810369215127e-05
42,70,token_70,0.001409007969791237,0.019791100683412662,0.0011626065065124965,0.0012412636581073317
42,71,token_71,3.6444142166687506e-05,0.016042653282037644,0.00011386587354209193,3.9211837604263876e-05
42,72,token_72,0.00031767269432955725,0.015248251754553932,0.00027982205932682345,0.00029612926774497453
42,73,token_73,0.0007090852772556121,0.016756717939453297,0.0009499521125270329,0.0010658484297972612
42,74,token_74,4.9986912280724656e-05,0.05407710165773596,0.00032720471166759025,5.358047513466528e-05
42,75,token_75,0.0015509446257541163,0.07581797273969718,0.0017486227449849659,0.0016544810464778018
42,76,token_76,8.737038277556276e-06,0.00556548950589572,2.0383410803106658e-05,9.755244037784876e-06
42,77,token_77,3.517150899382151e-05,0.023298537408417166,0.0001023911370094756,3.587895482615353e-05
42,78,token_78,0.0003490718848143584,0.006179070431750527,0.0003285617722896499,0.0003581618750428539
42,79,token_79,0.000266258942815401,0.003897834279620831,0.00025284630982045877,0.0002719613882760253
42,80,token_80,0.00012278576917116864,0.002050517634234439,9.621991284633862e-05,9.540685135664697e-05
42,81,token_81,3.7134065703468843e-05,0.005417636541774774,6.065413821898058e-05,3.401305252042737e-05
42,82,token_82,5.2608689617204204e-05,0.009680970367760012,0.00010099047631297606,4.924672887369785e-05
42,83,token_83,6.417648315476231e-05,0.0014163721303643787,6.150808174739662e-05,6.241315480496355e-05
42,84,token_84,0.007839686606910992,0.08563344513302952,0.007146680942686204,0.007741372251348377
42,85,token_85,0.000248475082873076,0.005877128806246278,0.00025871631286220504,0.0002660848021323359
42,86,token_86,0.00027145989902416305,0.0036701256165049914,0.00023063111457421898,0.00023937345155459523
42,87,token_87,0.004773806088230302,0.05188545975376755,0.00428105362143553,0.00467427109310389
42,88,token_88,9.223552639743022e-05,0.003080578758102815,0.00010281169030937435,8.758912828770506e-05
42,89,token_89,0.001612723738815724,0.02223029979296965,0.001681810859256093,0.0018411295036973425
42,90,token_90,1.1432198724499579e-05,0.0002368443452510467,1.1552849373938429e-05,1.0723740567435982e-05
42,91,token_91,0.0013894117609820086,0.016077717838910256,0.0013264564468364387,0.0014580785832948124
42,92,token_92,1.4751265731728929e-05,0.000758023891280459,2.6513743066100233e-05,1.509037344287563e-05
42,93,token_93,1.428942090023915e-05,0.0004461931809466917,2.065642177187742e-05,1.3425647597311943e-05
42,94,token_94,6.75348385609882e-05,0.0010580463326733429,7.608446266661956e-05,6.901696216027587e-05
42,95,token_95,0.00023757750076352764,0.0027733772208578477,0.0002276331520067453,0.00023266708986102372
42,96,token_96,1.4267350735473126e-05,0.0001529119469687756,1.3772166609423157e-05,1.381976221818145e-05
42,97,token_97,0.0003075285748082348,0.0030832383490971903,0.00031006380333159863,0.0003159312089016654
42,98,token_98,3.878944597009153e-05,0.0004025518836025458,4.2640394455688936e-05,4.548932803110062e-05
42,99,token_99,0.0008348518014712857,0.007807885846241933,0.0009534810228881085,0.0009759857307802416
42,100,token_100,4.586856156919991e-05,0.0002964533486829055,4.481905706287905e-05,4.235047838327221e-05
42,101,token_101,0.000859172971646624,0.005704640672612201,0.0009275783501175921,0.0009507734454353668
42,102,token_102,0.0008246437326059234,0.00411240903236468,0.0007927928811115653,0.0008224818064729361
42,103,token_103,0.0019362481443274996,0.007387294004514464,0.0018789909839066312,0.001846823501128616
42,104,token_104,5.3506731850815903e-05,0.00015202362801597865,5.0694571009805634e-05,5.067454267199288e-05
42,105,token_105,0.00033730852654842143,0.0006787456236312644,0.00034061138297595867,0.0003393728118156322
42,106,token_106,2.595963995685056e-05,2.595963995685056e-05,2.595963995685056e-05,2.595963995685056e-05
43,0,token_0,0.0002856458698810224,0.007616463125038637,0.00026093101906137395,0.0002863812704928468
43,1,token_1,0.00039868694994671464,0.01754784405846509,0.00042482735306177764,0.0004406819299834164
43,2,token_2,0.0003089256859464099,0.00782844698772891,0.0003177366589070515,0.00035171752218071927
43,3,token_3,0.0017380674054568602,0.027804943060673548,0.0016054083304828494,0.0016960930673749236
43,4,token_4,0.00017608199797568505,0.007429384837556354,0.00017967526954146417,0.00018550640490121664
43,5,token_5,5.718044340349475e-05,15.305964842932314,0.0019136312079282628,5.61761204429798e-05
43,6,token_6,5.550685104766711e-05,0.01420895705845782,8.39743444110735e-05,5.8971121311860935e-05
43,7,token_7,0.000717230477503323,0.015516432334589646,0.0006849390715848276,0.0007387443134410172
43,8,token_8,0.0004029182192727863,0.023626777166867133,0.00041238064681834786,0.0003686287435806133
43,9,token_9,0.00036056151734548,0.03179236286173307,0.00037062510696461097,0.00037372825922459425
43,10,token_10,0.00044188829787656915,0.018786851163683806,0.0004842725671021082,0.00047816254090874967
43,11,token_11,0.0005780054903708514,0.022571982072236384,0.0005746915237820276,0.0005701710041855337
43,12,token_12,4.1800243914214835e-05,0.01718015891952676,5.827643702675147e-05,4.3842954713303034e-05
43,13,token_13,0.000401527927561749,0.008956294032652969,0.00042378555404552797,0.0004552190695829296
43,14,token_14,0.0002741081444881523,0.017300903511380656,0.0002498978267256687,0.0002584203437676654
43,15,token_15,0.0016931868034578393,0.028810161839054976,0.0018519301146781497,0.001986138149787025
43,16,token_16,0.00017419208962508035,0.01595550765108596,0.0001616329267416831,0.00017049047911745852
43,17,token_17,0.0003872864002418656,0.01550683086968897,0.000417940663750844,0.0004509272444287206
43,18,token_18,3.506822538465789e-05,0.003582635021953298,3.3668865631107176e-05,3.4865128185025913e-05
43,19,token_19,9.61695328562789e-06,0.0039577205671377565,1.3753640120035156e-05,9.602705534434106e-06
43,20,token_20,0.0012640077147918769,0.021272538134813966,0.0013025520007916105,0.0014229141805634196
43,21,token_21,0.00010903441995466989,0.003534680658232576,0.00010110536946579674,0.0001076741455577508
43,22,token_22,0.00025004521128558333,0.005206559380131858,0.0002363804520204935,0.0002513308330347001
43,23,token_23,0.00012272556902911475,15.496544145449509,0.06471398675659265,0.00012476019153784176
43,24,token_24,0.00014761239618160652,0.03178502185877033,0.00024294994862827273,0.00017008726705083923
43,25,token_25,0.00011006403384014224,0.027174501484435065,0.00011835468289743309,0.00011519071880924093
43,26,token_26,9.088581526125702e-05,0.06691990184493299,0.00010527574229665906,9.525494948273245e-05
43,27,token_27,0.00010904345220942043,0.018891812410559542,0.0001078512871870639,0.00011243258045837146
43,28,token_28,0.0005763771990259451,0.08624424331302641,0.0007111154381542269,0.0005479796322226737
43,29,token_29,2.184857475610229e-05,0.012452321706286813,2.1241958583840247e-05,2.055764060705517e-05
43,30,token_30,0.00020901096160694756,0.017596211636206973,0.00021040291223073593,0.00020619656924296447
43,31,token_31,0.00017495886727171065,0.005317657135793717,0.0001586669514409701,0.00017341035459553136
43,32,token_32,1.1130537857811617e-05,0.010290732154763583,4.9490763435315754e-05,1.4033210113764008e-05
43,33,token_33,0.00032803601654717165,0.010557426787074522,0.00031599313764173794,0.00033579216611946634
43,34,token_34,0.0009929962260280616,0.02188770348899041,0.0008718266080497285,0.0009297377555330633
43,35,token_35,0.00032140051695309297,0.015842070824309707,0.00030789019756869595,0.00031291835283155935
43,36,token_36,0.007954706284945368,0.07991593113065783,0.006199299527678396,0.006433805035355417
43,37,token_37,0.0005068295011035857,0.011869095278400675,0.0005265462705805062,0.0005361364517980204
43,38,token_38,0.00039307870105952173,0.02992592461062775,0.0005224626303985294,0.0005044194186255572
43,39,token_39,0.00018218831048916976,0.010509275439975273,0.00018662705846553737,0.0001942716202359662
43,40,token_40,4.929036039403469e-05,0.006239314747785847,5.94861309649234e-05,4.952125519805801e-05
43,41,token_41,0.0024189509121070136,0.05440409619343681,0.0022323142102423682,0.0023980231822669736
43,42,token_42,3.5608095750890766e-05,0.011875169603614417,5.368694900311489e-05,3.7008124138615276e-05
43,43,token_43,0.00037227902282284425,0.01454312622349996,0.00029116865942883317,0.00030767976603312386
43,44,token_44,5.833891654735739e-05,0.00846547086150195,6.009158742652799e-05,5.3621135442698093e-05
43,45,token_45,0.00012638934197314075,0.06563968805189105,0.0003540525066826696,0.00013121133817058572
43,46,token_46,0.00084714012909475,0.021400893517447193,0.0008551171612678659,0.0009311260301767685
43,47,token_47,0.9311527588420792,11.215230580272882,0.8691505724273781,0.9334978540487451
43,48,token_48,6.0245836068986954e-05,0.006401860836093873,6.0483974754753866e-05,6.380684451639042e-05
43,49,token_49,5.597181152766008e-05,0.011773979613941377,5.601023271166487e-05,5.518187325490414e-05
43,50,token_50,0.00011023369422807253,0.021231031496650773,0.00012807642826694857,0.0001240651417261155
43,51,token_51,0.0006828394582993679,0.012734643989707306,0.0006622332370686499,0.0007088143280679486
43,52,token_52,6.610011850621242e-05,0.007182183292774766,7.353047627934624e-05,7.29584144975056e-05
43,53,token_53,0.007956149377394839,0.09968733694601949,0.007028851838889923,0.007496623668943606
43,54,token_54,0.00038733052350631763,0.035917879142792694,0.0003727123658236556,0.00036599066578864287
43,55,token_55,0.0006584299597990259,0.020075191159308826,0.0005214785005978725,0.000544362385310971
43,56,token_56,0.0013735493219921666,0.03337782489563635,0.0010600926726225684,0.0011150257916172804
43,57,token_57,0.0012407364570167336,0.025036274627697037,0.0011398940622459183,0.0012225936184487116
43,58,token_58,8.82062895691671e-05,0.010556403196412566,7.142377945513071e-05,7.279770016851589e-05
43,59,token_59,0.00036315868233236523,0.022779022343166894,0.0004008663173854953,0.0004033052217149518
43,60,token_60,3.653959932167604e-05,0.0072928818367954855,4.947490222931281e-05,4.078645170285501e-05
43,61,token_61,0.00011923765616123466,0.02254967983419192,0.00012771037369831828,0.00011799163363168422
43,62,token_62,0.0005163427466706824,0.014560869156000102,0.0004968392292553824,0.0005300470056368368
43,63,token_63,0.0012044071601042877,0.048287387817844356,0.0012767371241908549,0.0013291033590481323
43,64,token_64,4.849385801499632e-05,0.005244088031099056,5.499538807766278e-05,4.168988076327284e-05
43,65,token_65,0.0002461009741229209,0.010362493676919396,0.00024243596852657222,0.0002675627331589326
43,66,token_66,7.225231326943123e-05,0.015575601238161058,6.971638307580822e-05,6.845908099563682e-05
43,67,token_67,7.000415746084379e-05,0.032208319389297635,7.791895687904723e-05,6.952047862778355e-05
43,68,token_68,0.0003925223048694461,0.03315468944024017,0.00038215107590742255,0.0003745678824051281
43,69,token_69,6.608637168577241e-05,0.005046343361805387,6.579135058588535e-05,6.44287687291668e-05
43,70,token_70,0.0013048464198382687,0.021095947103250932,0.001191054489177651,0.0012506886971661263
43,71,token_71,3.4746975566401766e-05,0.016077400257604044,9.80420939469539e-05,3.9014714624844526e-05
43,72,token_72,0.00025505324130127463,0.015503304995855206,0.00027486829572171366,0.0002975054078091432
43,73,token_73,0.0010374801787246322,0.01779419811817793,0.0009674577257665529,0.0010364476827820258
43,74,token_74,5.606413336533005e-05,0.054133165791101286,0.00027297659600713825,5.4022341772220326e-05
43,75,token_75,0.0018057229570947293,0.07762369569679191,0.0017600427874069186,0.0016056420431886506
43,76,token_76,8.702001706281572e-06,0.005574191507602001,1.804712898374164e-05,9.66279415863511e-06
43,77,token_77,3.388455767314178e-05,0.023332421966090307,8.868982114220884e-05,3.570448039248299e-05
43,78,token_78,0.00037863923173507834,0.006557709663485605,0.0003385772641787356,0.0003604712741411617
43,79,token_79,0.00022031016578276334,0.004118144445403594,0.0002463390810129197,0.000265306851620411
43,80,token_80,8.056411551083401e-05,0.0021310817497452728,9.30887533792377e-05,9.398613830604441e-05
43,81,token_81,3.4712683108582736e-05,0.005452349224883357,5.546584719690101e-05,3.380297396188108e-05
43,82,token_82,4.950445232620799e-05,0.00973047482008622,9.069327151562247e-05,4.903750282787502e-05
43,83,token_83,5.9520835860699136e-05,0.001475892966225078,6.111063257005713e-05,6.111245534864177e-05
43,84,token_84,0.0068596811431964515,0.09249312627622597,0.007089280982788254,0.007533991590989862
43,85,token_85,0.0002453111168446222,0.0061224399230909,0.0002560352736586885,0.00025484272587894893
43,86,token_86,0.00021055475151921616,0.0038806803680242075,0.0002266158419632184,0.00023924623545068117
43,87,token_87,0.004566053519443547,0.056451513273211094,0.004338053601037134,0.004656158824299826
43,88,token_88,0.00010064930695321178,0.003181228065056027,0.00010237921363814184,8.982832111831908e-05
43,89,token_89,0.0020982285995319815,0.02432852839250163,0.001765094407311271,0.0018654640951343466
43,90,token_90,1.0624461787576203e-05,0.00024746880703862287,1.1367171856665984e-05,1.0840085698186355e-05
43,91,token_91,0.0013183362336744576,0.017396054072584714,0.0013248324042040426,0.0014799452391044401
43,92,token_92,1.4428864109421607e-05,0.0007724527553898806,2.4096767274764507e-05,1.4706757098613556e-05
43,93,token_93,1.1285079760260784e-05,0.0004574782607069525,1.8782153369554094e-05,1.33091596106848e-05
43,94,token_94,5.35249413840241e-05,0.0011115712740573669,7.157255841010047e-05,6.631564895598113e-05
43,95,token_95,0.0001991703698907293,0.002972547590748577,0.00022194059558354213,0.00022657649885098247
43,96,token_96,1.4467481983646461e-05,0.00016737942895242206,1.3911229684267817e-05,1.3904570546375733e-05
43,97,token_97,0.000274153496375377,0.0033573918454725673,0.00030288174194035433,0.0003072441137693172
43,98,token_98,4.232622024849672e-05,0.0004448781038510425,4.25775596142505e-05,4.417518979835638e-05
43,99,token_99,0.000977916484717449,0.008785802330959382,0.0009583681152539766,0.000972958663261079
43,100,token_100,3.638338119101444e-05,0.0003328367298739199,4.313192188850613e-05,4.160459123423999e-05
43,101,token_101,0.0008357504656950347,0.006540391138307235,0.0009092127732330807,0.0009343415911867479
43,102,token_102,0.0008335797416888242,0.004945988774053505,0.0008009502532270172,0.0008243314623422507
43,103,token_103,0.0018783095524142757,0.00926560355692874,0.0018788546976081602,0.001853120711385748
43,104,token_104,4.272003704539048e-05,0.00019474366506136914,4.9099664216922605e-05,4.8685916265342284e-05
43,105,token_105,0.00039536373731073306,0.0010741093609419974,0.00035156185384291355,0.0003580364536473325
43,106,token_106,2.758055480535755e-05,5.354019476220811e-05,2.628382292655196e-05,2.6770097381104055e-05
43,107,token_107,0.0003046879119593395,0.0003046879119593395,0.0003046879119593395,0.0003046879119593395
44,0,token_0,0.0002563131912000865,0.007872776316238724,0.00026000745348911646,0.00026613089579017153
44,1,token_1,0.0003991185695834241,0.017946962628048513,0.00041968559636610693,0.00042982754533766736
44,2,token_2,0.00033026898991525994,0.008158715977644171,0.00032024312510869316,0.00033803709035363404
44,3,token_3,0.0015813645748853206,0.02938630763555887,0.0016005995793633438,0.0016690173655114174
44,4,token_4,0.00017251440327592068,0.007601899240832275,0.00017824309628835548,0.00017810942744770275
44,5,token_5,5.478178554263243e-05,15.306019624717857,0.0015418613234511368,5.583274746068712e-05
44,6,token_6,5.9036477360908115e-05,0.014267993535818728,7.898677100104043e-05,5.662497261128302e-05
44,7,token_7,0.0007014560130393086,0.016217888347628953,0.0006882424598757238,0.0007100526256333887
44,8,token_8,0.0003265969092185761,0.02395337407608571,0.0003952238992983935,0.00034589672934522115
44,9,token_9,0.0003605665883473643,0.032152929450080435,0.00036861340324116166,0.00035913943638902444
44,10,token_10,0.00046841997691395905,0.019255271140597767,0.0004811020490644784,0.00046104059452668577
44,11,token_11,0.0005297174012418373,0.023101699473478222,0.0005656966992739896,0.0005522710270045521
44,12,token_12,4.5311401791538714e-05,0.0172254703213183,5.5683429979708924e-05,4.336489366123489e-05
44,13,token_13,0.0004477029481808867,0.009403996980833856,0.0004285690328725997,0.00044290739952764516
44,14,token_14,0.00025353367750953406,0.01755443718889019,0.00025062499688244174,0.0002565404829211913
44,15,token_15,0.001846764298330657,0.03065692613738563,0.0018508969514086512,0.0019666772467318645
44,16,token_16,0.00016762678916066546,0.016123134440246625,0.0001628316992254796,0.0001680394707639622
44,17,token_17,0.00038653454223567494,0.015893365411924643,0.0004116594394478102,0.00041920158985385187
44,18,token_18,3.3511656470726905e-05,0.0036161466784240246,3.363742379903112e-05,3.289588577585057e-05
44,19,token_19,1.0175781186813597e-05,0.00396789634832457,1.3038068333390846e-05,9.496080483660357e-06
44,20,token_20,0.0013456397302139256,0.022618177865027893,0.0013111695466760736,0.0013698127980892613
44,21,token_21,0.00011198992971936672,0.003646670587951943,0.00010328228151651075,0.00010782722784510577
44,22,token_22,0.00020142905896494188,0.0054079884390968,0.0002293901734093832,0.00023798213176723541
44,23,token_23,0.0001352307856972432,15.496679376235205,0.05179823556241357,0.00012020800576073224
44,24,token_24,0.00014718212731744393,0.03193220398608777,0.00022379638436610699,0.00016240836021772675
44,25,token_25,0.00010802694920837732,0.02728252843364344,0.00011628913615962195,0.00011220415929504387
44,26,token_26,8.787477384410419e-05,0.06700777661877709,0.0001017955486061481,9.445694797299035e-05
44,27,token_27,0.00010324988673478411,0.018995062297294325,0.00010693100709660795,0.00011076925079441778
44,28,token_28,0.0005587308207792847,0.0868029741338057,0.0006806385146792386,0.0005305834153274845
44,29,token_29,1.9392012107486807e-05,0.0124717137183943,2.087196928856956e-05,1.9931417486546736e-05
44,30,token_30,0.000227514248715488,0.01782372588492246,0.00021382517952768637,0.0002014046212604638
44,31,token_31,0.00013885426824121588,0.005456511404034933,0.00015470441480101927,0.0001601834112843715
44,32,token_32,1.1634361048704118e-05,0.010302366515812287,4.191948295799343e-05,1.3113519892023686e-05
44,33,token_33,0.0003657213851854406,0.010923148172259962,0.0003259387871504785,0.0003364507308563704
44,34,token_34,0.0008726676729672937,0.022760371161957702,0.0008719948210332416,0.0009162896472244013
44,35,token_35,0.0003471586787036598,0.016189229503013366,0.0003157438937956887,0.00031551717678595276
44,36,token_36,0.005993111206616398,0.08590904233727423,0.006158061863465997,0.0063188815238048816
44,37,token_37,0.00056573725585481,0.012434832534255485,0.000534384467635367,0.000535023210869901
44,38,token_38,0.0005885885703486738,0.03051451318097642,0.0005356878183885583,0.0005087483017114176
44,39,token_39,0.0001558306303454086,0.010665106070320682,0.00018046777284151162,0.0001807367284940051
44,40,token_40,5.106472183529453e-05,0.006290379469621142,5.780184913899763e-05,4.901537978056406e-05
44,41,token_41,0.0020403456424408417,0.05644444183587765,0.002193920496682063,0.002276312211444329
44,42,token_42,3.5813091507870255e-05,0.011910982695122287,5.011217750406597e-05,3.722093520864352e-05
44,43,token_43,0.00028647998259800607,0.014829606206097965,0.00029023092406266774,0.00029619720836013394
44,44,token_44,5.507166123948421e-05,0.008520542522741434,5.908760218911924e-05,5.1934612480959844e-05
44,45,token_45,0.00013181641308208363,0.06577150446497314,0.0003096052879625524,0.00012515510616816647
44,46,token_46,0.0008349502406810848,0.022235843758128277,0.0008510837771505096,0.0009011675064095558
44,47,token_47,0.929781204114848,12.14501178438773,0.8812766987648721,0.9335570431091507
44,48,token_48,5.6884276205104205e-05,0.006458745112298977,5.9764035044823935e-05,6.156888622711852e-05
44,49,token_49,5.960312001972668e-05,0.011833582733961104,5.672881017327724e-05,5.5073043264165816e-05
44,50,token_50,0.0001302432452548357,0.02136127474190561,0.000128509791664526,0.000120197964697606
44,51,token_51,0.0007446359138885704,0.013479279903595877,0.000678713772432634,0.0007064346470863452
44,52,token_52,6.773614607881228e-05,0.007249919438853578,7.237161023923946e-05,7.068274662925739e-05
44,53,token_53,0.007935200558459497,0.10762253750447898,0.007210121582803838,0.007348980518030141
44,54,token_54,0.000371387811603978,0.03628926695439667,0.00037244745497972006,0.0003697135908101041
44,55,token_55,0.00048192729434417354,0.020557118453653,0.0005135682593471328,0.0005231959536212526
44,56,token_56,0.00108131040367153,0.03445913529930788,0.0010643362188323608,0.0010773674927559902
44,57,token_57,0.0012431598065731863,0.026279434434270225,0.001160547211111372,0.0011763479731152309
44,58,token_58,6.710563840220785e-05,0.010623508834814773,7.056015124454615e-05,7.044809911355473e-05
44,59,token_59,0.000437752733617867,0.02321677507678476,0.0004082436006319697,0.0004058532733599301
44,60,token_60,4.041416635522348e-05,0.007333296003150709,4.7662755054494946e-05,3.959214128382413e-05
44,61,token_61,0.00013100559387568627,0.022680685428067605,0.00012836941773379187,0.0001171374706727445
44,62,token_62,0.000532637926412985,0.015093507082413088,0.0005039989686869029,0.0005236155484141582
44,63,token_63,0.0011616050047545728,0.04944899282259893,0.0012537107003035986,0.0013127336678941772
44,64,token_64,4.8086120100084574e-05,0.00529217415119914,5.361353448214714e-05,4.197067948000374e-05
44,65,token_65,0.00019311023733490805,0.010555603914254304,0.0002325708222882394,0.0002562925567936088
44,66,token_66,7.160764264094039e-05,0.015647208880802,7.009463498883466e-05,6.78156551530684e-05
44,67,token_67,8.184160069319849e-05,0.03229016098999083,7.870348564187748e-05,7.020194844073941e-05
44,68,token_68,0.00030818846683140235,0.03346287790707157,0.00036735855409221853,0.0003663449616601954
44,69,token_69,6.997657203238595e-05,0.005116319933837773,6.662839487518547e-05,6.495524478312684e-05
44,70,token_70,0.0012927411545614546,0.022388688257812386,0.0012113918222544117,0.0012493076654624651
44,71,token_71,3.204708063514407e-05,0.01610944733823919,8.484309128459195e-05,3.685155947015918e-05
44,72,token_72,0.0002969424565101415,0.015800247452365346,0.00027928312787939925,0.0002950830340858361
44,73,token_73,0.0009544390775246004,0.01874863719570253,0.0009648539961181625,0.0010215154008964313
44,74,token_74,5.204678261288394e-05,0.05418521257371417,0.00022879063332828742,5.245150163847009e-05
44,75,token_75,0.0016767832477376646,0.07930047894452957,0.001743390879473068,0.0015596508082192395
44,76,token_76,9.039470291269547e-06,0.0055832309778932705,1.6245597245247224e-05,9.102720160881137e-06
44,77,token_77,3.283281557540166e-05,0.02336525478166571,7.75184200288474e-05,3.4708613854300765e-05
44,78,token_78,0.0002909878957986273,0.006848697559284233,0.0003290593905027139,0.00032543135450786756
44,79,token_79,0.00022463095403129038,0.004342775399434885,0.00024199745561659386,0.0002525168164721391
44,80,token_80,8.582417959087567e-05,0.0022169059293361483,9.16358386215653e-05,9.327871371475419e-05
44,81,token_81,4.044319403683007e-05,0.005492792418920187,5.2461316564886824e-05,3.402700302076699e-05
44,82,token_82,4.6824726548268405e-05,0.009777299546634489,8.191956252215165e-05,4.660539673875603e-05
44,83,token_83,6.603762444827711e-05,0.001541930590673355,6.209603094570113e-05,6.093012361515704e-05
44,84,token_84,0.00832869419461035,0.10082182047083632,0.007337163625152673,0.007704554200239676
44,85,token_85,0.0003167267696182942,0.006439166692709194,0.00026817357285060964,0.000259550394350456
44,86,token_86,0.0002483780487248338,0.004129058416749041,0.0002309682833155415,0.00023739946727930597
44,87,token_87,0.004638540843296333,0.061090054116507427,0.004398151049488974,0.004755680739810715
44,88,token_88,7.618635319051734e-05,0.0032574144182465443,9.714064154861695e-05,8.505829818563735e-05
44,89,token_89,0.0017315036064485191,0.02606003199895015,0.0017583762471387206,0.0018320793609517408
44,90,token_90,1.0021926384107902e-05,0.0002574907334227308,1.1098122762154369e-05,1.0500782121545262e-05
44,91,token_91,0.001470962484549753,0.018867016557134467,0.0013540584202731847,0.0014545268796700532
44,92,token_92,1.2036210510056967e-05,0.0007844889658999376,2.1684655921823e-05,1.3872975270090566e-05
44,93,token_93,1.2868280143609664e-05,0.00047034654085056216,1.759937872436521e-05,1.25757667952452e-05
44,94,token_94,6.569412435996094e-05,0.0011772653984173278,7.039687160007256e-05,6.54745367141931e-05
44,95,token_95,0.00020947659629417254,0.0031820241870427497,0.00021944779572566822,0.00021899700717474882
44,96,token_96,1.3933192327088409e-05,0.00018131262127951046,1.3915622212831935e-05,1.37949961109139e-05
44,97,token_97,0.00030589221514808077,0.003663284060620648,0.00030348383658189963,0.0003019335769560808
44,98,token_98,4.374054234456417e-05,0.0004886186461956067,4.281015616031323e-05,4.1708157880016624e-05
44,99,token_99,0.0008489375471700003,0.009634739878129382,0.0009364820016371815,0.0008950674151615165
44,100,token_100,3.984298655668137e-05,0.00037267971643060126,4.247413482214118e-05,3.96883141798068e-05
44,101,token_101,0.0009571527183546462,0.007497543856661881,0.0009188007622573939,0.0009371929820827351
44,102,token_102,0.0009625720476355774,0.0059085608216890816,0.0008332746121087293,0.0008440801173841545
44,103,token_103,0.00195956366451836,0.0112251672214471,0.0018949964909902002,0.0018708612035745165
44,104,token_104,5.262091853889151e-05,0.00024736458360026065,4.980391508131639e-05,4.9472916720052126e-05
44,105,token_105,0.0003824391382704797,0.0014565484992124771,0.0003577373107284268,0.0003641371248031193
44,106,token_106,2.7306794092412217e-05,8.084698885462033e-05,2.6488417159724015e-05,2.6948996284873445e-05
44,107,token_107,0.00030167664690801713,0.0006063645588673567,0.00030408565894907505,0.00030318227943367833
44,108,token_108,0.002832565014713481,0.002832565014713481,0.002832565014713481,0.002832565014713481
45,0,token_0,0.00031855369244412473,0.00819133000868285,0.00027171670128011815,0.0002729174619621675
45,1,token_1,0.00046687439270611024,0.018413837020754623,0.0004291233556341076,0.0004395000054702793
45,2,token_2,0.0003769937569290957,0.008535709734573266,0.0003315932514727737,0.0003358589245287578
45,3,token_3,0.0019150784620420136,0.031301386097600886,0.0016634953558990779,0.0017385263883275147
45,4,token_4,0.00017534234011958112,0.007777241580951856,0.0001776629450546006,0.00017966020891879304
45,5,token_5,7.015625904844487e-05,15.306089780976906,0.0012475203105705985,5.867676011148075e-05
45,6,token_6,7.03249968566854e-05,0.014338318532675413,7.725441617216942e-05,5.855518903360087e-05
45,7,token_7,0.0009062306255556645,0.017124118973184617,0.0007318400930117119,0.0007342058369204173
45,8,token_8,0.0004454989376376387,0.02439887301372335,0.0004052789069662426,0.00036156983990906966
45,9,token_9,0.00036279437996704356,0.03251572383004748,0.0003674495985863381,0.0003656617197433899
45,10,token_10,0.0004973183720550869,0.019752589512652855,0.00048434531366260014,0.0004752881455855076
45,11,token_11,0.0006336263753345964,0.023735325848812817,0.000579282634486111,0.0005670089643536026
45,12,token_12,4.723471920250631e-05,0.017272705040520808,5.3993687824268404e-05,4.455386679406218e-05
45,13,token_13,0.00047947901533583654,0.009883475996169693,0.00043875102936524713,0.00044654417004794794
45,14,token_14,0.0002690069297653404,0.01782344411865553,0.0002543013834590215,0.0002595938252412635
45,15,token_15,0.001920534040010988,0.03257746017739662,0.0018648243691291187,0.0019628249889410802
45,16,token_16,0.00018680794877653552,0.016309942389023162,0.0001676269491356908,0.00017251628310027635
45,17,token_17,0.000501404199653706,0.01639476961157835,0.0004296083914889894,0.0004393749600248304
45,18,token_18,3.495127428098146e-05,0.003651097952705006,3.3900193895421194e-05,3.4089801018465016e-05
45,19,token_19,1.1696433419391381e-05,0.003979592781743962,1.2769741350590955e-05,9.935498367828284e-06
45,20,token_20,0.0014302664735877752,0.02404844433861567,0.001334988932058414,0.001370673515744577
45,21,token_21,0.00011942965340161355,0.0037661002413535566,0.0001065117558935313,0.00010920054081073041
45,22,token_22,0.0002531942410212147,0.005661182680118015,0.0002341509869317495,0.0002423948134516355
45,23,token_23,0.00017333970524814228,15.496852715940454,0.04147325639098049,0.0001307551106513319
45,24,token_24,0.00016629414767086527,0.03209849813375864,0.00021229593702705866,0.00016580124092098776
45,25,token_25,0.00013014064214864095,0.02741266907579208,0.00011905943735742575,0.00011422155375502106
45,26,token_26,0.0001125842856595397,0.06712036090443663,0.00010395329601682642,9.647993229544901e-05
45,27,token_27,0.00013251273883064507,0.01912757503612497,0.00011204735344341538,0.00011533539051196449
45,28,token_28,0.0006181730142234629,0.08742114714802916,0.0006681454145880835,0.0005508334405973697
45,29,token_29,2.201492004194021e-05,0.01249372863843624,2.1100559439243694e-05,2.0324425728907355e-05
45,30,token_30,0.0002608279197094061,0.018084553804631868,0.00022322572756403034,0.00021383052681525416
45,31,token_31,0.000177322134460797,0.00563383353849573,0.00015922795873297483,0.0001640430005072792
45,32,token_32,1.6366913378392633e-05,0.01031873342919068,3.680896904207327e-05,1.3749257144621273e-05
45,33,token_33,0.0003795760960852946,0.011302724268345256,0.00033666624893744174,0.0003401428969216661
45,34,token_34,0.00093625852364127,0.023696629685598974,0.0008848475615548472,0.000912963708873374
45,35,token_35,0.00037542998714406613,0.01656465949015743,0.0003276811124653642,0.0003235081331181359
45,36,token_36,0.006101114918988148,0.09201015725626238,0.006146672474570427,0.006399198808312589
45,37,token_37,0.0005012583467803748,0.01293609088103586,0.0005277592434643686,0.0005419841188944721
45,38,token_38,0.0006410784388687119,0.031155591619845133,0.000556765942484589,0.0005161198449580075
45,39,token_39,0.00021556335564843954,0.010880669425969122,0.00018748688940289722,0.00019173683849619695
45,40,token_40,5.564489803829505e-05,0.006346024367659437,5.7370458918857114e-05,5.044745143318177e-05
45,41,token_41,0.002794507121329331,0.05923894895720698,0.0023140378216115164,0.002381383354153585
45,42,token_42,4.333697152285551e-05,0.011954319666645142,4.8757136307823875e-05,3.7057241195077536e-05
45,43,token_43,0.0003348444518445126,0.015164450657942478,0.00029915362961903673,0.000305519567959433
45,44,token_44,5.649595952088506e-05,0.008577038482262319,5.856927365547241e-05,5.281897457447333e-05
45,45,token_45,0.00013535993673128967,0.06590686440170443,0.0002747562177162999,0.00012691802773386388
45,46,token_46,0.0008997964431410119,0.02313564020126929,0.0008608263103486102,0.0009065768988083618
45,47,token_47,0.9236713153671225,13.068683099754853,0.8897556220853223,0.9314573149043567
45,48,token_48,6.812767764594913e-05,0.006526872789944926,6.143676356504897e-05,6.276973911523273e-05
45,49,token_49,5.6054870083128615e-05,0.011889637604044233,5.659402215524752e-05,5.562766655132718e-05
45,50,token_50,0.00014714808678643066,0.02150842282869204,0.00013223745068890693,0.00012424693155555454
45,51,token_51,0.000871826251157549,0.014351106154753426,0.000717336268177617,0.0007344972486815189
45,52,token_52,7.06689013989246e-05,0.007320588340252503,7.20310684711765e-05,7.157936018252126e-05
45,53,token_53,0.00829236995981666,0.11591490746429564,0.007426571258206402,0.007571132547682562
45,54,token_54,0.00042150341281236886,0.036710770367209045,0.0003822586465462498,0.0003837222634827099
45,55,token_55,0.0005679520885773162,0.021125070542230315,0.0005244450251931695,0.0005325838483492908
45,56,token_56,0.001224489200369198,0.035683624499677075,0.0010963668151397284,0.001120671602653363
45,57,token_57,0.0011870197436277868,0.02746645417789801,0.0011658417176146551,0.0012014993150476798
45,58,token_58,7.205201405865214e-05,0.010695560848873424,7.085852380736735e-05,7.158523853906308e-05
45,59,token_59,0.0005158837251965677,0.02373265880198133,0.00042977162554488934,0.00042090539022727406
45,60,token_60,4.695692261588148e-05,0.0073802529257665905,4.752158856677226e-05,4.106042880964014e-05
45,61,token_61,0.00012753223533001033,0.022808217663397613,0.00012820198125303557,0.00012134453033178663
45,62,token_62,0.0006756772407460022,0.01576918432315909,0.0005383346230987228,0.0005508886090878813
45,63,token_63,0.0012029265917811198,0.05065191941438005,0.0012435538785991029,0.001324396309146836
45,64,token_64,4.2465396848172414e-05,0.005334639548047313,5.13839069553522e-05,4.200025197430182e-05
45,65,token_65,0.00027656786172540666,0.01083217177597971,0.00024137023017567285,0.0002615237090992589
45,66,token_66,7.811470555486958e-05,0.01572532358635687,7.169864910204165e-05,6.933469108542556e-05
45,67,token_67,7.34828056893298e-05,0.03236364379568016,7.765934965136795e-05,7.013152780911291e-05
45,68,token_68,0.000489582537767758,0.03395246044483933,0.0003918033508273264,0.0003934391186911797
45,69,token_69,6.818385048392434e-05,0.005184503784321697,6.693948599693325e-05,6.456592082016705e-05
45,70,token_70,0.0013425564443204662,0.023731244702132854,0.0012376247466676228,0.0012605450589112776
45,71,token_71,3.948874648604735e-05,0.016148936084725236,7.577222232488302e-05,3.771957406605091e-05
45,72,token_72,0.0002842075068282007,0.016084454959193546,0.00028026800366915956,0.00028881509651125465
45,73,token_73,0.0010539635469770181,0.019802600742679546,0.0009826759062899336,0.0010294817838600735
45,74,token_74,6.198102202340946e-05,0.054247193595737576,0.00019542871106731184,5.4752689182600156e-05
45,75,token_75,0.001965917006232977,0.08126639595076254,0.0017878961048250499,0.001647411828649395
45,76,token_76,1.223840318807591e-05,0.005595469381081347,1.544415843381296e-05,9.680621839626035e-06
45,77,token_77,4.671110591245891e-05,0.023411965887578167,7.13569572055697e-05,3.69925964421013e-05
45,78,token_78,0.0004208930705434481,0.007269590629827681,0.0003474261265108608,0.0003437046674967857
45,79,token_79,0.0002940757241682142,0.004636851123603099,0.0002524131093269179,0.0002626773072066218
45,80,token_80,8.823462795537598e-05,0.0023051405572915244,9.095559648832744e-05,9.427936505482785e-05
45,81,token_81,3.883856059132101e-05,0.005531630979511508,4.9736765370173665e-05,3.5260255886783785e-05
45,82,token_82,5.698161350812533e-05,0.009834281160142615,7.693197271934638e-05,4.841605285585355e-05
45,83,token_83,7.226064233403e-05,0.001614191233007385,6.41289532233669e-05,6.27637205902325e-05
45,84,token_84,0.007849509580737775,0.10867133005157409,0.007439632816269694,0.007743679544376475
45,85,token_85,0.0002993671405092838,0.006738533833218478,0.00027441228638234446,0.00025747953814614946
45,86,token_86,0.00026191799075177323,0.004390976407500815,0.00023715822480278788,0.00024286953196964671
45,87,token_87,0.005024097578864805,0.06611415169537223,0.004523340355364141,0.004726322458684125
45,88,token_88,9.724157389378732e-05,0.0033546559921403315,9.716082801765104e-05,8.730126889577665e-05
45,89,token_89,0.002121433684040656,0.028181465682990806,0.001830987734519108,0.0018835983523889323
45,90,token_90,1.0693868298945222e-05,0.000268184601721676,1.101727186951254e-05,1.057065148970244e-05
45,91,token_91,0.001434381737239592,0.020301398294374058,0.0013701230836664663,0.0014408470309566484
45,92,token_92,1.615402480966245e-05,0.0008006429907096,2.0578529699390892e-05,1.436343021037915e-05
45,93,token_93,1.342787838253248e-05,0.00048377441923309466,1.6765078655998665e-05,1.284237575714725e-05
45,94,token_94,7.565779593349615e-05,0.001252923194350824,7.144905646675728e-05,6.725350104085777e-05
45,95,token_95,0.00024621381062163786,0.0034282379976643875,0.00022480099870486218,0.0002247880917716111
45,96,token_96,1.7224215836329715e-05,0.00019853683711584019,1.4577340937531492e-05,1.4091810599081176e-05
45,97,token_97,0.00031300097359117986,0.003976285034211828,0.0003053872639837557,0.00030148751137889607
45,98,token_98,5.961130718057954e-05,0.0005482299533761863,4.61703863643665e-05,4.4567295003067597e-05
45,99,token_99,0.0011110435043722583,0.01074578338250164,0.0009713943021841969,0.0009374777411074917
45,100,token_100,4.510297529908585e-05,0.0004177826917296871,4.299990291753012e-05,4.0805081523354195e-05
45,101,token_101,0.0010318808650444029,0.008529424721706284,0.0009414167828147957,0.0009481305194860095
45,102,token_102,0.0010440157698279038,0.006952576591516985,0.0008754228436525643,0.0008690720739396231
45,103,token_103,0.0018529476365188853,0.013078114857965985,0.0018865867200959373,0.0018683021225665692
45,104,token_104,5.375568525729182e-05,0.0003011202688575525,5.0594269116511475e-05,5.0186711476258744e-05
45,105,token_105,0.00038942381456231963,0.0018459723137747967,0.0003640746114952053,0.00036919446275495934
45,106,token_106,3.029298236909677e-05,0.0001111399712237171,2.7249330201598567e-05,2.7784992805929275e-05
45,107,token_107,0.00040001723992787684,0.0010063817987952335,0.0003232719751448354,0.00033546059959841117
45,108,token_108,0.003190297747608036,0.006022862762321517,0.002904111561292392,0.0030114313811607585
45,109,token_109,0.00021239976044793834,0.00021239976044793834,0.00021239976044793834,0.00021239976044793834
46,0,token_0,0.0002988393768785842,0.008490169385561434,0.00027714123639981136,0.00028346665537633064
46,1,token_1,0.000421539798255173,0.018835376819009795,0.00042760664415832073,0.0004354374711954469
46,2,token_2,0.0003054904492694502,0.008841200183842716,0.000326372691032109,0.0003325528335965302
46,3,token_3,0.001777538622660399,0.033078924720261284,0.0016863040092513423,0.0017395705671285336
46,4,token_4,0.00018768955633970824,0.007964931137291565,0.00017966826731162213,0.00018042303542139388
46,5,token_5,5.262813124365393e-05,15.30614240910815,0.0010085418747052097,5.7496939721825575e-05
46,6,token_6,7.294998807679921e-05,0.014411268520752212,7.639353055309538e-05,6.151763286491247e-05
46,7,token_7,0.0006723302285788443,0.017796449201763462,0.0007199381201251384,0.0007365806683517059
46,8,token_8,0.0003941248267864105,0.02479299784050976,0.00040304809093027615,0.0003710593819475159
46,9,token_9,0.00033715981778253376,0.03285288364783001,0.0003613916424255772,0.00036370475272556635
46,10,token_10,0.0005986788505822078,0.020351268363235062,0.0005072120210465217,0.0004914494510023006
46,11,token_11,0.000647312815603157,0.024382638664415975,0.0005928886707095202,0.0005747448536446342
46,12,token_12,4.3863192508633095e-05,0.01731656823302944,5.196758876114135e-05,4.495818337989127e-05
46,13,token_13,0.0004101208165555271,0.010293596812725219,0.0004330249868033032,0.00044509536572702566
46,14,token_14,0.00025922761385320286,0.018082671732508732,0.0002552866295378578,0.0002596446109505286
46,15,token_15,0.0021165099711162884,0.03469397014851291,0.0019151614895265528,0.0019637594914530144
46,16,token_16,0.00017777329313499075,0.016487715682158153,0.0001696562179355508,0.00017570139109247823
46,17,token_17,0.0003730098382848623,0.016767779449863213,0.00041828868084816404,0.0004383040146259002
46,18,token_18,2.5455871969901434e-05,0.0036765538246749073,3.2211329510317246e-05,3.343910779003459e-05
46,19,token_19,7.602154449711732e-06,0.003987194936193673,1.1736223970415111e-05,9.864660006794239e-06
46,20,token_20,0.001346069150472409,0.025394513489088076,0.0013372049757412131,0.0013767044546957733
46,21,token_21,9.727091284823265e-05,0.0038633711542017894,0.00010466358728447158,0.00010822633616679716
46,22,token_22,0.00025171675008977277,0.005912899430207787,0.00023766413956335418,0.0002447902048419603
46,23,token_23,0.00013356681902419596,15.496986282759478,0.03320531847658923,0.0001308101204039142
46,24,token_24,0.00016275765417185818,0.032261255787930494,0.00020238828045601856,0.00016527473327165634
46,25,token_25,0.00011470159748952808,0.02752737067328161,0.00011818786938384623,0.00011553899983479185
46,26,token_26,8.715137926219258e-05,0.06720751228369883,0.00010059291266589966,9.570060928174518e-05
46,27,token_27,0.00013040265813187474,0.019257977694256842,0.00011571841438110726,0.0001160356131014637
46,28,token_28,0.0005061334617212905,0.08792728060975046,0.0006357430240147249,0.0005428959968404425
46,29,token_29,1.7849087594232135e-05,0.012511577726030473,2.0450265070241383e-05,2.0164013605213038e-05
46,30,token_30,0.00020849493294355416,0.018293048737575424,0.00022027956863993512,0.0002169806539024384
46,31,token_31,0.00014965356804157604,0.005783487106537306,0.00015731308059469508,0.00016494760974161986
46,32,token_32,1.353626031413421e-05,0.010332269689504814,3.2154427296485464e-05,1.37537005942839e-05
46,33,token_33,0.0003964847220116597,0.011699208990356915,0.0003486299435522854,0.00035114235030676177
46,34,token_34,0.0009237028711611705,0.024620332556760143,0.000892618623476112,0.0009198731351279125
46,35,token_35,0.0003849063561259804,0.01694956584628341,0.00033912616119748747,0.00033811203431854194
46,36,token_36,0.006477749248539506,0.09848790650480188,0.006212887829364243,0.0064489071045149525
46,37,token_37,0.000613578628607316,0.013549669509643175,0.0005449231204929582,0.0005539526098569414
46,38,token_38,0.0005773994909924703,0.031732991110837605,0.0005608926521861653,0.0005204342732556015
46,39,token_39,0.00019653973436140835,0.01107720916033053,0.00018929745839459946,0.000188341317409605
46,40,token_40,5.80399310321843e-05,0.006404064298691622,5.7504353341522555e-05,5.1752471648061286e-05
46,41,token_41,0.0020478658914353455,0.061286814848642325,0.002260803435576282,0.0023245153782523553
46,42,token_42,4.204349838502444e-05,0.011996363165030166,4.741440872326399e-05,3.814793423975239e-05
46,43,token_43,0.00026014456938109573,0.015424595227323574,0.00029135181757144855,0.00030079565204283706
46,44,token_44,4.41947723120536e-05,0.008621233254574373,5.569437338678865e-05,5.2064870236796485e-05
46,45,token_45,0.0001295931157077519,0.06603645751741218,0.0002457235973145903,0.00012681961687789742
46,46,token_46,0.0007645716530750793,0.023900211854344367,0.0008415753788939041,0.0008947867446722048
46,47,token_47,0.9303874113791939,13.999070511134047,0.8978819799440967,0.930669476340362
46,48,token_48,5.574818505592271e-05,0.006582620975000848,6.029904786322372e-05,6.202006967199352e-05
46,49,token_49,5.2335246987617566e-05,0.011941972851031851,5.5742267121721534e-05,5.446586743093515e-05
46,50,token_50,0.00011988334692797415,0.021628306175620015,0.00012976662993672037,0.00012559651462591231
46,51,token_51,0.0007184609516249846,0.01506956710637841,0.0007175612048670905,0.0007382910215089465
46,52,token_52,6.853640879850425e-05,0.0073891247490510065,7.133213653664205e-05,7.088966320999531e-05
46,53,token_53,0.007207883933333084,0.12312279139762873,0.007382833793231739,0.007634364986567879
46,54,token_54,0.0004141007438993743,0.03712487111110842,0.00038862706601687475,0.00038930780165401875
46,55,token_55,0.0005604637229244686,0.021685534265154783,0.0005316487647394294,0.0005461888477865048
46,56,token_56,0.00110972990069509,0.036793354400372166,0.0010990394322508007,0.0011272461111480915
46,57,token_57,0.0009727725565953003,0.02843922673449331,0.0011272278854107841,0.0011685584083608756
46,58,token_58,6.398748714015385e-05,0.010759548336013579,6.948431647392465e-05,7.153001344035689e-05
46,59,token_59,0.00045655651751496615,0.024189215319496294,0.00043512860393890476,0.00042544192842956596
46,60,token_60,3.915263295019441e-05,0.007419405558716785,4.58477974434567e-05,4.078938926432592e-05
46,61,token_61,9.281721954812563e-05,0.022901034882945738,0.0001211250289120536,0.00011801149421598464
46,62,token_62,0.000575976246953472,0.01634516057011256,0.0005458629478696727,0.0005558919990097703
46,63,token_63,0.0012436082630869264,0.051895527677466975,0.0012435647554966678,0.0012826889284539885
46,64,token_64,3.9019061826629334e-05,0.005373658609873942,4.891093792960763e-05,4.217458262816579e-05
46,65,token_65,0.0002347389232276178,0.011066910699207328,0.00024004396878606185,0.00025649147590739896
46,66,token_66,6.816978285919006e-05,0.01579349336921606,7.099287585347133e-05,6.920956027988887e-05
46,67,token_67,6.242358223503862e-05,0.032426067377915195,7.461219616810209e-05,6.952818723230613e-05
46,68,token_68,0.0003635013162092025,0.03431596176104853,0.0003861429439037017,0.0003874991275363275
46,69,token_69,7.650433967987883e-05,0.005261008124001576,6.885245673352237e-05,6.750821037333638e-05
46,70,token_70,0.001487023368063315,0.02521826807019617,0.0012875044709467613,0.0012989795991555522
46,71,token_71,3.553623124206008e-05,0.016184472315967296,6.772502410831844e-05,3.838207033333418e-05
46,72,token_72,0.00023877000870411059,0.016323224967897655,0.0002719684046761498,0.000284980648306429
46,73,token_73,0.0009478098298618536,0.0207504105725414,0.0009757026910043177,0.0010099114872768125
46,74,token_74,4.871311329110124e-05,0.05429590670902868,0.00016608559151206975,5.4233083673794226e-05
46,75,token_75,0.001843908053277843,0.08311030400404039,0.0017990984945156084,0.0016936360751290598
46,76,token_76,8.841193510573804e-06,0.00560431057459192,1.412356544916513e-05,9.633191070682658e-06
46,77,token_77,3.355223275312002e-05,0.02344551812033129,6.379601231507977e-05,3.705368611059107e-05
46,78,token_78,0.0003600321459267607,0.0076296227757544416,0.00034994733039404077,0.0003498659633787183
46,79,token_79,0.00021686410165605292,0.004853715225259152,0.00024530330779274495,0.00025941735101920997
46,80,token_80,8.786943522231447e-05,0.0023930099925138387,9.033836423512485e-05,9.387601417131765e-05
46,81,token_81,3.8756358063354404e-05,0.005570387337574863,4.7540683908809815e-05,3.608278030693328e-05
46,82,token_82,5.092231178984959e-05,0.009885203471932464,7.173004053344703e-05,4.913993473657087e-05
46,83,token_83,6.135427634702802e-05,0.0016755455093544129,6.357401784809914e-05,6.36900500166781e-05
46,84,token_84,0.006808807992562867,0.11548013804413695,0.0073134678515283285,0.007671148114742453
46,85,token_85,0.0003428082201363001,0.007081342053354778,0.0002880914731331356,0.0002748745448488124
46,86,token_86,0.00020719689044644188,0.004598173297947257,0.0002311659579315187,0.00023663383722142387
46,87,token_87,0.004756168597711764,0.07087032029308399,0.0045699060038336655,0.004743331872627182
46,88,token_88,7.6630205763182e-05,0.0034312861979035134,9.305470356675724e-05,8.728712726296245e-05
46,89,token_89,0.0018210220852551379,0.030002487768245944,0.001828994604666314,0.0018911216264949314
46,90,token_90,9.584980813437145e-06,0.0002777695825351131,1.0730813658297462e-05,1.0492219537653661e-05
46,91,token_91,0.0012919977887605302,0.021593396083134587,0.0013544980246852792,0.0014127273323946614
46,92,token_92,1.4222993162219445e-05,0.0008148659838718195,1.9307422391956603e-05,1.4515218783998848e-05
46,93,token_93,1.1726519360913602e-05,0.0004955009385940082,1.5757366796981655e-05,1.2913255313856978e-05
46,94,token_94,7.764129950339577e-05,0.00133056449385422,7.268750507408498e-05,6.92219044197854e-05
46,95,token_95,0.00022359648243177365,0.0036518344800961612,0.00022456009545024447,0.0002248583683746957
46,96,token_96,1.383441565347638e-05,0.00021237125276931656,1.442875588072047e-05,1.4463758031155912e-05
46,97,token_97,0.00032443387988954995,0.004300718914101378,0.00030919658716491453,0.000305363050690327
46,98,token_98,5.1473828003341794e-05,0.0005997037813795281,4.723107469216156e-05,4.606838204046309e-05
46,99,token_99,0.0010124845878106198,0.01175826797031226,0.0009796123593094814,0.0009678912268916177
46,100,token_100,4.393039158567265e-05,0.00046171308331535975,4.318600065115863e-05,4.169306406922208e-05
46,101,token_101,0.0009725356319698835,0.009501960353676167,0.0009476405526458133,0.0009309650377300379
46,102,token_102,0.0008106505310360503,0.007763227122553036,0.0008624683811292615,0.0008786947285220052
46,103,token_103,0.0014737886340083649,0.01455190349197435,0.001804027102878423,0.0018189879364967937
46,104,token_104,6.458834855356694e-05,0.0003657086174111194,5.339308500392257e-05,5.224408820158849e-05
46,105,token_105,0.00040283669318559877,0.0022488090069603954,0.000371827027833284,0.0003748015011600659
46,106,token_106,2.4437349971431365e-05,0.00013557732119514847,2.668693415556513e-05,2.7115464239029696e-05
46,107,token_107,0.0002932409119655004,0.001299622710760734,0.0003172657625089684,0.0003249056776901835
46,108,token_108,0.0027086718776904543,0.008731534640011971,0.0028650236245720048,0.0029105115466706573
46,109,token_109,0.00018968807964523385,0.0004020878400931722,0.00020785742428739744,0.0002010439200465861
46,110,token_110,0.0002123024449832771,0.0002123024449832771,0.0002123024449832771,0.0002123024449832771
47,0,token_0,0.00021225136056867762,0.008702420746130111,0.0002641632612335846,0.0002768025759731556
47,1,token_1,0.00036107731482803193,0.019196454133837828,0.000414300778292263,0.0004219025155479169
47,2,token_2,0.000298144718391908,0.009139344902234624,0.00032072709650406877,0.00032035973620986834
47,3,token_3,0.0017418295422543424,0.03482075426251563,0.0016974091158519426,0.0017284031352104846
47,4,token_4,0.00013959654332675565,0.00810452768061832,0.00017165392251464884,0.00017602034090471286
47,5,token_5,5.6549121425341655e-05,15.306198958229574,0.0008181433240492361,5.6796543713454844e-05
47,6,token_6,5.442819481799612e-05,0.014465696715570207,7.200046340607553e-05,6.050404798101833e-05
47,7,token_7,0.0006505755152537225,0.018447024717017185,0.0007060655991508553,0.0007226670087569006
47,8,token_8,0.0003485508020372624,0.025141548642547022,0.0003921486331516734,0.00036565024322983284
47,9,token_9,0.000281790638016404,0.03313467428584641,0.0003454714415437426,0.0003522065680035199
47,10,token_10,0.00046604340328395004,0.020817311766519013,0.0004989782974940074,0.0004827735090029426
47,11,token_11,0.0006068957544718556,0.02498953441888783,0.0005956900874619874,0.0005745056490211808
47,12,token_12,3.637446766326081e-05,0.0173529427006927,4.884896454156525e-05,4.377526668486499e-05
47,13,token_13,0.00035611053167438706,0.010649707344399606,0.00041764209577752,0.00042947677327968495
47,14,token_14,0.00025503887994663814,0.01833771061245537,0.00025523707961961386,0.00025630046369315256
47,15,token_15,0.0019900820902267586,0.03668405223873967,0.0019301456096665942,0.0019547064073011673
47,16,token_16,0.00014011542945913195,0.016627831111617284,0.00016374806024026706,0.00017015048722766638
47,17,token_17,0.0003803100204708553,0.01714808947033407,0.0004106929487727023,0.00042456683778442606
47,18,token_18,2.5058889168731604e-05,0.003701612713843639,3.078084144200012e-05,3.195222093194932e-05
47,19,token_19,8.386719689570143e-06,0.003995581655883243,1.1066323114246119e-05,9.566129612156572e-06
47,20,token_20,0.0011330407838656964,0.026527554272953772,0.0012963721373661099,0.0013470572500016678
47,21,token_21,0.00010477925126200353,0.003968150405463793,0.00010468672007997798,0.00010474207635540253
47,22,token_22,0.00021480740460720393,0.006127706834814991,0.00023309279257212415,0.00023924093749773617
47,23,token_23,0.00012693846231230386,15.49711322122179,0.026589642473733847,0.00013021902499485948
47,24,token_24,0.00014306698953067234,0.032404322777461164,0.00019052402227094935,0.00016061990789040001
47,25,token_25,0.0001026425705764719,0.02763001324385808,0.00011507880962237137,0.00011219937719403856
47,26,token_26,8.78709806824387e-05,0.06729538326438127,9.804852626920747e-05,9.269933155688685e-05
47,27,token_27,0.00011488598356865813,0.0193728636778255,0.00011555192821861744,0.00011409181574251422
47,28,token_28,0.000552061468057564,0.08847934207780801,0.0006190067128232929,0.0005448528931236787
47,29,token_29,1.6997694477456523e-05,0.012528575420507929,1.9759750951684413e-05,1.9695546110425507e-05
47,30,token_30,0.00015287476536827242,0.018445923502943697,0.0002067986079856026,0.00021134869546621273
47,31,token_31,0.00011138928309880716,0.005894876389636114,0.0001481283210955175,0.00015586060118833952
47,32,token_32,1.0480717932626781e-05,0.010342750407437441,2.7819685423713727e-05,1.2895065554110301e-05
47,33,token_33,0.0003443843076737156,0.012043593298030631,0.00034778081637657144,0.00034856943056564793
47,34,token_34,0.0009210033318188568,0.025541335888579,0.000898295565144661,0.0009197027218282518
47,35,token_35,0.0003096056124321091,0.01725917145871552,0.0003332220514444118,0.0003389407868052817
47,36,token_36,0.006493600787484199,0.10498150729228609,0.006269030420988235,0.006460845122555992
47,37,token_37,0.0005474828132700062,0.01409715232291318,0.0005454350590483678,0.0005473791780485119
47,38,token_38,0.0006094675259377406,0.032342458636775345,0.0005706076269364804,0.0005302568120935566
47,39,token_39,0.00015991074292081203,0.011237119903251342,0.000183420115299842,0.00018177268753981365
47,40,token_40,3.916833089506933e-05,0.006443232629586691,5.383714885223191e-05,4.9746978507806704e-05
47,41,token_41,0.0024845923197005224,0.06377140716834284,0.0023055612124011303,0.0023187326272749885
47,42,token_42,3.954776493458944e-05,0.012035910929964755,4.584107996552908e-05,3.8015735842650404e-05
47,43,token_43,0.0002579270955459608,0.015682522322869534,0.000284666873166351,0.00029312289178331255
47,44,token_44,4.439307410794833e-05,0.008665626328682322,5.3434113531020594e-05,5.0837725306519734e-05
47,45,token_45,0.00012285846492980044,0.06615931598234198,0.00022115057083763235,0.0001265821420391779
47,46,token_46,0.0007393207459546646,0.02463953260029903,0.0008211244523060562,0.0008605290744658745
47,47,token_47,0.9313029770909114,14.930373488224959,0.9045661793734597,0.9308120206752433
47,48,token_48,5.2456472877541405e-05,0.006635077447878389,5.873053286608726e-05,6.015673864233173e-05
47,49,token_49,6.216047083314655e-05,0.012004133321864998,5.702590786400654e-05,5.505908394671285e-05
47,50,token_50,0.00010769097102717999,0.021735997146647194,0.0001253514981548123,0.00012234446282456462
47,51,token_51,0.0007766568399498202,0.01584622394632823,0.0007293803318836364,0.0007396994903583018
47,52,token_52,5.487324066428172e-05,0.007443997989715288,6.804035736216999e-05,6.867210854190563e-05
47,53,token_53,0.0068132968483335145,0.12993608824596226,0.007268926404252095,0.007564383200444313
47,54,token_54,0.00039057304081927387,0.037515444151927695,0.0003890162609773546,0.00038538171004647053
47,55,token_55,0.00041106619696044564,0.02209660046211523,0.0005075322511836327,0.0005365274609616798
47,56,token_56,0.0009448142099565811,0.03773816861032875,0.001068194387791957,0.0011098361219023668
47,57,token_57,0.0010910958369844115,0.029530322571477724,0.0011200014757255096,0.0011648203677516408
47,58,token_58,5.958421513437359e-05,0.010819132551147952,6.750429620601444e-05,6.963594212106117e-05
47,59,token_59,0.00036497699427751696,0.02455419231377381,0.0004210982820066272,0.0004188258204558639
47,60,token_60,3.838391346633855e-05,0.007457789472183124,4.4355020648033066e-05,3.9886905168894846e-05
47,61,token_61,0.00010697214798992872,0.023008007030935668,0.00011829445272762862,0.00011637824709253928
47,62,token_62,0.0005671800052857937,0.016912340575398352,0.0005501263593528969,0.0005537701404039847
47,63,token_63,0.0013514405481639263,0.0532469682256309,0.0012651399140301196,0.0012689254287904872
47,64,token_64,3.3727129036630526e-05,0.005407385738910572,4.587417615101221e-05,4.131658279144444e-05
47,65,token_65,0.00022963731804128494,0.011296548017248614,0.0002379626386371065,0.0002431418241753561
47,66,token_66,6.275518595688138e-05,0.015856248555172942,6.934533787415335e-05,6.796448128897126e-05
47,67,token_67,5.859233077159593e-05,0.03248465970868679,7.140822308880087e-05,6.843973326059303e-05
47,68,token_68,0.00033782148667374517,0.034653783247722274,0.00037647865245771044,0.0003742079601249755
47,69,token_69,5.453324286694468e-05,0.00531554136686852,6.598861396020683e-05,6.612887120795752e-05
47,70,token_70,0.0013681360292371483,0.02658640409943332,0.0013036307826048386,0.0012971809690828621
47,71,token_71,2.930230753504707e-05,0.016213774623502344,6.0040480793664174e-05,3.6196684895449074e-05
47,72,token_72,0.0002470720575946472,0.016570297025492304,0.0002669891352598493,0.00027695385804607937
47,73,token_73,0.0013327578435041044,0.022083168416045504,0.001047113721504275,0.0010165944955264974
47,74,token_74,4.509625151754782e-05,0.05434100296054623,0.00014188772351316536,5.203827894101162e-05
47,75,token_75,0.001590114524806084,0.08470041852884647,0.0017573017005737038,0.001677612978845642
47,76,token_76,8.962576793361124e-06,0.005613273151385281,1.309136771800433e-05,9.272025709838338e-06
47,77,token_77,3.473218601874071e-05,0.02348025030635003,5.798324705581196e-05,3.6459071327253895e-05
47,78,token_78,0.0003344129653595673,0.007964035741114008,0.00034684045738714607,0.0003466795869513495
47,79,token_79,0.00024696342247583047,0.005100678647734983,0.00024563533072936204,0.0002531818379596607
47,80,token_80,8.006053139031626e-05,0.002473070523904155,8.828279766616314e-05,9.186964591994596e-05
47,81,token_81,2.959227576823071e-05,0.005599979613343093,4.3951002280694e-05,3.5391204762736735e-05
47,82,token_82,4.240441452230363e-05,0.009927607886454767,6.586491533121835e-05,4.842629461775994e-05
47,83,token_83,5.236888198939905e-05,0.0017279143913438118,6.133299067635913e-05,6.21489436449184e-05
47,84,token_84,0.008161845557916996,0.12364198360205395,0.007483143392806062,0.007773531559526533
47,85,token_85,0.00022396742563864788,0.007305309478993426,0.0002752666636342381,0.0002725764989295521
47,86,token_86,0.0002462661219124332,0.00484443941985969,0.00023418599072770163,0.00023507675190861103
47,87,token_87,0.004337621243241145,0.07520794153632514,0.004523449051715161,0.004624416046944233
47,88,token_88,7.341486010225415e-05,0.0035047010580057675,8.912673487385663e-05,8.556336019270916e-05
47,89,token_89,0.0017815494420812808,0.03178403721032722,0.0018195055721493074,0.0018721704173067532
47,90,token_90,9.830730277894665e-06,0.00028760031281300775,1.0550796982216903e-05,1.0230903583061904e-05
47,91,token_91,0.0014738562558395518,0.023067252338974137,0.0013783696709161338,0.0014085321803628805
47,92,token_92,1.1496965118297082e-05,0.0008263629489901166,1.77453309372247e-05,1.384665265071674e-05
47,93,token_93,9.330338641177068e-06,0.0005048312772351853,1.447196116582074e-05,1.2287879127561092e-05
47,94,token_94,6.210898547302601e-05,0.001392673479327246,7.057180115387318e-05,6.71724411558984e-05
47,95,token_95,0.00018441918472545144,0.0038362536648216127,0.0002165319133052859,0.0002158607470335352
47,96,token_96,1.129430931353538e-05,0.00022366556208285195,1.3801866567283453e-05,1.3893256688053775e-05
47,97,token_97,0.00027744825264346124,0.0045781671667448395,0.0003028469202606239,0.0002999567025575043
47,98,token_98,4.512518755132003e-05,0.0006448289689308481,4.680989726399326e-05,4.605253764456711e-05
47,99,token_99,0.0007839685630982979,0.012542236533410559,0.0009404836000672448,0.0009471781183353135
47,100,token_100,3.311059966170597e-05,0.0004948236829770658,4.11709204532681e-05,4.075005166740008e-05
47,101,token_101,0.001200735700625703,0.01070269605430187,0.0009982595822417913,0.0009411313755268682
47,102,token_102,0.000720931989379017,0.008484159111932052,0.0008341611027792127,0.0008522752196638952
47,103,token_103,0.001672465659230924,0.016224369151205273,0.001777714814148923,0.001789662168823146
47,104,token_104,4.599568723805554e-05,0.00041170430464917496,5.191360545074917e-05,5.146303808114687e-05
47,105,token_105,0.0004986919211981827,0.002747500928158578,0.0003972000065062638,0.0003925001325940826
47,106,token_106,2.5123121335004486e-05,0.00016070044253015296,2.6374171591453003e-05,2.6783407088358826e-05
47,107,token_107,0.0002625954557192059,0.0015622181664799398,0.0003063317011510159,0.00031244363329598795
47,108,token_108,0.00224301519862892,0.010974549838640891,0.002740621939383388,0.002743637459660223
47,109,token_109,0.00016135558290164618,0.0005634434229948184,0.0001985570560102472,0.00018781447433160613
47,110,token_110,0.00017115948781745081,0.0003834619328007279,0.00020407385355011184,0.00019173096640036396
47,111,token_111,0.00016172495727293347,0.00016172495727293347,0.00016172495727293347,0.00016172495727293347
